participant_id,task_id,bias,condition,response,step,normative,item,confidence,correct
0,asian_disease,framing,loss,gamble,,,,,
1,asian_disease,framing,loss,gamble,,,,,
2,asian_disease,framing,loss,gamble,,,,,
3,asian_disease,framing,loss,sure,,,,,
4,asian_disease,framing,loss,gamble,,,,,
5,asian_disease,framing,loss,gamble,,,,,
6,asian_disease,framing,gain,sure,,,,,
7,asian_disease,framing,gain,sure,,,,,
8,asian_disease,framing,gain,gamble,,,,,
9,asian_disease,framing,loss,gamble,,,,,
10,asian_disease,framing,loss,gamble,,,,,
11,asian_disease,framing,loss,gamble,,,,,
12,asian_disease,framing,loss,gamble,,,,,
13,asian_disease,framing,loss,gamble,,,,,
14,asian_disease,framing,loss,gamble,,,,,
15,asian_disease,framing,loss,gamble,,,,,
16,asian_disease,framing,gain,gamble,,,,,
17,asian_disease,framing,gain,gamble,,,,,
18,asian_disease,framing,loss,gamble,,,,,
19,asian_disease,framing,loss,sure,,,,,
20,asian_disease,framing,gain,sure,,,,,
21,asian_disease,framing,loss,gamble,,,,,
22,asian_disease,framing,loss,gamble,,,,,
23,asian_disease,framing,loss,sure,,,,,
24,asian_disease,framing,gain,gamble,,,,,
25,asian_disease,framing,loss,sure,,,,,
26,asian_disease,framing,loss,sure,,,,,
27,asian_disease,framing,gain,gamble,,,,,
28,asian_disease,framing,gain,gamble,,,,,
29,asian_disease,framing,loss,gamble,,,,,
30,asian_disease,framing,loss,gamble,,,,,
31,asian_disease,framing,gain,gamble,,,,,
32,asian_disease,framing,gain,gamble,,,,,
33,asian_disease,framing,loss,gamble,,,,,
34,asian_disease,framing,loss,gamble,,,,,
35,asian_disease,framing,gain,sure,,,,,
36,asian_disease,framing,loss,gamble,,,,,
37,asian_disease,framing,gain,sure,,,,,
38,asian_disease,framing,gain,sure,,,,,
39,asian_disease,framing,gain,sure,,,,,
40,asian_disease,framing,gain,sure,,,,,
41,asian_disease,framing,loss,gamble,,,,,
42,asian_disease,framing,loss,gamble,,,,,
43,asian_disease,framing,gain,gamble,,,,,
44,asian_disease,framing,gain,sure,,,,,
45,asian_disease,framing,gain,sure,,,,,
46,asian_disease,framing,gain,sure,,,,,
47,asian_disease,framing,gain,sure,,,,,
48,asian_disease,framing,loss,sure,,,,,
49,asian_disease,framing,gain,sure,,,,,
50,asian_disease,framing,loss,gamble,,,,,
51,asian_disease,framing,loss,gamble,,,,,
52,asian_disease,framing,gain,sure,,,,,
53,asian_disease,framing,loss,gamble,,,,,
54,asian_disease,framing,gain,gamble,,,,,
55,asian_disease,framing,loss,sure,,,,,
56,asian_disease,framing,gain,sure,,,,,
57,asian_disease,framing,loss,gamble,,,,,
58,asian_disease,framing,loss,gamble,,,,,
59,asian_disease,framing,gain,gamble,,,,,
60,asian_disease,framing,loss,gamble,,,,,
61,asian_disease,framing,loss,gamble,,,,,
62,asian_disease,framing,loss,gamble,,,,,
63,asian_disease,framing,loss,gamble,,,,,
64,asian_disease,framing,loss,gamble,,,,,
65,asian_disease,framing,loss,gamble,,,,,
66,asian_disease,framing,gain,sure,,,,,
67,asian_disease,framing,gain,sure,,,,,
68,asian_disease,framing,loss,gamble,,,,,
69,asian_disease,framing,loss,gamble,,,,,
70,asian_disease,framing,gain,gamble,,,,,
71,asian_disease,framing,gain,gamble,,,,,
72,asian_disease,framing,loss,sure,,,,,
73,asian_disease,framing,loss,gamble,,,,,
74,asian_disease,framing,gain,sure,,,,,
75,asian_disease,framing,gain,gamble,,,,,
76,asian_disease,framing,gain,sure,,,,,
77,asian_disease,framing,loss,sure,,,,,
78,asian_disease,framing,loss,gamble,,,,,
79,asian_disease,framing,loss,sure,,,,,
80,asian_disease,framing,loss,sure,,,,,
81,asian_disease,framing,gain,gamble,,,,,
82,asian_disease,framing,gain,gamble,,,,,
83,asian_disease,framing,loss,gamble,,,,,
84,asian_disease,framing,gain,gamble,,,,,
85,asian_disease,framing,gain,sure,,,,,
86,asian_disease,framing,loss,gamble,,,,,
87,asian_disease,framing,gain,sure,,,,,
88,asian_disease,framing,loss,gamble,,,,,
89,asian_disease,framing,loss,gamble,,,,,
90,asian_disease,framing,gain,gamble,,,,,
91,asian_disease,framing,loss,gamble,,,,,
92,asian_disease,framing,loss,gamble,,,,,
93,asian_disease,framing,gain,gamble,,,,,
94,asian_disease,framing,loss,gamble,,,,,
95,asian_disease,framing,gain,gamble,,,,,
96,asian_disease,framing,loss,gamble,,,,,
97,asian_disease,framing,gain,gamble,,,,,
98,asian_disease,framing,loss,gamble,,,,,
99,asian_disease,framing,gain,gamble,,,,,
100,asian_disease,framing,gain,gamble,,,,,
101,asian_disease,framing,loss,sure,,,,,
102,asian_disease,framing,gain,sure,,,,,
103,asian_disease,framing,gain,sure,,,,,
104,asian_disease,framing,loss,gamble,,,,,
105,asian_disease,framing,loss,gamble,,,,,
106,asian_disease,framing,loss,sure,,,,,
107,asian_disease,framing,gain,gamble,,,,,
108,asian_disease,framing,loss,gamble,,,,,
109,asian_disease,framing,gain,sure,,,,,
110,asian_disease,framing,loss,gamble,,,,,
111,asian_disease,framing,gain,gamble,,,,,
112,asian_disease,framing,gain,sure,,,,,
113,asian_disease,framing,gain,gamble,,,,,
114,asian_disease,framing,gain,sure,,,,,
115,asian_disease,framing,loss,gamble,,,,,
116,asian_disease,framing,loss,gamble,,,,,
117,asian_disease,framing,loss,sure,,,,,
118,asian_disease,framing,gain,gamble,,,,,
119,asian_disease,framing,loss,gamble,,,,,
120,asian_disease,framing,loss,gamble,,,,,
121,asian_disease,framing,loss,gamble,,,,,
122,asian_disease,framing,loss,gamble,,,,,
123,asian_disease,framing,loss,gamble,,,,,
124,asian_disease,framing,gain,gamble,,,,,
125,asian_disease,framing,gain,gamble,,,,,
126,asian_disease,framing,gain,sure,,,,,
127,asian_disease,framing,gain,gamble,,,,,
128,asian_disease,framing,gain,sure,,,,,
129,asian_disease,framing,loss,gamble,,,,,
130,asian_disease,framing,loss,gamble,,,,,
131,asian_disease,framing,loss,sure,,,,,
132,asian_disease,framing,gain,sure,,,,,
133,asian_disease,framing,gain,sure,,,,,
134,asian_disease,framing,loss,gamble,,,,,
135,asian_disease,framing,gain,gamble,,,,,
136,asian_disease,framing,loss,gamble,,,,,
137,asian_disease,framing,loss,gamble,,,,,
138,asian_disease,framing,gain,sure,,,,,
139,asian_disease,framing,gain,sure,,,,,
140,asian_disease,framing,loss,gamble,,,,,
141,asian_disease,framing,gain,gamble,,,,,
142,asian_disease,framing,gain,gamble,,,,,
143,asian_disease,framing,gain,sure,,,,,
144,asian_disease,framing,loss,gamble,,,,,
145,asian_disease,framing,loss,gamble,,,,,
146,asian_disease,framing,gain,gamble,,,,,
147,asian_disease,framing,loss,gamble,,,,,
148,asian_disease,framing,loss,gamble,,,,,
149,asian_disease,framing,loss,gamble,,,,,
150,asian_disease,framing,loss,gamble,,,,,
151,asian_disease,framing,gain,sure,,,,,
152,asian_disease,framing,gain,gamble,,,,,
153,asian_disease,framing,gain,gamble,,,,,
154,asian_disease,framing,loss,gamble,,,,,
155,asian_disease,framing,gain,sure,,,,,
156,asian_disease,framing,gain,gamble,,,,,
157,asian_disease,framing,gain,sure,,,,,
158,asian_disease,framing,gain,gamble,,,,,
159,asian_disease,framing,loss,gamble,,,,,
160,asian_disease,framing,loss,gamble,,,,,
161,asian_disease,framing,loss,gamble,,,,,
162,asian_disease,framing,loss,gamble,,,,,
163,asian_disease,framing,loss,gamble,,,,,
164,asian_disease,framing,loss,gamble,,,,,
165,asian_disease,framing,loss,gamble,,,,,
166,asian_disease,framing,loss,gamble,,,,,
167,asian_disease,framing,gain,gamble,,,,,
168,asian_disease,framing,gain,sure,,,,,
169,asian_disease,framing,gain,sure,,,,,
170,asian_disease,framing,gain,sure,,,,,
171,asian_disease,framing,loss,gamble,,,,,
172,asian_disease,framing,loss,gamble,,,,,
173,asian_disease,framing,gain,gamble,,,,,
174,asian_disease,framing,loss,gamble,,,,,
175,asian_disease,framing,gain,gamble,,,,,
176,asian_disease,framing,gain,sure,,,,,
177,asian_disease,framing,gain,sure,,,,,
178,asian_disease,framing,loss,gamble,,,,,
179,asian_disease,framing,loss,gamble,,,,,
180,asian_disease,framing,loss,gamble,,,,,
181,asian_disease,framing,gain,sure,,,,,
182,asian_disease,framing,gain,gamble,,,,,
183,asian_disease,framing,gain,sure,,,,,
184,asian_disease,framing,gain,sure,,,,,
185,asian_disease,framing,loss,gamble,,,,,
186,asian_disease,framing,gain,gamble,,,,,
187,asian_disease,framing,loss,gamble,,,,,
188,asian_disease,framing,loss,gamble,,,,,
189,asian_disease,framing,gain,sure,,,,,
190,asian_disease,framing,gain,gamble,,,,,
191,asian_disease,framing,loss,gamble,,,,,
192,asian_disease,framing,gain,gamble,,,,,
193,asian_disease,framing,gain,gamble,,,,,
194,asian_disease,framing,gain,gamble,,,,,
195,asian_disease,framing,gain,gamble,,,,,
196,asian_disease,framing,gain,sure,,,,,
197,asian_disease,framing,loss,gamble,,,,,
198,asian_disease,framing,loss,gamble,,,,,
199,asian_disease,framing,loss,gamble,,,,,
200,asian_disease,framing,loss,gamble,,,,,
201,asian_disease,framing,gain,sure,,,,,
202,asian_disease,framing,loss,gamble,,,,,
203,asian_disease,framing,loss,gamble,,,,,
204,asian_disease,framing,loss,gamble,,,,,
205,asian_disease,framing,loss,gamble,,,,,
206,asian_disease,framing,gain,sure,,,,,
207,asian_disease,framing,gain,sure,,,,,
208,asian_disease,framing,loss,gamble,,,,,
209,asian_disease,framing,gain,gamble,,,,,
210,asian_disease,framing,gain,sure,,,,,
211,asian_disease,framing,loss,gamble,,,,,
212,asian_disease,framing,loss,gamble,,,,,
213,asian_disease,framing,gain,sure,,,,,
214,asian_disease,framing,loss,sure,,,,,
215,asian_disease,framing,loss,gamble,,,,,
216,asian_disease,framing,loss,gamble,,,,,
217,asian_disease,framing,loss,gamble,,,,,
218,asian_disease,framing,gain,gamble,,,,,
219,asian_disease,framing,gain,gamble,,,,,
220,asian_disease,framing,gain,sure,,,,,
221,asian_disease,framing,gain,gamble,,,,,
222,asian_disease,framing,loss,gamble,,,,,
223,asian_disease,framing,loss,gamble,,,,,
224,asian_disease,framing,gain,gamble,,,,,
225,asian_disease,framing,gain,sure,,,,,
226,asian_disease,framing,loss,gamble,,,,,
227,asian_disease,framing,gain,sure,,,,,
228,asian_disease,framing,loss,gamble,,,,,
229,asian_disease,framing,gain,gamble,,,,,
230,asian_disease,framing,gain,sure,,,,,
231,asian_disease,framing,loss,gamble,,,,,
232,asian_disease,framing,gain,sure,,,,,
233,asian_disease,framing,loss,sure,,,,,
234,asian_disease,framing,loss,gamble,,,,,
235,asian_disease,framing,gain,sure,,,,,
236,asian_disease,framing,gain,gamble,,,,,
237,asian_disease,framing,gain,sure,,,,,
238,asian_disease,framing,gain,gamble,,,,,
239,asian_disease,framing,loss,sure,,,,,
240,asian_disease,framing,loss,gamble,,,,,
241,asian_disease,framing,loss,gamble,,,,,
242,asian_disease,framing,gain,sure,,,,,
243,asian_disease,framing,loss,gamble,,,,,
244,asian_disease,framing,loss,gamble,,,,,
245,asian_disease,framing,loss,gamble,,,,,
246,asian_disease,framing,loss,gamble,,,,,
247,asian_disease,framing,gain,sure,,,,,
248,asian_disease,framing,loss,gamble,,,,,
249,asian_disease,framing,loss,gamble,,,,,
250,asian_disease,framing,gain,sure,,,,,
251,asian_disease,framing,loss,gamble,,,,,
252,asian_disease,framing,gain,gamble,,,,,
253,asian_disease,framing,gain,gamble,,,,,
254,asian_disease,framing,gain,sure,,,,,
255,asian_disease,framing,loss,gamble,,,,,
256,asian_disease,framing,gain,gamble,,,,,
257,asian_disease,framing,gain,sure,,,,,
258,asian_disease,framing,loss,gamble,,,,,
259,asian_disease,framing,gain,gamble,,,,,
260,asian_disease,framing,loss,gamble,,,,,
261,asian_disease,framing,gain,gamble,,,,,
262,asian_disease,framing,gain,sure,,,,,
263,asian_disease,framing,loss,gamble,,,,,
264,asian_disease,framing,loss,gamble,,,,,
265,asian_disease,framing,gain,sure,,,,,
266,asian_disease,framing,loss,gamble,,,,,
267,asian_disease,framing,gain,sure,,,,,
268,asian_disease,framing,gain,sure,,,,,
269,asian_disease,framing,loss,gamble,,,,,
270,asian_disease,framing,gain,gamble,,,,,
271,asian_disease,framing,loss,gamble,,,,,
272,asian_disease,framing,gain,gamble,,,,,
273,asian_disease,framing,loss,gamble,,,,,
274,asian_disease,framing,loss,gamble,,,,,
275,asian_disease,framing,loss,gamble,,,,,
276,asian_disease,framing,gain,sure,,,,,
277,asian_disease,framing,loss,gamble,,,,,
278,asian_disease,framing,gain,sure,,,,,
279,asian_disease,framing,loss,sure,,,,,
280,asian_disease,framing,loss,sure,,,,,
281,asian_disease,framing,loss,gamble,,,,,
282,asian_disease,framing,gain,gamble,,,,,
283,asian_disease,framing,loss,gamble,,,,,
284,asian_disease,framing,gain,gamble,,,,,
285,asian_disease,framing,loss,gamble,,,,,
286,asian_disease,framing,gain,gamble,,,,,
287,asian_disease,framing,gain,gamble,,,,,
288,asian_disease,framing,loss,gamble,,,,,
289,asian_disease,framing,loss,gamble,,,,,
290,asian_disease,framing,loss,gamble,,,,,
291,asian_disease,framing,gain,sure,,,,,
292,asian_disease,framing,loss,gamble,,,,,
293,asian_disease,framing,loss,gamble,,,,,
294,asian_disease,framing,loss,gamble,,,,,
295,asian_disease,framing,gain,sure,,,,,
296,asian_disease,framing,loss,gamble,,,,,
297,asian_disease,framing,gain,sure,,,,,
298,asian_disease,framing,loss,gamble,,,,,
299,asian_disease,framing,loss,sure,,,,,
0,un_africa,anchoring,high,50.9,,,,,
1,un_africa,anchoring,low,26.1,,,,,
2,un_africa,anchoring,high,65.7,,,,,
3,un_africa,anchoring,high,62.2,,,,,
4,un_africa,anchoring,high,56.8,,,,,
5,un_africa,anchoring,high,65.6,,,,,
6,un_africa,anchoring,low,38.0,,,,,
7,un_africa,anchoring,low,23.6,,,,,
8,un_africa,anchoring,high,50.2,,,,,
9,un_africa,anchoring,high,49.8,,,,,
10,un_africa,anchoring,low,23.3,,,,,
11,un_africa,anchoring,low,16.1,,,,,
12,un_africa,anchoring,low,39.1,,,,,
13,un_africa,anchoring,low,32.4,,,,,
14,un_africa,anchoring,low,26.5,,,,,
15,un_africa,anchoring,low,38.5,,,,,
16,un_africa,anchoring,low,28.5,,,,,
17,un_africa,anchoring,low,22.7,,,,,
18,un_africa,anchoring,low,26.3,,,,,
19,un_africa,anchoring,low,43.7,,,,,
20,un_africa,anchoring,high,58.1,,,,,
21,un_africa,anchoring,low,31.3,,,,,
22,un_africa,anchoring,low,26.1,,,,,
23,un_africa,anchoring,low,45.0,,,,,
24,un_africa,anchoring,low,34.1,,,,,
25,un_africa,anchoring,low,36.7,,,,,
26,un_africa,anchoring,low,46.2,,,,,
27,un_africa,anchoring,high,81.6,,,,,
28,un_africa,anchoring,high,53.3,,,,,
29,un_africa,anchoring,low,39.7,,,,,
30,un_africa,anchoring,low,43.0,,,,,
31,un_africa,anchoring,high,63.1,,,,,
32,un_africa,anchoring,low,42.0,,,,,
33,un_africa,anchoring,high,58.4,,,,,
34,un_africa,anchoring,high,56.3,,,,,
35,un_africa,anchoring,low,51.2,,,,,
36,un_africa,anchoring,high,58.1,,,,,
37,un_africa,anchoring,high,64.6,,,,,
38,un_africa,anchoring,low,32.6,,,,,
39,un_africa,anchoring,high,65.9,,,,,
40,un_africa,anchoring,high,61.4,,,,,
41,un_africa,anchoring,high,73.9,,,,,
42,un_africa,anchoring,high,66.2,,,,,
43,un_africa,anchoring,low,25.1,,,,,
44,un_africa,anchoring,high,57.4,,,,,
45,un_africa,anchoring,high,46.9,,,,,
46,un_africa,anchoring,low,28.3,,,,,
47,un_africa,anchoring,low,27.4,,,,,
48,un_africa,anchoring,low,29.8,,,,,
49,un_africa,anchoring,low,32.9,,,,,
50,un_africa,anchoring,low,40.4,,,,,
51,un_africa,anchoring,high,61.6,,,,,
52,un_africa,anchoring,high,60.0,,,,,
53,un_africa,anchoring,high,67.1,,,,,
54,un_africa,anchoring,low,31.2,,,,,
55,un_africa,anchoring,low,44.4,,,,,
56,un_africa,anchoring,high,51.1,,,,,
57,un_africa,anchoring,low,37.0,,,,,
58,un_africa,anchoring,low,33.1,,,,,
59,un_africa,anchoring,high,52.2,,,,,
60,un_africa,anchoring,high,47.5,,,,,
61,un_africa,anchoring,low,16.5,,,,,
62,un_africa,anchoring,high,69.7,,,,,
63,un_africa,anchoring,high,47.9,,,,,
64,un_africa,anchoring,high,61.4,,,,,
65,un_africa,anchoring,low,41.5,,,,,
66,un_africa,anchoring,high,50.2,,,,,
67,un_africa,anchoring,low,17.0,,,,,
68,un_africa,anchoring,low,26.6,,,,,
69,un_africa,anchoring,low,23.5,,,,,
70,un_africa,anchoring,low,32.1,,,,,
71,un_africa,anchoring,low,48.3,,,,,
72,un_africa,anchoring,high,71.2,,,,,
73,un_africa,anchoring,high,57.6,,,,,
74,un_africa,anchoring,low,27.7,,,,,
75,un_africa,anchoring,high,60.4,,,,,
76,un_africa,anchoring,high,44.4,,,,,
77,un_africa,anchoring,high,58.0,,,,,
78,un_africa,anchoring,high,43.4,,,,,
79,un_africa,anchoring,high,55.6,,,,,
80,un_africa,anchoring,low,33.0,,,,,
81,un_africa,anchoring,high,64.6,,,,,
82,un_africa,anchoring,high,58.5,,,,,
83,un_africa,anchoring,high,64.8,,,,,
84,un_africa,anchoring,high,51.8,,,,,
85,un_africa,anchoring,low,34.4,,,,,
86,un_africa,anchoring,high,72.9,,,,,
87,un_africa,anchoring,low,26.5,,,,,
88,un_africa,anchoring,high,47.1,,,,,
89,un_africa,anchoring,high,59.2,,,,,
90,un_africa,anchoring,low,30.3,,,,,
91,un_africa,anchoring,low,32.6,,,,,
92,un_africa,anchoring,high,61.9,,,,,
93,un_africa,anchoring,low,30.4,,,,,
94,un_africa,anchoring,high,53.9,,,,,
95,un_africa,anchoring,high,73.9,,,,,
96,un_africa,anchoring,low,28.2,,,,,
97,un_africa,anchoring,low,32.1,,,,,
98,un_africa,anchoring,high,73.9,,,,,
99,un_africa,anchoring,high,55.7,,,,,
100,un_africa,anchoring,low,33.3,,,,,
101,un_africa,anchoring,low,23.7,,,,,
102,un_africa,anchoring,high,53.5,,,,,
103,un_africa,anchoring,low,21.2,,,,,
104,un_africa,anchoring,low,22.0,,,,,
105,un_africa,anchoring,high,47.9,,,,,
106,un_africa,anchoring,high,64.7,,,,,
107,un_africa,anchoring,high,51.6,,,,,
108,un_africa,anchoring,low,31.8,,,,,
109,un_africa,anchoring,low,20.1,,,,,
110,un_africa,anchoring,low,43.0,,,,,
111,un_africa,anchoring,low,43.1,,,,,
112,un_africa,anchoring,high,64.8,,,,,
113,un_africa,anchoring,high,56.3,,,,,
114,un_africa,anchoring,low,36.1,,,,,
115,un_africa,anchoring,low,34.3,,,,,
116,un_africa,anchoring,high,49.8,,,,,
117,un_africa,anchoring,high,51.5,,,,,
118,un_africa,anchoring,low,25.8,,,,,
119,un_africa,anchoring,high,54.8,,,,,
120,un_africa,anchoring,high,48.3,,,,,
121,un_africa,anchoring,high,73.5,,,,,
122,un_africa,anchoring,high,49.1,,,,,
123,un_africa,anchoring,high,62.9,,,,,
124,un_africa,anchoring,low,22.7,,,,,
125,un_africa,anchoring,high,76.0,,,,,
126,un_africa,anchoring,high,76.0,,,,,
127,un_africa,anchoring,high,51.9,,,,,
128,un_africa,anchoring,high,56.4,,,,,
129,un_africa,anchoring,high,49.3,,,,,
130,un_africa,anchoring,high,54.3,,,,,
131,un_africa,anchoring,low,32.6,,,,,
132,un_africa,anchoring,low,28.0,,,,,
133,un_africa,anchoring,low,33.8,,,,,
134,un_africa,anchoring,low,26.9,,,,,
135,un_africa,anchoring,high,56.7,,,,,
136,un_africa,anchoring,low,48.8,,,,,
137,un_africa,anchoring,low,22.9,,,,,
138,un_africa,anchoring,low,27.8,,,,,
139,un_africa,anchoring,high,57.5,,,,,
140,un_africa,anchoring,high,54.9,,,,,
141,un_africa,anchoring,low,35.3,,,,,
142,un_africa,anchoring,high,43.9,,,,,
143,un_africa,anchoring,high,52.3,,,,,
144,un_africa,anchoring,high,64.2,,,,,
145,un_africa,anchoring,low,23.7,,,,,
146,un_africa,anchoring,low,35.3,,,,,
147,un_africa,anchoring,low,25.2,,,,,
148,un_africa,anchoring,high,53.5,,,,,
149,un_africa,anchoring,low,37.1,,,,,
150,un_africa,anchoring,high,49.1,,,,,
151,un_africa,anchoring,low,26.1,,,,,
152,un_africa,anchoring,high,60.8,,,,,
153,un_africa,anchoring,high,60.1,,,,,
154,un_africa,anchoring,high,55.4,,,,,
155,un_africa,anchoring,high,82.2,,,,,
156,un_africa,anchoring,high,68.0,,,,,
157,un_africa,anchoring,low,38.6,,,,,
158,un_africa,anchoring,high,47.1,,,,,
159,un_africa,anchoring,high,55.5,,,,,
160,un_africa,anchoring,high,47.4,,,,,
161,un_africa,anchoring,high,52.0,,,,,
162,un_africa,anchoring,low,29.8,,,,,
163,un_africa,anchoring,low,42.1,,,,,
164,un_africa,anchoring,low,32.9,,,,,
165,un_africa,anchoring,low,51.8,,,,,
166,un_africa,anchoring,high,63.7,,,,,
167,un_africa,anchoring,low,39.8,,,,,
168,un_africa,anchoring,high,52.5,,,,,
169,un_africa,anchoring,high,65.2,,,,,
170,un_africa,anchoring,high,37.8,,,,,
171,un_africa,anchoring,high,52.0,,,,,
172,un_africa,anchoring,high,71.1,,,,,
173,un_africa,anchoring,low,38.4,,,,,
174,un_africa,anchoring,high,74.2,,,,,
175,un_africa,anchoring,low,27.1,,,,,
176,un_africa,anchoring,low,26.6,,,,,
177,un_africa,anchoring,high,56.7,,,,,
178,un_africa,anchoring,low,40.2,,,,,
179,un_africa,anchoring,low,23.1,,,,,
180,un_africa,anchoring,high,52.1,,,,,
181,un_africa,anchoring,high,73.3,,,,,
182,un_africa,anchoring,high,59.1,,,,,
183,un_africa,anchoring,low,31.5,,,,,
184,un_africa,anchoring,low,30.2,,,,,
185,un_africa,anchoring,low,43.3,,,,,
186,un_africa,anchoring,low,31.1,,,,,
187,un_africa,anchoring,high,65.4,,,,,
188,un_africa,anchoring,high,71.4,,,,,
189,un_africa,anchoring,high,47.3,,,,,
190,un_africa,anchoring,high,55.3,,,,,
191,un_africa,anchoring,low,29.2,,,,,
192,un_africa,anchoring,high,72.7,,,,,
193,un_africa,anchoring,high,49.3,,,,,
194,un_africa,anchoring,high,56.8,,,,,
195,un_africa,anchoring,high,61.4,,,,,
196,un_africa,anchoring,high,56.1,,,,,
197,un_africa,anchoring,high,60.7,,,,,
198,un_africa,anchoring,high,56.5,,,,,
199,un_africa,anchoring,low,27.6,,,,,
200,un_africa,anchoring,low,41.3,,,,,
201,un_africa,anchoring,low,35.4,,,,,
202,un_africa,anchoring,low,37.5,,,,,
203,un_africa,anchoring,high,70.1,,,,,
204,un_africa,anchoring,low,43.8,,,,,
205,un_africa,anchoring,high,46.5,,,,,
206,un_africa,anchoring,low,26.3,,,,,
207,un_africa,anchoring,low,32.7,,,,,
208,un_africa,anchoring,low,29.1,,,,,
209,un_africa,anchoring,high,52.4,,,,,
210,un_africa,anchoring,low,24.4,,,,,
211,un_africa,anchoring,low,35.5,,,,,
212,un_africa,anchoring,low,55.2,,,,,
213,un_africa,anchoring,low,28.7,,,,,
214,un_africa,anchoring,low,26.4,,,,,
215,un_africa,anchoring,low,49.0,,,,,
216,un_africa,anchoring,low,32.1,,,,,
217,un_africa,anchoring,high,41.5,,,,,
218,un_africa,anchoring,high,57.2,,,,,
219,un_africa,anchoring,low,29.9,,,,,
220,un_africa,anchoring,high,53.3,,,,,
221,un_africa,anchoring,low,47.7,,,,,
222,un_africa,anchoring,high,80.3,,,,,
223,un_africa,anchoring,low,55.4,,,,,
224,un_africa,anchoring,high,46.7,,,,,
225,un_africa,anchoring,low,30.8,,,,,
226,un_africa,anchoring,low,26.5,,,,,
227,un_africa,anchoring,high,73.5,,,,,
228,un_africa,anchoring,high,44.4,,,,,
229,un_africa,anchoring,low,32.7,,,,,
230,un_africa,anchoring,high,53.0,,,,,
231,un_africa,anchoring,high,62.3,,,,,
232,un_africa,anchoring,high,65.6,,,,,
233,un_africa,anchoring,low,34.6,,,,,
234,un_africa,anchoring,high,62.7,,,,,
235,un_africa,anchoring,high,50.4,,,,,
236,un_africa,anchoring,low,26.1,,,,,
237,un_africa,anchoring,low,43.3,,,,,
238,un_africa,anchoring,high,72.9,,,,,
239,un_africa,anchoring,low,23.3,,,,,
240,un_africa,anchoring,high,49.1,,,,,
241,un_africa,anchoring,high,64.3,,,,,
242,un_africa,anchoring,high,60.3,,,,,
243,un_africa,anchoring,high,47.1,,,,,
244,un_africa,anchoring,high,48.6,,,,,
245,un_africa,anchoring,low,31.2,,,,,
246,un_africa,anchoring,low,39.0,,,,,
247,un_africa,anchoring,low,35.4,,,,,
248,un_africa,anchoring,low,37.1,,,,,
249,un_africa,anchoring,high,62.5,,,,,
250,un_africa,anchoring,low,25.0,,,,,
251,un_africa,anchoring,high,53.7,,,,,
252,un_africa,anchoring,high,65.3,,,,,
253,un_africa,anchoring,low,36.8,,,,,
254,un_africa,anchoring,high,52.9,,,,,
255,un_africa,anchoring,high,63.6,,,,,
256,un_africa,anchoring,low,36.0,,,,,
257,un_africa,anchoring,high,55.4,,,,,
258,un_africa,anchoring,low,32.7,,,,,
259,un_africa,anchoring,low,22.4,,,,,
260,un_africa,anchoring,high,57.9,,,,,
261,un_africa,anchoring,high,83.0,,,,,
262,un_africa,anchoring,low,40.9,,,,,
263,un_africa,anchoring,high,61.6,,,,,
264,un_africa,anchoring,high,56.8,,,,,
265,un_africa,anchoring,low,34.6,,,,,
266,un_africa,anchoring,low,24.0,,,,,
267,un_africa,anchoring,low,29.0,,,,,
268,un_africa,anchoring,low,28.3,,,,,
269,un_africa,anchoring,low,17.3,,,,,
270,un_africa,anchoring,high,47.2,,,,,
271,un_africa,anchoring,low,36.4,,,,,
272,un_africa,anchoring,high,75.0,,,,,
273,un_africa,anchoring,low,36.8,,,,,
274,un_africa,anchoring,high,51.3,,,,,
275,un_africa,anchoring,low,19.4,,,,,
276,un_africa,anchoring,low,53.2,,,,,
277,un_africa,anchoring,low,48.0,,,,,
278,un_africa,anchoring,low,28.0,,,,,
279,un_africa,anchoring,high,64.6,,,,,
280,un_africa,anchoring,high,61.0,,,,,
281,un_africa,anchoring,low,34.7,,,,,
282,un_africa,anchoring,high,48.1,,,,,
283,un_africa,anchoring,high,76.0,,,,,
284,un_africa,anchoring,high,63.9,,,,,
285,un_africa,anchoring,high,44.1,,,,,
286,un_africa,anchoring,low,29.7,,,,,
287,un_africa,anchoring,high,53.1,,,,,
288,un_africa,anchoring,high,72.6,,,,,
289,un_africa,anchoring,low,34.6,,,,,
290,un_africa,anchoring,low,40.4,,,,,
291,un_africa,anchoring,low,35.7,,,,,
292,un_africa,anchoring,high,76.8,,,,,
293,un_africa,anchoring,high,75.5,,,,,
294,un_africa,anchoring,high,53.4,,,,,
295,un_africa,anchoring,low,24.5,,,,,
296,un_africa,anchoring,high,55.5,,,,,
297,un_africa,anchoring,high,47.7,,,,,
298,un_africa,anchoring,high,75.4,,,,,
299,un_africa,anchoring,high,62.7,,,,,
0,mixed_evidence,confirmation,pro,0.7,0.0,,,,
0,mixed_evidence,confirmation,pro,0.9327567973169517,1.0,,,,
0,mixed_evidence,confirmation,pro,0.9880187560964719,2.0,,,,
0,mixed_evidence,confirmation,pro,0.9979643247838347,3.0,,,,
0,mixed_evidence,confirmation,pro,0.9969213972534818,4.0,,,,
0,mixed_evidence,confirmation,pro,0.9953466432046413,5.0,,,,
0,mixed_evidence,confirmation,pro,0.9929720560991043,6.0,,,,
0,mixed_evidence,confirmation,pro,0.9893986340104559,7.0,,,,
0,mixed_evidence,confirmation,pro,0.9840374811100436,8.0,,,,
0,mixed_evidence,confirmation,pro,0.9760308522962656,9.0,,,,
0,mixed_evidence,confirmation,pro,0.995886083599685,10.0,,,,
0,mixed_evidence,confirmation,pro,0.9993056141242375,11.0,,,,
0,mixed_evidence,confirmation,pro,0.999883128519867,12.0,,,,
1,mixed_evidence,confirmation,con,0.3,0.0,,,,
1,mixed_evidence,confirmation,con,0.06773437462537987,1.0,,,,
1,mixed_evidence,confirmation,con,0.012167434945858192,2.0,,,,
1,mixed_evidence,confirmation,con,0.018446685220155676,3.0,,,,
1,mixed_evidence,confirmation,con,0.027875026691043848,4.0,,,,
1,mixed_evidence,confirmation,con,0.004837638073504015,5.0,,,,
1,mixed_evidence,confirmation,con,0.007362391471504485,6.0,,,,
1,mixed_evidence,confirmation,con,0.0012558237148041099,7.0,,,,
1,mixed_evidence,confirmation,con,0.0019148324145411154,8.0,,,,
1,mixed_evidence,confirmation,con,0.00032513833681557043,9.0,,,,
1,mixed_evidence,confirmation,con,0.0004960011616222628,10.0,,,,
1,mixed_evidence,confirmation,con,8.412166540242836e-05,11.0,,,,
1,mixed_evidence,confirmation,con,0.00012834454163251644,12.0,,,,
2,mixed_evidence,confirmation,pro,0.7,0.0,,,,
2,mixed_evidence,confirmation,pro,0.5642102121196655,1.0,,,,
2,mixed_evidence,confirmation,pro,0.8660482004942529,2.0,,,,
2,mixed_evidence,confirmation,pro,0.9699579356903588,3.0,,,,
2,mixed_evidence,confirmation,pro,0.9938360092058295,4.0,,,,
2,mixed_evidence,confirmation,pro,0.9987595519484982,5.0,,,,
2,mixed_evidence,confirmation,pro,0.9977666360343205,6.0,,,,
2,mixed_evidence,confirmation,pro,0.9959821384377763,7.0,,,,
2,mixed_evidence,confirmation,pro,0.9927821101015247,8.0,,,,
2,mixed_evidence,confirmation,pro,0.9870665133043542,9.0,,,,
2,mixed_evidence,confirmation,pro,0.9973830130819404,10.0,,,,
2,mixed_evidence,confirmation,pro,0.9994748518525104,11.0,,,,
2,mixed_evidence,confirmation,pro,0.999053954984734,12.0,,,,
3,mixed_evidence,confirmation,con,0.3,0.0,,,,
3,mixed_evidence,confirmation,con,0.47189251621759903,1.0,,,,
3,mixed_evidence,confirmation,con,0.17150137418399622,2.0,,,,
3,mixed_evidence,confirmation,con,0.30147694700080413,3.0,,,,
3,mixed_evidence,confirmation,con,0.09089546831949206,4.0,,,,
3,mixed_evidence,confirmation,con,0.1725015991268859,5.0,,,,
3,mixed_evidence,confirmation,con,0.0460679054421454,6.0,,,,
3,mixed_evidence,confirmation,con,0.09147749224216396,7.0,,,,
3,mixed_evidence,confirmation,con,0.1735064358869873,8.0,,,,
3,mixed_evidence,confirmation,con,0.04637753175045567,9.0,,,,
3,mixed_evidence,confirmation,con,0.011140908594445087,10.0,,,,
3,mixed_evidence,confirmation,con,0.022950921787662587,11.0,,,,
3,mixed_evidence,confirmation,con,0.005412300251495449,12.0,,,,
4,mixed_evidence,confirmation,pro,0.7,0.0,,,,
4,mixed_evidence,confirmation,pro,0.9332116496618695,1.0,,,,
4,mixed_evidence,confirmation,pro,0.9028836779317905,2.0,,,,
4,mixed_evidence,confirmation,pro,0.9823548175132679,3.0,,,,
4,mixed_evidence,confirmation,pro,0.9970094271246265,4.0,,,,
4,mixed_evidence,confirmation,pro,0.9994993491117142,5.0,,,,
4,mixed_evidence,confirmation,pro,0.9992477442575857,6.0,,,,
4,mixed_evidence,confirmation,pro,0.9988698369773744,7.0,,,,
4,mixed_evidence,confirmation,pro,0.9983024046704296,8.0,,,,
4,mixed_evidence,confirmation,pro,0.9974508030012941,9.0,,,,
4,mixed_evidence,confirmation,pro,0.9995733969524986,10.0,,,,
4,mixed_evidence,confirmation,pro,0.9999287351026938,11.0,,,,
4,mixed_evidence,confirmation,pro,0.999892897413799,12.0,,,,
5,mixed_evidence,confirmation,con,0.3,0.0,,,,
5,mixed_evidence,confirmation,con,0.09490153046607541,1.0,,,,
5,mixed_evidence,confirmation,con,0.025011012159659406,2.0,,,,
5,mixed_evidence,confirmation,con,0.053464457420749914,3.0,,,,
5,mixed_evidence,confirmation,con,0.11061515737206865,4.0,,,,
5,mixed_evidence,confirmation,con,0.02952985196388887,5.0,,,,
5,mixed_evidence,confirmation,con,0.06279300822282431,6.0,,,,
5,mixed_evidence,confirmation,con,0.01612756254212859,7.0,,,,
5,mixed_evidence,confirmation,con,0.003994348139140014,8.0,,,,
5,mixed_evidence,confirmation,con,0.008753114865427255,9.0,,,,
5,mixed_evidence,confirmation,con,0.0021557466686749605,10.0,,,,
5,mixed_evidence,confirmation,con,0.004734461728294422,11.0,,,,
5,mixed_evidence,confirmation,con,0.01036580458816945,12.0,,,,
6,mixed_evidence,confirmation,pro,0.7,0.0,,,,
6,mixed_evidence,confirmation,pro,0.492924916635022,1.0,,,,
6,mixed_evidence,confirmation,pro,0.7000000000000001,2.0,,,,
6,mixed_evidence,confirmation,pro,0.8974238071418307,3.0,,,,
6,mixed_evidence,confirmation,pro,0.9704175984160645,4.0,,,,
6,mixed_evidence,confirmation,pro,0.9318173551407147,5.0,,,,
6,mixed_evidence,confirmation,pro,0.8506040631115791,6.0,,,,
6,mixed_evidence,confirmation,pro,0.9552538272895692,7.0,,,,
6,mixed_evidence,confirmation,pro,0.9876612574881126,8.0,,,,
6,mixed_evidence,confirmation,pro,0.9966791898442517,9.0,,,,
6,mixed_evidence,confirmation,pro,0.9920659037252769,10.0,,,,
6,mixed_evidence,confirmation,pro,0.9811649297918374,11.0,,,,
6,mixed_evidence,confirmation,pro,0.9559516700346654,12.0,,,,
7,mixed_evidence,confirmation,con,0.3,0.0,,,,
7,mixed_evidence,confirmation,con,0.42143364569640357,1.0,,,,
7,mixed_evidence,confirmation,con,0.5531771436401672,2.0,,,,
7,mixed_evidence,confirmation,con,0.4214336456964036,3.0,,,,
7,mixed_evidence,confirmation,con,0.12092406273370165,4.0,,,,
7,mixed_evidence,confirmation,con,0.025319715733903604,5.0,,,,
7,mixed_evidence,confirmation,con,0.04228494544581242,6.0,,,,
7,mixed_evidence,confirmation,con,0.06980346689307997,7.0,,,,
7,mixed_evidence,confirmation,con,0.013973372176078882,8.0,,,,
7,mixed_evidence,confirmation,con,0.002669083569922816,9.0,,,,
7,mixed_evidence,confirmation,con,0.0005051423271123418,10.0,,,,
7,mixed_evidence,confirmation,con,0.0008582486323562601,11.0,,,,
7,mixed_evidence,confirmation,con,0.0014578244903885238,12.0,,,,
8,mixed_evidence,confirmation,pro,0.7,0.0,,,,
8,mixed_evidence,confirmation,pro,0.9477357000568298,1.0,,,,
8,mixed_evidence,confirmation,pro,0.939969903995103,2.0,,,,
8,mixed_evidence,confirmation,pro,0.9311340578496697,3.0,,,,
8,mixed_evidence,confirmation,pro,0.9905730012215546,4.0,,,,
8,mixed_evidence,confirmation,pro,0.9987769332762432,5.0,,,,
8,mixed_evidence,confirmation,pro,0.998583869146451,6.0,,,,
8,mixed_evidence,confirmation,pro,0.998360379392424,7.0,,,,
8,mixed_evidence,confirmation,pro,0.9997887197287542,8.0,,,,
8,mixed_evidence,confirmation,pro,0.9997553294865856,9.0,,,,
8,mixed_evidence,confirmation,pro,0.9999685102718119,10.0,,,,
8,mixed_evidence,confirmation,pro,0.9999959479433279,11.0,,,,
8,mixed_evidence,confirmation,pro,0.9999953074120113,12.0,,,,
9,mixed_evidence,confirmation,con,0.3,0.0,,,,
9,mixed_evidence,confirmation,con,0.4737106802650345,1.0,,,,
9,mixed_evidence,confirmation,con,0.1735841784393966,2.0,,,,
9,mixed_evidence,confirmation,con,0.04672533889943942,3.0,,,,
9,mixed_evidence,confirmation,con,0.09333541599547901,4.0,,,,
9,mixed_evidence,confirmation,con,0.02345919505980652,5.0,,,,
9,mixed_evidence,confirmation,con,0.04802987282554065,6.0,,,,
9,mixed_evidence,confirmation,con,0.095810474884193,7.0,,,,
9,mixed_evidence,confirmation,con,0.18203457112759922,8.0,,,,
9,mixed_evidence,confirmation,con,0.04936894206340556,9.0,,,,
9,mixed_evidence,confirmation,con,0.011973832107803284,10.0,,,,
9,mixed_evidence,confirmation,con,0.0028200781152379955,11.0,,,,
9,mixed_evidence,confirmation,con,0.0059044729527013605,12.0,,,,
10,mixed_evidence,confirmation,pro,0.7,0.0,,,,
10,mixed_evidence,confirmation,pro,0.5891843547031413,1.0,,,,
10,mixed_evidence,confirmation,pro,0.4685145352860777,2.0,,,,
10,mixed_evidence,confirmation,pro,0.5891843547031415,3.0,,,,
10,mixed_evidence,confirmation,pro,0.8880639324911936,4.0,,,,
10,mixed_evidence,confirmation,pro,0.9777222484793006,5.0,,,,
10,mixed_evidence,confirmation,pro,0.9958979519654328,6.0,,,,
10,mixed_evidence,confirmation,pro,0.993343317687363,7.0,,,,
10,mixed_evidence,confirmation,pro,0.9892149618233289,8.0,,,,
10,mixed_evidence,confirmation,pro,0.9825711957226594,9.0,,,,
10,mixed_evidence,confirmation,pro,0.9968037314323862,10.0,,,,
10,mixed_evidence,confirmation,pro,0.9948102502775744,11.0,,,,
10,mixed_evidence,confirmation,pro,0.9990578352803443,12.0,,,,
11,mixed_evidence,confirmation,con,0.3,0.0,,,,
11,mixed_evidence,confirmation,con,0.0988175424942492,1.0,,,,
11,mixed_evidence,confirmation,con,0.02728995540483703,2.0,,,,
11,mixed_evidence,confirmation,con,0.06068367981572457,3.0,,,,
11,mixed_evidence,confirmation,con,0.016260660578136795,4.0,,,,
11,mixed_evidence,confirmation,con,0.004211370143996104,5.0,,,,
11,mixed_evidence,confirmation,con,0.009644681796474654,6.0,,,,
11,mixed_evidence,confirmation,con,0.02193339752471318,7.0,,,,
11,mixed_evidence,confirmation,con,0.04910338121638098,8.0,,,,
11,mixed_evidence,confirmation,con,0.10627314167867341,9.0,,,,
11,mixed_evidence,confirmation,con,0.0295257429839106,10.0,,,,
11,mixed_evidence,confirmation,con,0.0654711744846043,11.0,,,,
11,mixed_evidence,confirmation,con,0.017609207807796533,12.0,,,,
12,mixed_evidence,confirmation,pro,0.7,0.0,,,,
12,mixed_evidence,confirmation,pro,0.8990326126971758,1.0,,,,
12,mixed_evidence,confirmation,pro,0.7905958938492941,2.0,,,,
12,mixed_evidence,confirmation,pro,0.615506910230308,3.0,,,,
12,mixed_evidence,confirmation,pro,0.40432400485310177,4.0,,,,
12,mixed_evidence,confirmation,pro,0.615506910230308,5.0,,,,
12,mixed_evidence,confirmation,pro,0.40432400485310177,6.0,,,,
12,mixed_evidence,confirmation,pro,0.615506910230308,7.0,,,,
12,mixed_evidence,confirmation,pro,0.40432400485310177,8.0,,,,
12,mixed_evidence,confirmation,pro,0.615506910230308,9.0,,,,
12,mixed_evidence,confirmation,pro,0.40432400485310177,10.0,,,,
12,mixed_evidence,confirmation,pro,0.615506910230308,11.0,,,,
12,mixed_evidence,confirmation,pro,0.859330960412373,12.0,,,,
13,mixed_evidence,confirmation,con,0.3,0.0,,,,
13,mixed_evidence,confirmation,con,0.4910546577296741,1.0,,,,
13,mixed_evidence,confirmation,con,0.1944269941132923,2.0,,,,
13,mixed_evidence,confirmation,con,0.05693585624539166,3.0,,,,
13,mixed_evidence,confirmation,con,0.11965552151992996,4.0,,,,
13,mixed_evidence,confirmation,con,0.032881583151954566,5.0,,,,
13,mixed_evidence,confirmation,con,0.071101201962904,6.0,,,,
13,mixed_evidence,confirmation,con,0.14699298817022144,7.0,,,,
13,mixed_evidence,confirmation,con,0.041324591673406914,8.0,,,,
13,mixed_evidence,confirmation,con,0.010667732679709978,9.0,,,,
13,mixed_evidence,confirmation,con,0.023700019686520895,10.0,,,,
13,mixed_evidence,confirmation,con,0.05181935330402337,11.0,,,,
13,mixed_evidence,confirmation,con,0.013486427840669881,12.0,,,,
14,mixed_evidence,confirmation,pro,0.7,0.0,,,,
14,mixed_evidence,confirmation,pro,0.6054244216742847,1.0,,,,
14,mixed_evidence,confirmation,pro,0.5022350367816247,2.0,,,,
14,mixed_evidence,confirmation,pro,0.3988549058882984,3.0,,,,
14,mixed_evidence,confirmation,pro,0.5022350367816247,4.0,,,,
14,mixed_evidence,confirmation,pro,0.3988549058882984,5.0,,,,
14,mixed_evidence,confirmation,pro,0.5022350367816247,6.0,,,,
14,mixed_evidence,confirmation,pro,0.8565573483815279,7.0,,,,
14,mixed_evidence,confirmation,pro,0.9724825479831622,8.0,,,,
14,mixed_evidence,confirmation,pro,0.9587450024043105,9.0,,,,
14,mixed_evidence,confirmation,pro,0.9385823908398113,10.0,,,,
14,mixed_evidence,confirmation,pro,0.989064225654486,11.0,,,,
14,mixed_evidence,confirmation,pro,0.9981352570031333,12.0,,,,
15,mixed_evidence,confirmation,con,0.3,0.0,,,,
15,mixed_evidence,confirmation,con,0.06697777815653377,1.0,,,,
15,mixed_evidence,confirmation,con,0.09764991237672344,2.0,,,,
15,mixed_evidence,confirmation,con,0.017803714241874165,3.0,,,,
15,mixed_evidence,confirmation,con,0.0030269919253100757,4.0,,,,
15,mixed_evidence,confirmation,con,0.004556198665339381,5.0,,,,
15,mixed_evidence,confirmation,con,0.006852635695978672,6.0,,,,
15,mixed_evidence,confirmation,con,0.010294563800134235,7.0,,,,
15,mixed_evidence,confirmation,con,0.01543842246761771,8.0,,,,
15,mixed_evidence,confirmation,con,0.023092529768150936,9.0,,,,
15,mixed_evidence,confirmation,con,0.00394382330444136,10.0,,,,
15,mixed_evidence,confirmation,con,0.0006627675227769667,11.0,,,,
15,mixed_evidence,confirmation,con,0.00011107503096942709,12.0,,,,
16,mixed_evidence,confirmation,pro,0.7,0.0,,,,
16,mixed_evidence,confirmation,pro,0.5723335076975306,1.0,,,,
16,mixed_evidence,confirmation,pro,0.4342476504209408,2.0,,,,
16,mixed_evidence,confirmation,pro,0.5723335076975306,3.0,,,,
16,mixed_evidence,confirmation,pro,0.87354610494268,4.0,,,,
16,mixed_evidence,confirmation,pro,0.9727212105856479,5.0,,,,
16,mixed_evidence,confirmation,pro,0.9533837545567301,6.0,,,,
16,mixed_evidence,confirmation,pro,0.9214453389543731,7.0,,,,
16,mixed_evidence,confirmation,pro,0.9837527939617662,8.0,,,,
16,mixed_evidence,confirmation,pro,0.9720104146595695,9.0,,,,
16,mixed_evidence,confirmation,pro,0.9521938514918922,10.0,,,,
16,mixed_evidence,confirmation,pro,0.990367366588309,11.0,,,,
16,mixed_evidence,confirmation,pro,0.9981192914952883,12.0,,,,
17,mixed_evidence,confirmation,con,0.3,0.0,,,,
17,mixed_evidence,confirmation,con,0.5121274210548408,1.0,,,,
17,mixed_evidence,confirmation,con,0.3,2.0,,,,
17,mixed_evidence,confirmation,con,0.5121274210548408,3.0,,,,
17,mixed_evidence,confirmation,con,0.3,4.0,,,,
17,mixed_evidence,confirmation,con,0.5121274210548408,5.0,,,,
17,mixed_evidence,confirmation,con,0.3,6.0,,,,
17,mixed_evidence,confirmation,con,0.5121274210548408,7.0,,,,
17,mixed_evidence,confirmation,con,0.3,8.0,,,,
17,mixed_evidence,confirmation,con,0.10445226272324927,9.0,,,,
17,mixed_evidence,confirmation,con,0.22220055791027973,10.0,,,,
17,mixed_evidence,confirmation,con,0.4116687167704707,11.0,,,,
17,mixed_evidence,confirmation,con,0.15996630936074496,12.0,,,,
18,mixed_evidence,confirmation,pro,0.7,0.0,,,,
18,mixed_evidence,confirmation,pro,0.5311891870124607,1.0,,,,
18,mixed_evidence,confirmation,pro,0.35492502450782026,2.0,,,,
18,mixed_evidence,confirmation,pro,0.11181784993522997,3.0,,,,
18,mixed_evidence,confirmation,pro,0.20588235294117646,4.0,,,,
18,mixed_evidence,confirmation,pro,0.3480667754509808,5.0,,,,
18,mixed_evidence,confirmation,pro,0.10886440795338316,6.0,,,,
18,mixed_evidence,confirmation,pro,0.20100666618947766,7.0,,,,
18,mixed_evidence,confirmation,pro,0.3412709391312481,8.0,,,,
18,mixed_evidence,confirmation,pro,0.10597966694643803,9.0,,,,
18,mixed_evidence,confirmation,pro,0.026407959117708203,10.0,,,,
18,mixed_evidence,confirmation,pro,0.05290267281128807,11.0,,,,
18,mixed_evidence,confirmation,pro,0.10316251794443487,12.0,,,,
19,mixed_evidence,confirmation,con,0.3,0.0,,,,
19,mixed_evidence,confirmation,con,0.43474429146702326,1.0,,,,
19,mixed_evidence,confirmation,con,0.5798743198036892,2.0,,,,
19,mixed_evidence,confirmation,con,0.43474429146702326,3.0,,,,
19,mixed_evidence,confirmation,con,0.13296803399421228,4.0,,,,
19,mixed_evidence,confirmation,con,0.02967246992487736,5.0,,,,
19,mixed_evidence,confirmation,con,0.05202339392104817,6.0,,,,
19,mixed_evidence,confirmation,con,0.010824247903643272,7.0,,,,
19,mixed_evidence,confirmation,con,0.0021772128702441636,8.0,,,,
19,mixed_evidence,confirmation,con,0.003900460919002965,9.0,,,,
19,mixed_evidence,confirmation,con,0.0069781087070798975,10.0,,,,
19,mixed_evidence,confirmation,con,0.0013992457766254676,11.0,,,,
19,mixed_evidence,confirmation,con,0.00250828642638635,12.0,,,,
20,mixed_evidence,confirmation,pro,0.7,0.0,,,,
20,mixed_evidence,confirmation,pro,0.9164714935367333,1.0,,,,
20,mixed_evidence,confirmation,pro,0.851468260085441,2.0,,,,
20,mixed_evidence,confirmation,pro,0.9642295993645632,3.0,,,,
20,mixed_evidence,confirmation,pro,0.9337039588647861,4.0,,,,
20,mixed_evidence,confirmation,pro,0.8803606445488923,5.0,,,,
20,mixed_evidence,confirmation,pro,0.7935847392866326,6.0,,,,
20,mixed_evidence,confirmation,pro,0.9475845857331298,7.0,,,,
20,mixed_evidence,confirmation,pro,0.9042647877251687,8.0,,,,
20,mixed_evidence,confirmation,pro,0.977980928035466,9.0,,,,
20,mixed_evidence,confirmation,pro,0.9952347390003478,10.0,,,,
20,mixed_evidence,confirmation,pro,0.9989827874459214,11.0,,,,
20,mixed_evidence,confirmation,pro,0.9980548943979966,12.0,,,,
21,mixed_evidence,confirmation,con,0.3,0.0,,,,
21,mixed_evidence,confirmation,con,0.08547736246240378,1.0,,,,
21,mixed_evidence,confirmation,con,0.1550173751306416,2.0,,,,
21,mixed_evidence,confirmation,con,0.03847056985961096,3.0,,,,
21,mixed_evidence,confirmation,con,0.07281306128022964,4.0,,,,
21,mixed_evidence,confirmation,con,0.016838381281700652,5.0,,,,
21,mixed_evidence,confirmation,con,0.0037212575192689715,6.0,,,,
21,mixed_evidence,confirmation,con,0.0008139330222404738,7.0,,,,
21,mixed_evidence,confirmation,con,0.0015963363852043676,8.0,,,,
21,mixed_evidence,confirmation,con,0.0031284799981820045,9.0,,,,
21,mixed_evidence,confirmation,con,0.006122138611179918,10.0,,,,
21,mixed_evidence,confirmation,con,0.0013415922538865138,11.0,,,,
21,mixed_evidence,confirmation,con,0.0026298796833912753,12.0,,,,
22,mixed_evidence,confirmation,pro,0.7,0.0,,,,
22,mixed_evidence,confirmation,pro,0.9334541880711236,1.0,,,,
22,mixed_evidence,confirmation,pro,0.9035651104859149,2.0,,,,
22,mixed_evidence,confirmation,pro,0.9825563759777123,3.0,,,,
22,mixed_evidence,confirmation,pro,0.9741098719589076,4.0,,,,
22,mixed_evidence,confirmation,pro,0.9955983558483331,5.0,,,,
22,mixed_evidence,confirmation,pro,0.9934247427978885,6.0,,,,
22,mixed_evidence,confirmation,pro,0.9989002236190796,7.0,,,,
22,mixed_evidence,confirmation,pro,0.9983544387736726,8.0,,,,
22,mixed_evidence,confirmation,pro,0.9997258963999686,9.0,,,,
22,mixed_evidence,confirmation,pro,0.9999543943661856,10.0,,,,
22,mixed_evidence,confirmation,pro,0.9999317259501466,11.0,,,,
22,mixed_evidence,confirmation,pro,0.999897791282119,12.0,,,,
23,mixed_evidence,confirmation,con,0.3,0.0,,,,
23,mixed_evidence,confirmation,con,0.05328536419774162,1.0,,,,
23,mixed_evidence,confirmation,con,0.007337633858906494,2.0,,,,
23,mixed_evidence,confirmation,con,0.0009698369207251637,3.0,,,,
23,mixed_evidence,confirmation,con,0.00012747657284589795,4.0,,,,
23,mixed_evidence,confirmation,con,0.00015067057537036956,5.0,,,,
23,mixed_evidence,confirmation,con,0.00017808390954575644,6.0,,,,
23,mixed_evidence,confirmation,con,0.00021048383574976738,7.0,,,,
23,mixed_evidence,confirmation,con,2.7648004796420118e-05,8.0,,,,
23,mixed_evidence,confirmation,con,3.2679074853371565e-05,9.0,,,,
23,mixed_evidence,confirmation,con,3.862560656474769e-05,10.0,,,,
23,mixed_evidence,confirmation,con,5.0728908404297066e-06,11.0,,,,
23,mixed_evidence,confirmation,con,5.9960225610136295e-06,12.0,,,,
24,mixed_evidence,confirmation,pro,0.7,0.0,,,,
24,mixed_evidence,confirmation,pro,0.6019263778525782,1.0,,,,
24,mixed_evidence,confirmation,pro,0.4949247959429841,2.0,,,,
24,mixed_evidence,confirmation,pro,0.6019263778525782,3.0,,,,
24,mixed_evidence,confirmation,pro,0.8981579686434521,4.0,,,,
24,mixed_evidence,confirmation,pro,0.8510833579859649,5.0,,,,
24,mixed_evidence,confirmation,pro,0.787399962736293,6.0,,,,
24,mixed_evidence,confirmation,pro,0.955754549513275,7.0,,,,
24,mixed_evidence,confirmation,pro,0.9921251371019438,8.0,,,,
24,mixed_evidence,confirmation,pro,0.9878999732052014,9.0,,,,
24,mixed_evidence,confirmation,pro,0.9979043604814314,10.0,,,,
24,mixed_evidence,confirmation,pro,0.9967698746705128,11.0,,,,
24,mixed_evidence,confirmation,pro,0.9994446873917127,12.0,,,,
25,mixed_evidence,confirmation,con,0.3,0.0,,,,
25,mixed_evidence,confirmation,con,0.07512092499250139,1.0,,,,
25,mixed_evidence,confirmation,con,0.12168118416017147,2.0,,,,
25,mixed_evidence,confirmation,con,0.02558399766994349,3.0,,,,
25,mixed_evidence,confirmation,con,0.004951321023931075,4.0,,,,
25,mixed_evidence,confirmation,con,0.0009421502171806762,5.0,,,,
25,mixed_evidence,confirmation,con,0.0016059306114290155,6.0,,,,
25,mixed_evidence,confirmation,con,0.002736088589854558,7.0,,,,
25,mixed_evidence,confirmation,con,0.004657873663257866,8.0,,,,
25,mixed_evidence,confirmation,con,0.007918771650207946,9.0,,,,
25,mixed_evidence,confirmation,con,0.0015104517927662124,10.0,,,,
25,mixed_evidence,confirmation,con,0.0002866101808097094,11.0,,,,
25,mixed_evidence,confirmation,con,0.0004887638225177897,12.0,,,,
26,mixed_evidence,confirmation,pro,0.7,0.0,,,,
26,mixed_evidence,confirmation,pro,0.5770815857868091,1.0,,,,
26,mixed_evidence,confirmation,pro,0.4438159964959135,2.0,,,,
26,mixed_evidence,confirmation,pro,0.13165317381591754,3.0,,,,
26,mixed_evidence,confirmation,pro,0.20588235294117632,4.0,,,,
26,mixed_evidence,confirmation,pro,0.30715937954431016,5.0,,,,
26,mixed_evidence,confirmation,pro,0.07768932191033305,6.0,,,,
26,mixed_evidence,confirmation,pro,0.015752235128527185,7.0,,,,
26,mixed_evidence,confirmation,pro,0.02663839912531863,8.0,,,,
26,mixed_evidence,confirmation,pro,0.04470612906698613,9.0,,,,
26,mixed_evidence,confirmation,pro,0.07409559507919397,10.0,,,,
26,mixed_evidence,confirmation,pro,0.12037101812912959,11.0,,,,
26,mixed_evidence,confirmation,pro,0.0253412847474327,12.0,,,,
27,mixed_evidence,confirmation,con,0.3,0.0,,,,
27,mixed_evidence,confirmation,con,0.3801613282312358,1.0,,,,
27,mixed_evidence,confirmation,con,0.0888584369855829,2.0,,,,
27,mixed_evidence,confirmation,con,0.12247275170987547,3.0,,,,
27,mixed_evidence,confirmation,con,0.021710498799871268,4.0,,,,
27,mixed_evidence,confirmation,con,0.030781525944095996,5.0,,,,
27,mixed_evidence,confirmation,con,0.005024632865158381,6.0,,,,
27,mixed_evidence,confirmation,con,0.007175145294756174,7.0,,,,
27,mixed_evidence,confirmation,con,0.010236594611111828,8.0,,,,
27,mixed_evidence,confirmation,con,0.0016418520617324597,9.0,,,,
27,mixed_evidence,confirmation,con,0.0023479713814412145,10.0,,,,
27,mixed_evidence,confirmation,con,0.0003740888447624301,11.0,,,,
27,mixed_evidence,confirmation,con,5.950246456421469e-05,12.0,,,,
28,mixed_evidence,confirmation,pro,0.7,0.0,,,,
28,mixed_evidence,confirmation,pro,0.9028872818517268,1.0,,,,
28,mixed_evidence,confirmation,pro,0.8045421036093637,2.0,,,,
28,mixed_evidence,confirmation,pro,0.9425327702360097,3.0,,,,
28,mixed_evidence,confirmation,pro,0.9849287942984057,4.0,,,,
28,mixed_evidence,confirmation,pro,0.9961744145567534,5.0,,,,
28,mixed_evidence,confirmation,pro,0.9914004936206685,6.0,,,,
28,mixed_evidence,confirmation,pro,0.9807841456492601,7.0,,,,
28,mixed_evidence,confirmation,pro,0.9576218328487986,8.0,,,,
28,mixed_evidence,confirmation,pro,0.90912705894966,9.0,,,,
28,mixed_evidence,confirmation,pro,0.8158117833835764,10.0,,,,
28,mixed_evidence,confirmation,pro,0.9463764977310909,11.0,,,,
28,mixed_evidence,confirmation,pro,0.9859790234148835,12.0,,,,
29,mixed_evidence,confirmation,con,0.3,0.0,,,,
29,mixed_evidence,confirmation,con,0.08625796459701673,1.0,,,,
29,mixed_evidence,confirmation,con,0.1576405526752826,2.0,,,,
29,mixed_evidence,confirmation,con,0.0395894796292332,3.0,,,,
29,mixed_evidence,confirmation,con,0.07554465122790541,4.0,,,,
29,mixed_evidence,confirmation,con,0.017681635401945953,5.0,,,,
29,mixed_evidence,confirmation,con,0.003949153942173535,6.0,,,,
29,mixed_evidence,confirmation,con,0.007798611420397944,7.0,,,,
29,mixed_evidence,confirmation,con,0.0017282978836163088,8.0,,,,
29,mixed_evidence,confirmation,con,0.003420398659134891,9.0,,,,
29,mixed_evidence,confirmation,con,0.0007554207706752226,10.0,,,,
29,mixed_evidence,confirmation,con,0.0014964480038092093,11.0,,,,
29,mixed_evidence,confirmation,con,0.0029622282871099863,12.0,,,,
30,mixed_evidence,confirmation,pro,0.7,0.0,,,,
30,mixed_evidence,confirmation,pro,0.9494380779307062,1.0,,,,
30,mixed_evidence,confirmation,pro,0.9934260531321587,2.0,,,,
30,mixed_evidence,confirmation,pro,0.9926537675909998,3.0,,,,
30,mixed_evidence,confirmation,pro,0.991791506146324,4.0,,,,
30,mixed_evidence,confirmation,pro,0.9989726216882058,5.0,,,,
30,mixed_evidence,confirmation,pro,0.9998722223120494,6.0,,,,
30,mixed_evidence,confirmation,pro,0.9998571024830105,7.0,,,,
30,mixed_evidence,confirmation,pro,0.999982241235474,8.0,,,,
30,mixed_evidence,confirmation,pro,0.999980139596845,9.0,,,,
30,mixed_evidence,confirmation,pro,0.9999777892479627,10.0,,,,
30,mixed_evidence,confirmation,pro,0.9999972400232353,11.0,,,,
30,mixed_evidence,confirmation,pro,0.9999969133917811,12.0,,,,
31,mixed_evidence,confirmation,con,0.3,0.0,,,,
31,mixed_evidence,confirmation,con,0.059420341736786744,1.0,,,,
31,mixed_evidence,confirmation,con,0.009226359130949621,2.0,,,,
31,mixed_evidence,confirmation,con,0.0013708076429855152,3.0,,,,
31,mixed_evidence,confirmation,con,0.0018177784398113502,4.0,,,,
31,mixed_evidence,confirmation,con,0.0002683681049927924,5.0,,,,
31,mixed_evidence,confirmation,con,0.00035600138437822705,6.0,,,,
31,mixed_evidence,confirmation,con,5.249281634958096e-05,7.0,,,,
31,mixed_evidence,confirmation,con,6.963880101014396e-05,8.0,,,,
31,mixed_evidence,confirmation,con,9.238474485154125e-05,9.0,,,,
31,mixed_evidence,confirmation,con,0.0001225592276665093,10.0,,,,
31,mixed_evidence,confirmation,con,0.00016258762483713394,11.0,,,,
31,mixed_evidence,confirmation,con,2.396977964990085e-05,12.0,,,,
32,mixed_evidence,confirmation,pro,0.7,0.0,,,,
32,mixed_evidence,confirmation,pro,0.9434891958463129,1.0,,,,
32,mixed_evidence,confirmation,pro,0.9299410197229551,2.0,,,,
32,mixed_evidence,confirmation,pro,0.9134427243651272,3.0,,,,
32,mixed_evidence,confirmation,pro,0.8935041503726586,4.0,,,,
32,mixed_evidence,confirmation,pro,0.869628222947707,5.0,,,,
32,mixed_evidence,confirmation,pro,0.8413498669743105,6.0,,,,
32,mixed_evidence,confirmation,pro,0.9743233557017307,7.0,,,,
32,mixed_evidence,confirmation,pro,0.9963304745243482,8.0,,,,
32,mixed_evidence,confirmation,pro,0.9994855367602652,9.0,,,,
32,mixed_evidence,confirmation,pro,0.9999280686957055,10.0,,,,
32,mixed_evidence,confirmation,pro,0.9999899465261899,11.0,,,,
32,mixed_evidence,confirmation,pro,0.9999873547075998,12.0,,,,
33,mixed_evidence,confirmation,con,0.3,0.0,,,,
33,mixed_evidence,confirmation,con,0.0591641302987835,1.0,,,,
33,mixed_evidence,confirmation,con,0.07667652274621088,2.0,,,,
33,mixed_evidence,confirmation,con,0.09882802602039141,3.0,,,,
33,mixed_evidence,confirmation,con,0.015836568061318654,4.0,,,,
33,mixed_evidence,confirmation,con,0.0023555430445893993,5.0,,,,
33,mixed_evidence,confirmation,con,0.00034632689600516675,6.0,,,,
33,mixed_evidence,confirmation,con,5.083185765407029e-05,7.0,,,,
33,mixed_evidence,confirmation,con,6.712631664222658e-05,8.0,,,,
33,mixed_evidence,confirmation,con,9.85006500027525e-06,9.0,,,,
33,mixed_evidence,confirmation,con,1.300773371987547e-05,10.0,,,,
33,mixed_evidence,confirmation,con,1.7177649613949647e-05,11.0,,,,
33,mixed_evidence,confirmation,con,2.268429368019964e-05,12.0,,,,
34,mixed_evidence,confirmation,pro,0.7,0.0,,,,
34,mixed_evidence,confirmation,pro,0.5557324668215753,1.0,,,,
34,mixed_evidence,confirmation,pro,0.8578622471872073,2.0,,,,
34,mixed_evidence,confirmation,pro,0.7639049817042555,3.0,,,,
34,mixed_evidence,confirmation,pro,0.9398000634289829,4.0,,,,
34,mixed_evidence,confirmation,pro,0.986897752286143,5.0,,,,
34,mixed_evidence,confirmation,pro,0.975833977589005,6.0,,,,
34,mixed_evidence,confirmation,pro,0.9558457372388095,7.0,,,,
34,mixed_evidence,confirmation,pro,0.9206688295562094,8.0,,,,
34,mixed_evidence,confirmation,pro,0.9824544919883725,9.0,,,,
34,mixed_evidence,confirmation,pro,0.9677613124510109,10.0,,,,
34,mixed_evidence,confirmation,pro,0.9931430028929091,11.0,,,,
34,mixed_evidence,confirmation,pro,0.9985710591998902,12.0,,,,
35,mixed_evidence,confirmation,con,0.3,0.0,,,,
35,mixed_evidence,confirmation,con,0.062430883440800757,1.0,,,,
35,mixed_evidence,confirmation,con,0.08518173762639066,2.0,,,,
35,mixed_evidence,confirmation,con,0.11520464388415898,3.0,,,,
35,mixed_evidence,confirmation,con,0.1540276837419145,4.0,,,,
35,mixed_evidence,confirmation,con,0.027510625854602545,5.0,,,,
35,mixed_evidence,confirmation,con,0.03805243791851184,6.0,,,,
35,mixed_evidence,confirmation,con,0.006108618246624139,7.0,,,,
35,mixed_evidence,confirmation,con,0.000954031039374302,8.0,,,,
35,mixed_evidence,confirmation,con,0.0013335612579233253,9.0,,,,
35,mixed_evidence,confirmation,con,0.00020743182655643343,10.0,,,,
35,mixed_evidence,confirmation,con,0.00029003805842824125,11.0,,,,
35,mixed_evidence,confirmation,con,4.5074857847171386e-05,12.0,,,,
36,mixed_evidence,confirmation,pro,0.7,0.0,,,,
36,mixed_evidence,confirmation,pro,0.9478273151723037,1.0,,,,
36,mixed_evidence,confirmation,pro,0.9401784684670654,2.0,,,,
36,mixed_evidence,confirmation,pro,0.9918940621759116,3.0,,,,
36,mixed_evidence,confirmation,pro,0.9989514886707882,4.0,,,,
36,mixed_evidence,confirmation,pro,0.9987881876142121,5.0,,,,
36,mixed_evidence,confirmation,pro,0.9985994887890333,6.0,,,,
36,mixed_evidence,confirmation,pro,0.9998199024606843,7.0,,,,
36,mixed_evidence,confirmation,pro,0.999791824870543,8.0,,,,
36,mixed_evidence,confirmation,pro,0.9999732577220036,9.0,,,,
36,mixed_evidence,confirmation,pro,0.9999690878046854,10.0,,,,
36,mixed_evidence,confirmation,pro,0.9999642676963436,11.0,,,,
36,mixed_evidence,confirmation,pro,0.9999954105008618,12.0,,,,
37,mixed_evidence,confirmation,con,0.3,0.0,,,,
37,mixed_evidence,confirmation,con,0.43773836673906197,1.0,,,,
37,mixed_evidence,confirmation,con,0.5857943232173981,2.0,,,,
37,mixed_evidence,confirmation,con,0.4377383667390619,3.0,,,,
37,mixed_evidence,confirmation,con,0.13580029579639885,4.0,,,,
37,mixed_evidence,confirmation,con,0.03074229624729779,5.0,,,,
37,mixed_evidence,confirmation,con,0.006361155936697739,6.0,,,,
37,mixed_evidence,confirmation,con,0.0012904973065538054,7.0,,,,
37,mixed_evidence,confirmation,con,0.0023418152980657827,8.0,,,,
37,mixed_evidence,confirmation,con,0.004245959963078698,9.0,,,,
37,mixed_evidence,confirmation,con,0.0008599251194399598,10.0,,,,
37,mixed_evidence,confirmation,con,0.001561020954807114,11.0,,,,
37,mixed_evidence,confirmation,con,0.0028320990878214955,12.0,,,,
38,mixed_evidence,confirmation,pro,0.7,0.0,,,,
38,mixed_evidence,confirmation,pro,0.4972052556321278,1.0,,,,
38,mixed_evidence,confirmation,pro,0.7,2.0,,,,
38,mixed_evidence,confirmation,pro,0.4972052556321278,3.0,,,,
38,mixed_evidence,confirmation,pro,0.7,4.0,,,,
38,mixed_evidence,confirmation,pro,0.4972052556321278,5.0,,,,
38,mixed_evidence,confirmation,pro,0.7,6.0,,,,
38,mixed_evidence,confirmation,pro,0.4972052556321278,7.0,,,,
38,mixed_evidence,confirmation,pro,0.7,8.0,,,,
38,mixed_evidence,confirmation,pro,0.4972052556321278,9.0,,,,
38,mixed_evidence,confirmation,pro,0.20588235294117646,10.0,,,,
38,mixed_evidence,confirmation,pro,0.37955210013906804,11.0,,,,
38,mixed_evidence,confirmation,pro,0.5907404482869335,12.0,,,,
39,mixed_evidence,confirmation,con,0.3,0.0,,,,
39,mixed_evidence,confirmation,con,0.09055383793147224,1.0,,,,
39,mixed_evidence,confirmation,con,0.17232190613475745,2.0,,,,
39,mixed_evidence,confirmation,con,0.3033007741782163,3.0,,,,
39,mixed_evidence,confirmation,con,0.09185254875689697,4.0,,,,
39,mixed_evidence,confirmation,con,0.17456822241574146,5.0,,,,
39,mixed_evidence,confirmation,con,0.046833789127048914,6.0,,,,
39,mixed_evidence,confirmation,con,0.01128671810739643,7.0,,,,
39,mixed_evidence,confirmation,con,0.023313194798905028,8.0,,,,
39,mixed_evidence,confirmation,con,0.00551507381071349,9.0,,,,
39,mixed_evidence,confirmation,con,0.011462919717813344,10.0,,,,
39,mixed_evidence,confirmation,con,0.002686831876358955,11.0,,,,
39,mixed_evidence,confirmation,con,0.005601682395183598,12.0,,,,
40,mixed_evidence,confirmation,pro,0.7,0.0,,,,
40,mixed_evidence,confirmation,pro,0.5728700145734319,1.0,,,,
40,mixed_evidence,confirmation,pro,0.8740296384376026,2.0,,,,
40,mixed_evidence,confirmation,pro,0.9728951808369901,3.0,,,,
40,mixed_evidence,confirmation,pro,0.9537719308235133,4.0,,,,
40,mixed_evidence,confirmation,pro,0.9222350996406986,5.0,,,,
40,mixed_evidence,confirmation,pro,0.9839616970920132,6.0,,,,
40,mixed_evidence,confirmation,pro,0.9724249031570329,7.0,,,,
40,mixed_evidence,confirmation,pro,0.994548385516122,8.0,,,,
40,mixed_evidence,confirmation,pro,0.9989415324799883,9.0,,,,
40,mixed_evidence,confirmation,pro,0.9981599976302511,10.0,,,,
40,mixed_evidence,confirmation,pro,0.9968032518480687,11.0,,,,
40,mixed_evidence,confirmation,pro,0.9993804618177032,12.0,,,,
41,mixed_evidence,confirmation,con,0.3,0.0,,,,
41,mixed_evidence,confirmation,con,0.43977700083801446,1.0,,,,
41,mixed_evidence,confirmation,con,0.13775520440246167,2.0,,,,
41,mixed_evidence,confirmation,con,0.03149103494086828,3.0,,,,
41,mixed_evidence,confirmation,con,0.056209198565871026,4.0,,,,
41,mixed_evidence,confirmation,con,0.09835891107211368,5.0,,,,
41,mixed_evidence,confirmation,con,0.16653826863547644,6.0,,,,
41,mixed_evidence,confirmation,con,0.2679336183619822,7.0,,,,
41,mixed_evidence,confirmation,con,0.06932362884018857,8.0,,,,
41,mixed_evidence,confirmation,con,0.01493324254063604,9.0,,,,
41,mixed_evidence,confirmation,con,0.003075788393443678,10.0,,,,
41,mixed_evidence,confirmation,con,0.0006275199697853467,11.0,,,,
41,mixed_evidence,confirmation,con,0.0011488129418436978,12.0,,,,
42,mixed_evidence,confirmation,pro,0.7,0.0,,,,
42,mixed_evidence,confirmation,pro,0.5884477832162246,1.0,,,,
42,mixed_evidence,confirmation,pro,0.8874576586849304,2.0,,,,
42,mixed_evidence,confirmation,pro,0.828535824641442,3.0,,,,
42,mixed_evidence,confirmation,pro,0.9638327833369426,4.0,,,,
42,mixed_evidence,confirmation,pro,0.9932419757019945,5.0,,,,
42,mixed_evidence,confirmation,pro,0.9890184691724252,6.0,,,,
42,mixed_evidence,confirmation,pro,0.982202728770403,7.0,,,,
42,mixed_evidence,confirmation,pro,0.9967252433684907,8.0,,,,
42,mixed_evidence,confirmation,pro,0.9994046172956268,9.0,,,,
42,mixed_evidence,confirmation,pro,0.9990287597924498,10.0,,,,
42,mixed_evidence,confirmation,pro,0.9998237523227305,11.0,,,,
42,mixed_evidence,confirmation,pro,0.9997124132740648,12.0,,,,
43,mixed_evidence,confirmation,con,0.3,0.0,,,,
43,mixed_evidence,confirmation,con,0.10796346171002973,1.0,,,,
43,mixed_evidence,confirmation,con,0.23524894919003295,2.0,,,,
43,mixed_evidence,confirmation,con,0.43878418327265445,3.0,,,,
43,mixed_evidence,confirmation,con,0.6652347279390751,4.0,,,,
43,mixed_evidence,confirmation,con,0.875569448075503,5.0,,,,
43,mixed_evidence,confirmation,con,0.7346449404885851,6.0,,,,
43,mixed_evidence,confirmation,con,0.907437022227826,7.0,,,,
43,mixed_evidence,confirmation,con,0.7941176470588236,8.0,,,,
43,mixed_evidence,confirmation,con,0.9317789918231697,9.0,,,,
43,mixed_evidence,confirmation,con,0.8431076704776943,10.0,,,,
43,mixed_evidence,confirmation,con,0.6789011914722235,11.0,,,,
43,mixed_evidence,confirmation,con,0.45410914240178313,12.0,,,,
44,mixed_evidence,confirmation,pro,0.7,0.0,,,,
44,mixed_evidence,confirmation,pro,0.5399422129621876,1.0,,,,
44,mixed_evidence,confirmation,pro,0.8415953854081422,2.0,,,,
44,mixed_evidence,confirmation,pro,0.9600816984627459,3.0,,,,
44,mixed_evidence,confirmation,pro,0.9236493268078448,4.0,,,,
44,mixed_evidence,confirmation,pro,0.9820672716248223,5.0,,,,
44,mixed_evidence,confirmation,pro,0.9959824969195654,6.0,,,,
44,mixed_evidence,confirmation,pro,0.9991097395412835,7.0,,,,
44,mixed_evidence,confirmation,pro,0.9982316138663557,8.0,,,,
44,mixed_evidence,confirmation,pro,0.9964903744888425,9.0,,,,
44,mixed_evidence,confirmation,pro,0.9992225914827194,10.0,,,,
44,mixed_evidence,confirmation,pro,0.9984556074443726,11.0,,,,
44,mixed_evidence,confirmation,pro,0.9969342457211132,12.0,,,,
45,mixed_evidence,confirmation,con,0.3,0.0,,,,
45,mixed_evidence,confirmation,con,0.4548298595663774,1.0,,,,
45,mixed_evidence,confirmation,con,0.15286877354682693,2.0,,,,
45,mixed_evidence,confirmation,con,0.2599646288104741,3.0,,,,
45,mixed_evidence,confirmation,con,0.07061676228686611,4.0,,,,
45,mixed_evidence,confirmation,con,0.12885392271686788,5.0,,,,
45,mixed_evidence,confirmation,con,0.22356565624023514,6.0,,,,
45,mixed_evidence,confirmation,con,0.35918951636280894,7.0,,,,
45,mixed_evidence,confirmation,con,0.10813012884051612,8.0,,,,
45,mixed_evidence,confirmation,con,0.1909480860912634,9.0,,,,
45,mixed_evidence,confirmation,con,0.04856987668681543,10.0,,,,
45,mixed_evidence,confirmation,con,0.010921245251717561,11.0,,,,
45,mixed_evidence,confirmation,con,0.00238262926779211,12.0,,,,
46,mixed_evidence,confirmation,pro,0.7,0.0,,,,
46,mixed_evidence,confirmation,pro,0.5863970929350549,1.0,,,,
46,mixed_evidence,confirmation,pro,0.4627898791980612,2.0,,,,
46,mixed_evidence,confirmation,pro,0.13609216670648852,3.0,,,,
46,mixed_evidence,confirmation,pro,0.20588235294117635,4.0,,,,
46,mixed_evidence,confirmation,pro,0.2990722361417658,5.0,,,,
46,mixed_evidence,confirmation,pro,0.41253086563584307,6.0,,,,
46,mixed_evidence,confirmation,pro,0.5361106047776777,7.0,,,,
46,mixed_evidence,confirmation,pro,0.41253086563584307,8.0,,,,
46,mixed_evidence,confirmation,pro,0.5361106047776777,9.0,,,,
46,mixed_evidence,confirmation,pro,0.8633871159962968,10.0,,,,
46,mixed_evidence,confirmation,pro,0.7933937593288009,11.0,,,,
46,mixed_evidence,confirmation,pro,0.6999999999999998,12.0,,,,
47,mixed_evidence,confirmation,con,0.3,0.0,,,,
47,mixed_evidence,confirmation,con,0.39171770053115124,1.0,,,,
47,mixed_evidence,confirmation,con,0.09707794452645112,2.0,,,,
47,mixed_evidence,confirmation,con,0.01763380417145437,3.0,,,,
47,mixed_evidence,confirmation,con,0.02626386830302282,4.0,,,,
47,mixed_evidence,confirmation,con,0.03895006295612541,5.0,,,,
47,mixed_evidence,confirmation,con,0.006721028605442199,6.0,,,,
47,mixed_evidence,confirmation,con,0.0011284347356801006,7.0,,,,
47,mixed_evidence,confirmation,con,0.0016946304496023325,8.0,,,,
47,mixed_evidence,confirmation,con,0.0025441930643097473,9.0,,,,
47,mixed_evidence,confirmation,con,0.003818034769917343,10.0,,,,
47,mixed_evidence,confirmation,con,0.000639478115803942,11.0,,,,
47,mixed_evidence,confirmation,con,0.00010682167806690152,12.0,,,,
48,mixed_evidence,confirmation,pro,0.7,0.0,,,,
48,mixed_evidence,confirmation,pro,0.6198854806000909,1.0,,,,
48,mixed_evidence,confirmation,pro,0.9111737244270609,2.0,,,,
48,mixed_evidence,confirmation,pro,0.9847384573451473,3.0,,,,
48,mixed_evidence,confirmation,pro,0.9975422025756098,4.0,,,,
48,mixed_evidence,confirmation,pro,0.996487096128103,5.0,,,,
48,mixed_evidence,confirmation,pro,0.9994398703944867,6.0,,,,
48,mixed_evidence,confirmation,pro,0.9991987583384679,7.0,,,,
48,mixed_evidence,confirmation,pro,0.998853976771751,8.0,,,,
48,mixed_evidence,confirmation,pro,0.9983610759144166,9.0,,,,
48,mixed_evidence,confirmation,pro,0.9997390873473881,10.0,,,,
48,mixed_evidence,confirmation,pro,0.9999585115012917,11.0,,,,
48,mixed_evidence,confirmation,pro,0.9999406392010395,12.0,,,,
49,mixed_evidence,confirmation,con,0.3,0.0,,,,
49,mixed_evidence,confirmation,con,0.36547645339382917,1.0,,,,
49,mixed_evidence,confirmation,con,0.07919961756660852,2.0,,,,
49,mixed_evidence,confirmation,con,0.10361884674739381,3.0,,,,
49,mixed_evidence,confirmation,con,0.016969112779285294,4.0,,,,
49,mixed_evidence,confirmation,con,0.022673577857420916,5.0,,,,
49,mixed_evidence,confirmation,con,0.0034524260693665444,6.0,,,,
49,mixed_evidence,confirmation,con,0.0005170680079718873,7.0,,,,
49,mixed_evidence,confirmation,con,0.0006947985091296287,8.0,,,,
49,mixed_evidence,confirmation,con,0.00010381535080307097,9.0,,,,
49,mixed_evidence,confirmation,con,1.550407518962092e-05,10.0,,,,
49,mixed_evidence,confirmation,con,2.0836846576034682e-05,11.0,,,,
49,mixed_evidence,confirmation,con,2.8003823093309913e-05,12.0,,,,
50,mixed_evidence,confirmation,pro,0.7,0.0,,,,
50,mixed_evidence,confirmation,pro,0.8901056788303793,1.0,,,,
50,mixed_evidence,confirmation,pro,0.7575179560539217,2.0,,,,
50,mixed_evidence,confirmation,pro,0.9155714450745497,3.0,,,,
50,mixed_evidence,confirmation,pro,0.9741225674383073,4.0,,,,
50,mixed_evidence,confirmation,pro,0.9924053608020849,5.0,,,,
50,mixed_evidence,confirmation,pro,0.980544678781474,6.0,,,,
50,mixed_evidence,confirmation,pro,0.9510741510348178,7.0,,,,
50,mixed_evidence,confirmation,pro,0.8823198972877484,8.0,,,,
50,mixed_evidence,confirmation,pro,0.7430502832513745,9.0,,,,
50,mixed_evidence,confirmation,pro,0.9094062308533086,10.0,,,,
50,mixed_evidence,confirmation,pro,0.7947346945966696,11.0,,,,
50,mixed_evidence,confirmation,pro,0.9307474608933762,12.0,,,,
51,mixed_evidence,confirmation,con,0.3,0.0,,,,
51,mixed_evidence,confirmation,con,0.06711279946160428,1.0,,,,
51,mixed_evidence,confirmation,con,0.09803098249278533,2.0,,,,
51,mixed_evidence,confirmation,con,0.017917309578340673,3.0,,,,
51,mixed_evidence,confirmation,con,0.026823285072430737,4.0,,,,
51,mixed_evidence,confirmation,con,0.03997586966144116,5.0,,,,
51,mixed_evidence,confirmation,con,0.006941345752190941,6.0,,,,
51,mixed_evidence,confirmation,con,0.0011719592430443594,7.0,,,,
51,mixed_evidence,confirmation,con,0.00019691974221015506,8.0,,,,
51,mixed_evidence,confirmation,con,0.0002974685763927351,9.0,,,,
51,mixed_evidence,confirmation,con,0.00044933539543494497,10.0,,,,
51,mixed_evidence,confirmation,con,7.545465768092662e-05,11.0,,,,
51,mixed_evidence,confirmation,con,0.00011398949540660212,12.0,,,,
52,mixed_evidence,confirmation,pro,0.7,0.0,,,,
52,mixed_evidence,confirmation,pro,0.5701047973349278,1.0,,,,
52,mixed_evidence,confirmation,pro,0.8715220852358675,2.0,,,,
52,mixed_evidence,confirmation,pro,0.7940421583793332,3.0,,,,
52,mixed_evidence,confirmation,pro,0.6866375227351983,4.0,,,,
52,mixed_evidence,confirmation,pro,0.9180882737407878,5.0,,,,
52,mixed_evidence,confirmation,pro,0.9828567157274674,6.0,,,,
52,mixed_evidence,confirmation,pro,0.9702243882556105,7.0,,,,
52,mixed_evidence,confirmation,pro,0.9940360660271775,8.0,,,,
52,mixed_evidence,confirmation,pro,0.9895538845524252,9.0,,,,
52,mixed_evidence,confirmation,pro,0.9979404980871783,10.0,,,,
52,mixed_evidence,confirmation,pro,0.9995967034131753,11.0,,,,
52,mixed_evidence,confirmation,pro,0.9992906244222695,12.0,,,,
53,mixed_evidence,confirmation,con,0.3,0.0,,,,
53,mixed_evidence,confirmation,con,0.0766258234869806,1.0,,,,
53,mixed_evidence,confirmation,con,0.12634399911171326,2.0,,,,
53,mixed_evidence,confirmation,con,0.027239205077624156,3.0,,,,
53,mixed_evidence,confirmation,con,0.046527862546754735,4.0,,,,
53,mixed_evidence,confirmation,con,0.07837475272412539,5.0,,,,
53,mixed_evidence,confirmation,con,0.016199553737749707,6.0,,,,
53,mixed_evidence,confirmation,con,0.00317824781759152,7.0,,,,
53,mixed_evidence,confirmation,con,0.005525614434645084,8.0,,,,
53,mixed_evidence,confirmation,con,0.00959000241276702,9.0,,,,
53,mixed_evidence,confirmation,con,0.0018713904989892769,10.0,,,,
53,mixed_evidence,confirmation,con,0.003256701584629537,11.0,,,,
53,mixed_evidence,confirmation,con,0.00063225778224181,12.0,,,,
54,mixed_evidence,confirmation,pro,0.7,0.0,,,,
54,mixed_evidence,confirmation,pro,0.6734627853748839,1.0,,,,
54,mixed_evidence,confirmation,pro,0.9425516453130439,2.0,,,,
54,mixed_evidence,confirmation,pro,0.9354927216076515,3.0,,,,
54,mixed_evidence,confirmation,pro,0.9914064343927511,4.0,,,,
54,mixed_evidence,confirmation,pro,0.9902886560750568,5.0,,,,
54,mixed_evidence,confirmation,pro,0.989027095801374,6.0,,,,
54,mixed_evidence,confirmation,pro,0.9986072874593236,7.0,,,,
54,mixed_evidence,confirmation,pro,0.9984246468869318,8.0,,,,
54,mixed_evidence,confirmation,pro,0.9998016967421552,9.0,,,,
54,mixed_evidence,confirmation,pro,0.9999750679201468,10.0,,,,
54,mixed_evidence,confirmation,pro,0.9999968658387733,11.0,,,,
54,mixed_evidence,confirmation,pro,0.999996454177253,12.0,,,,
55,mixed_evidence,confirmation,con,0.3,0.0,,,,
55,mixed_evidence,confirmation,con,0.08897712747622015,1.0,,,,
55,mixed_evidence,confirmation,con,0.021772821427766487,2.0,,,,
55,mixed_evidence,confirmation,con,0.04365730526886805,3.0,,,,
55,mixed_evidence,confirmation,con,0.010296142140760066,4.0,,,,
55,mixed_evidence,confirmation,con,0.020891446256357412,5.0,,,,
55,mixed_evidence,confirmation,con,0.04192800532316702,6.0,,,,
55,mixed_evidence,confirmation,con,0.009874659238346649,7.0,,,,
55,mixed_evidence,confirmation,con,0.0022676284161955453,8.0,,,,
55,mixed_evidence,confirmation,con,0.000517676952866743,9.0,,,,
55,mixed_evidence,confirmation,con,0.0010611847410239793,10.0,,,,
55,mixed_evidence,confirmation,con,0.002174078817443513,11.0,,,,
55,mixed_evidence,confirmation,con,0.004448898066867113,12.0,,,,
56,mixed_evidence,confirmation,pro,0.7,0.0,,,,
56,mixed_evidence,confirmation,pro,0.9164465047216497,1.0,,,,
56,mixed_evidence,confirmation,pro,0.9809739228098576,2.0,,,,
56,mixed_evidence,confirmation,pro,0.9641958118775791,3.0,,,,
56,mixed_evidence,confirmation,pro,0.9921623543844788,4.0,,,,
56,mixed_evidence,confirmation,pro,0.9983223245495347,5.0,,,,
56,mixed_evidence,confirmation,pro,0.9967928528998373,6.0,,,,
56,mixed_evidence,confirmation,pro,0.9938775724725735,7.0,,,,
56,mixed_evidence,confirmation,pro,0.9883433062770464,8.0,,,,
56,mixed_evidence,confirmation,pro,0.9974972724999318,9.0,,,,
56,mixed_evidence,confirmation,pro,0.9994665368864184,10.0,,,,
56,mixed_evidence,confirmation,pro,0.9989791325617929,11.0,,,,
56,mixed_evidence,confirmation,pro,0.9980472760770864,12.0,,,,
57,mixed_evidence,confirmation,con,0.3,0.0,,,,
57,mixed_evidence,confirmation,con,0.4183557586160611,1.0,,,,
57,mixed_evidence,confirmation,con,0.5469225729518744,2.0,,,,
57,mixed_evidence,confirmation,con,0.4183557586160611,3.0,,,,
57,mixed_evidence,confirmation,con,0.11826326097540701,4.0,,,,
57,mixed_evidence,confirmation,con,0.024400848128383505,5.0,,,,
57,mixed_evidence,confirmation,con,0.004642322133678007,6.0,,,,
57,mixed_evidence,confirmation,con,0.007766672926044158,7.0,,,,
57,mixed_evidence,confirmation,con,0.0129663655860846,8.0,,,,
57,mixed_evidence,confirmation,con,0.002443691197271928,9.0,,,,
57,mixed_evidence,confirmation,con,0.0004565971080826285,10.0,,,,
57,mixed_evidence,confirmation,con,0.0007660617521762221,11.0,,,,
57,mixed_evidence,confirmation,con,0.0012850004504017852,12.0,,,,
58,mixed_evidence,confirmation,pro,0.7,0.0,,,,
58,mixed_evidence,confirmation,pro,0.8902112945037277,1.0,,,,
58,mixed_evidence,confirmation,pro,0.965726377597031,2.0,,,,
58,mixed_evidence,confirmation,pro,0.9898903907002643,3.0,,,,
58,mixed_evidence,confirmation,pro,0.9970696862301214,4.0,,,,
58,mixed_evidence,confirmation,pro,0.9991549881025062,5.0,,,,
58,mixed_evidence,confirmation,pro,0.9978144356168287,6.0,,,,
58,mixed_evidence,confirmation,pro,0.9993700856283013,7.0,,,,
58,mixed_evidence,confirmation,pro,0.9983702137628494,8.0,,,,
58,mixed_evidence,confirmation,pro,0.9957899174217324,9.0,,,,
58,mixed_evidence,confirmation,pro,0.9891687856152829,10.0,,,,
58,mixed_evidence,confirmation,pro,0.9724230734131086,11.0,,,,
58,mixed_evidence,confirmation,pro,0.9315783043880711,12.0,,,,
59,mixed_evidence,confirmation,con,0.3,0.0,,,,
59,mixed_evidence,confirmation,con,0.04789830092782036,1.0,,,,
59,mixed_evidence,confirmation,con,0.05046649294051329,2.0,,,,
59,mixed_evidence,confirmation,con,0.05316469616049314,3.0,,,,
59,mixed_evidence,confirmation,con,0.05599865174117978,4.0,,,,
59,mixed_evidence,confirmation,con,0.05897426277528158,5.0,,,,
59,mixed_evidence,confirmation,con,0.007302832755240188,6.0,,,,
59,mixed_evidence,confirmation,con,0.007712023848335249,7.0,,,,
59,mixed_evidence,confirmation,con,0.0009114821248760542,8.0,,,,
59,mixed_evidence,confirmation,con,0.00010708070812655926,9.0,,,,
59,mixed_evidence,confirmation,con,1.2570884477237551e-05,10.0,,,,
59,mixed_evidence,confirmation,con,1.3280719062515414e-05,11.0,,,,
59,mixed_evidence,confirmation,con,1.5589788877048597e-06,12.0,,,,
60,mixed_evidence,confirmation,pro,0.7,0.0,,,,
60,mixed_evidence,confirmation,pro,0.9481202212264332,1.0,,,,
60,mixed_evidence,confirmation,pro,0.9930621861494204,2.0,,,,
60,mixed_evidence,confirmation,pro,0.9991088096444842,3.0,,,,
60,mixed_evidence,confirmation,pro,0.9998861272722512,4.0,,,,
60,mixed_evidence,confirmation,pro,0.9999854596668278,5.0,,,,
60,mixed_evidence,confirmation,pro,0.999983291886474,6.0,,,,
60,mixed_evidence,confirmation,pro,0.9999808009236054,7.0,,,,
60,mixed_evidence,confirmation,pro,0.9999975486851179,8.0,,,,
60,mixed_evidence,confirmation,pro,0.999997183219898,9.0,,,,
60,mixed_evidence,confirmation,pro,0.9999967632678409,10.0,,,,
60,mixed_evidence,confirmation,pro,0.9999962807056163,11.0,,,,
60,mixed_evidence,confirmation,pro,0.999995726198821,12.0,,,,
61,mixed_evidence,confirmation,con,0.3,0.0,,,,
61,mixed_evidence,confirmation,con,0.08558711888846195,1.0,,,,
61,mixed_evidence,confirmation,con,0.020031842326008086,2.0,,,,
61,mixed_evidence,confirmation,con,0.03862659270434913,3.0,,,,
61,mixed_evidence,confirmation,con,0.0731929092430468,4.0,,,,
61,mixed_evidence,confirmation,con,0.13436866369719822,5.0,,,,
61,mixed_evidence,confirmation,con,0.032789068698883865,6.0,,,,
61,mixed_evidence,confirmation,con,0.06247093316172992,7.0,,,,
61,mixed_evidence,confirmation,con,0.11580484963871908,8.0,,,,
61,mixed_evidence,confirmation,con,0.20472891219937459,9.0,,,,
61,mixed_evidence,confirmation,con,0.05322940400875743,10.0,,,,
61,mixed_evidence,confirmation,con,0.012129688083102644,11.0,,,,
61,mixed_evidence,confirmation,con,0.00267441940455338,12.0,,,,
62,mixed_evidence,confirmation,pro,0.7,0.0,,,,
62,mixed_evidence,confirmation,pro,0.5788922873271143,1.0,,,,
62,mixed_evidence,confirmation,pro,0.44748382790304747,2.0,,,,
62,mixed_evidence,confirmation,pro,0.5788922873271143,3.0,,,,
62,mixed_evidence,confirmation,pro,0.44748382790304747,4.0,,,,
62,mixed_evidence,confirmation,pro,0.13250414567800345,5.0,,,,
62,mixed_evidence,confirmation,pro,0.027999999999999994,6.0,,,,
62,mixed_evidence,confirmation,pro,0.04661567642836057,7.0,,,,
62,mixed_evidence,confirmation,pro,0.07663214027281104,8.0,,,,
62,mixed_evidence,confirmation,pro,0.12347342792940581,9.0,,,,
62,mixed_evidence,confirmation,pro,0.02587920563055711,10.0,,,,
62,mixed_evidence,confirmation,pro,0.043147471784853654,11.0,,,,
62,mixed_evidence,confirmation,pro,0.07109725122613518,12.0,,,,
63,mixed_evidence,confirmation,con,0.3,0.0,,,,
63,mixed_evidence,confirmation,con,0.3894269858785287,1.0,,,,
63,mixed_evidence,confirmation,con,0.4869666722536608,2.0,,,,
63,mixed_evidence,confirmation,con,0.5855092310398136,3.0,,,,
63,mixed_evidence,confirmation,con,0.4869666722536608,4.0,,,,
63,mixed_evidence,confirmation,con,0.13566247671121487,5.0,,,,
63,mixed_evidence,confirmation,con,0.02529713453734566,6.0,,,,
63,mixed_evidence,confirmation,con,0.037188245912856,7.0,,,,
63,mixed_evidence,confirmation,con,0.00634632149102127,8.0,,,,
63,mixed_evidence,confirmation,con,0.0010549972225668118,9.0,,,,
63,mixed_evidence,confirmation,con,0.0015692527827483988,10.0,,,,
63,mixed_evidence,confirmation,con,0.002333595247436248,11.0,,,,
63,mixed_evidence,confirmation,con,0.0003866294694786839,12.0,,,,
64,mixed_evidence,confirmation,pro,0.7,0.0,,,,
64,mixed_evidence,confirmation,pro,0.9440981776119413,1.0,,,,
64,mixed_evidence,confirmation,pro,0.9918856079403007,2.0,,,,
64,mixed_evidence,confirmation,pro,0.9988710118061844,3.0,,,,
64,mixed_evidence,confirmation,pro,0.9998438658981835,4.0,,,,
64,mixed_evidence,confirmation,pro,0.9999784254470729,5.0,,,,
64,mixed_evidence,confirmation,pro,0.9999731732769775,6.0,,,,
64,mixed_evidence,confirmation,pro,0.9999666425464128,7.0,,,,
64,mixed_evidence,confirmation,pro,0.9999585220326839,8.0,,,,
64,mixed_evidence,confirmation,pro,0.9999484247690834,9.0,,,,
64,mixed_evidence,confirmation,pro,0.9999928739957384,10.0,,,,
64,mixed_evidence,confirmation,pro,0.9999911391899681,11.0,,,,
64,mixed_evidence,confirmation,pro,0.9999889820552471,12.0,,,,
65,mixed_evidence,confirmation,con,0.3,0.0,,,,
65,mixed_evidence,confirmation,con,0.09097637041075848,1.0,,,,
65,mixed_evidence,confirmation,con,0.1737872974835042,2.0,,,,
65,mixed_evidence,confirmation,con,0.04681998898052537,3.0,,,,
65,mixed_evidence,confirmation,con,0.09357522434554162,4.0,,,,
65,mixed_evidence,confirmation,con,0.023540387802732887,5.0,,,,
65,mixed_evidence,confirmation,con,0.005598238953726124,6.0,,,,
65,mixed_evidence,confirmation,con,0.011693750330616351,7.0,,,,
65,mixed_evidence,confirmation,con,0.0027554603203376682,8.0,,,,
65,mixed_evidence,confirmation,con,0.0006448260567552341,9.0,,,,
65,mixed_evidence,confirmation,con,0.0013542750853551009,10.0,,,,
65,mixed_evidence,confirmation,con,0.0028420526877986543,11.0,,,,
65,mixed_evidence,confirmation,con,0.005954525382358559,12.0,,,,
66,mixed_evidence,confirmation,pro,0.7,0.0,,,,
66,mixed_evidence,confirmation,pro,0.6224313127285015,1.0,,,,
66,mixed_evidence,confirmation,pro,0.5380422598861591,2.0,,,,
66,mixed_evidence,confirmation,pro,0.4514154332403837,3.0,,,,
66,mixed_evidence,confirmation,pro,0.11458283601937963,4.0,,,,
66,mixed_evidence,confirmation,pro,0.019946208611435923,5.0,,,,
66,mixed_evidence,confirmation,pro,0.027999999999999994,6.0,,,,
66,mixed_evidence,confirmation,pro,0.03917572617075243,7.0,,,,
66,mixed_evidence,confirmation,pro,0.05456166556294225,8.0,,,,
66,mixed_evidence,confirmation,pro,0.07551538203811609,9.0,,,,
66,mixed_evidence,confirmation,pro,0.012683264403699808,10.0,,,,
66,mixed_evidence,confirmation,pro,0.01785789237313081,11.0,,,,
66,mixed_evidence,confirmation,pro,0.02509005951004632,12.0,,,,
67,mixed_evidence,confirmation,con,0.3,0.0,,,,
67,mixed_evidence,confirmation,con,0.0734610682880484,1.0,,,,
67,mixed_evidence,confirmation,con,0.11661548228992732,2.0,,,,
67,mixed_evidence,confirmation,con,0.1801906181975583,3.0,,,,
67,mixed_evidence,confirmation,con,0.26791347903310425,4.0,,,,
67,mixed_evidence,confirmation,con,0.06340921630993926,5.0,,,,
67,mixed_evidence,confirmation,con,0.10130433176185298,6.0,,,,
67,mixed_evidence,confirmation,con,0.15802549856156656,7.0,,,,
67,mixed_evidence,confirmation,con,0.03355638014296113,8.0,,,,
67,mixed_evidence,confirmation,con,0.006382461205149746,9.0,,,,
67,mixed_evidence,confirmation,con,0.001186925624749963,10.0,,,,
67,mixed_evidence,confirmation,con,0.00021979316077546957,11.0,,,,
67,mixed_evidence,confirmation,con,0.0003659009727803859,12.0,,,,
68,mixed_evidence,confirmation,pro,0.7,0.0,,,,
68,mixed_evidence,confirmation,pro,0.5669172555308515,1.0,,,,
68,mixed_evidence,confirmation,pro,0.868583930280714,2.0,,,,
68,mixed_evidence,confirmation,pro,0.7875938873672366,3.0,,,,
68,mixed_evidence,confirmation,pro,0.9492949378950812,4.0,,,,
68,mixed_evidence,confirmation,pro,0.9130677085488139,5.0,,,,
68,mixed_evidence,confirmation,pro,0.8549131275557983,6.0,,,,
68,mixed_evidence,confirmation,pro,0.7677507287502507,7.0,,,,
68,mixed_evidence,confirmation,pro,0.9434738422021192,8.0,,,,
68,mixed_evidence,confirmation,pro,0.988273131077781,9.0,,,,
68,mixed_evidence,confirmation,pro,0.9976553872899225,10.0,,,,
68,mixed_evidence,confirmation,pro,0.9958283961605575,11.0,,,,
68,mixed_evidence,confirmation,pro,0.999171020364458,12.0,,,,
69,mixed_evidence,confirmation,con,0.3,0.0,,,,
69,mixed_evidence,confirmation,con,0.08643553728622695,1.0,,,,
69,mixed_evidence,confirmation,con,0.020459981928738845,2.0,,,,
69,mixed_evidence,confirmation,con,0.004590024198853222,3.0,,,,
69,mixed_evidence,confirmation,con,0.009078719016684937,4.0,,,,
69,mixed_evidence,confirmation,con,0.01787817625643352,5.0,,,,
69,mixed_evidence,confirmation,con,0.03490598584590439,6.0,,,,
69,mixed_evidence,confirmation,con,0.06704457094922507,7.0,,,,
69,mixed_evidence,confirmation,con,0.015616969490857549,8.0,,,,
69,mixed_evidence,confirmation,con,0.030558135150593677,9.0,,,,
69,mixed_evidence,confirmation,con,0.0589380450359974,10.0,,,,
69,mixed_evidence,confirmation,con,0.013637785670432605,11.0,,,,
69,mixed_evidence,confirmation,con,0.003043082656469653,12.0,,,,
70,mixed_evidence,confirmation,pro,0.7,0.0,,,,
70,mixed_evidence,confirmation,pro,0.6237470970944365,1.0,,,,
70,mixed_evidence,confirmation,pro,0.5408261702851288,2.0,,,,
70,mixed_evidence,confirmation,pro,0.8827857671786119,3.0,,,,
70,mixed_evidence,confirmation,pro,0.9796574739556096,4.0,,,,
70,mixed_evidence,confirmation,pro,0.9716033101885615,5.0,,,,
70,mixed_evidence,confirmation,pro,0.9954500794296749,6.0,,,,
70,mixed_evidence,confirmation,pro,0.9992857017261986,7.0,,,,
70,mixed_evidence,confirmation,pro,0.998994918420623,8.0,,,,
70,mixed_evidence,confirmation,pro,0.9985859278035445,9.0,,,,
70,mixed_evidence,confirmation,pro,0.9997785908462904,10.0,,,,
70,mixed_evidence,confirmation,pro,0.9996883949430555,11.0,,,,
70,mixed_evidence,confirmation,pro,0.9999512556510254,12.0,,,,
71,mixed_evidence,confirmation,con,0.3,0.0,,,,
71,mixed_evidence,confirmation,con,0.07902941975421988,1.0,,,,
71,mixed_evidence,confirmation,con,0.1339247901868318,2.0,,,,
71,mixed_evidence,confirmation,con,0.03003188864745272,3.0,,,,
71,mixed_evidence,confirmation,con,0.006161138680260761,4.0,,,,
71,mixed_evidence,confirmation,con,0.0012397270876571063,5.0,,,,
71,mixed_evidence,confirmation,con,0.0022318079327862694,6.0,,,,
71,mixed_evidence,confirmation,con,0.00401460170134229,7.0,,,,
71,mixed_evidence,confirmation,con,0.007211218991105494,8.0,,,,
71,mixed_evidence,confirmation,con,0.012920117263418114,9.0,,,,
71,mixed_evidence,confirmation,con,0.0026139499368930965,10.0,,,,
71,mixed_evidence,confirmation,con,0.0047005650190084115,11.0,,,,
71,mixed_evidence,confirmation,con,0.0009447255156381484,12.0,,,,
72,mixed_evidence,confirmation,pro,0.7,0.0,,,,
72,mixed_evidence,confirmation,pro,0.9070780797115606,1.0,,,,
72,mixed_evidence,confirmation,pro,0.9760989146061372,2.0,,,,
72,mixed_evidence,confirmation,pro,0.9941811174218079,3.0,,,,
72,mixed_evidence,confirmation,pro,0.998602933078332,4.0,,,,
72,mixed_evidence,confirmation,pro,0.9996657053274559,5.0,,,,
72,mixed_evidence,confirmation,pro,0.99928112208093,6.0,,,,
72,mixed_evidence,confirmation,pro,0.9984547858977245,7.0,,,,
72,mixed_evidence,confirmation,pro,0.9996302144605324,8.0,,,,
72,mixed_evidence,confirmation,pro,0.9992048338668206,9.0,,,,
72,mixed_evidence,confirmation,pro,0.9982909558425813,10.0,,,,
72,mixed_evidence,confirmation,pro,0.9963306222359235,11.0,,,,
72,mixed_evidence,confirmation,pro,0.9921394225374096,12.0,,,,
73,mixed_evidence,confirmation,con,0.3,0.0,,,,
73,mixed_evidence,confirmation,con,0.05216254145648156,1.0,,,,
73,mixed_evidence,confirmation,con,0.05979846038503794,2.0,,,,
73,mixed_evidence,confirmation,con,0.06847142930223331,3.0,,,,
73,mixed_evidence,confirmation,con,0.0782975421416326,4.0,,,,
73,mixed_evidence,confirmation,con,0.010790641402801573,5.0,,,,
73,mixed_evidence,confirmation,con,0.012449800563019059,6.0,,,,
73,mixed_evidence,confirmation,con,0.0016162271098517462,7.0,,,,
73,mixed_evidence,confirmation,con,0.00020783384064283227,8.0,,,,
73,mixed_evidence,confirmation,con,0.0002401852755040426,9.0,,,,
73,mixed_evidence,confirmation,con,3.0848849068801805e-05,10.0,,,,
73,mixed_evidence,confirmation,con,3.961432890869884e-06,11.0,,,,
73,mixed_evidence,confirmation,con,4.5782152200722996e-06,12.0,,,,
74,mixed_evidence,confirmation,pro,0.7,0.0,,,,
74,mixed_evidence,confirmation,pro,0.9364081802148553,1.0,,,,
74,mixed_evidence,confirmation,pro,0.9117032151923234,2.0,,,,
74,mixed_evidence,confirmation,pro,0.984885630196344,3.0,,,,
74,mixed_evidence,confirmation,pro,0.9785830664921701,4.0,,,,
74,mixed_evidence,confirmation,pro,0.9697331527975315,5.0,,,,
74,mixed_evidence,confirmation,pro,0.9573855245726905,6.0,,,,
74,mixed_evidence,confirmation,pro,0.9929962483584146,7.0,,,,
74,mixed_evidence,confirmation,pro,0.9900415465299409,8.0,,,,
74,mixed_evidence,confirmation,pro,0.9858580847600555,9.0,,,,
74,mixed_evidence,confirmation,pro,0.9977321171352382,10.0,,,,
74,mixed_evidence,confirmation,pro,0.999639949754966,11.0,,,,
74,mixed_evidence,confirmation,pro,0.999942930041003,12.0,,,,
75,mixed_evidence,confirmation,con,0.3,0.0,,,,
75,mixed_evidence,confirmation,con,0.47913831795237505,1.0,,,,
75,mixed_evidence,confirmation,con,0.1799159379183346,2.0,,,,
75,mixed_evidence,confirmation,con,0.049720490135642635,3.0,,,,
75,mixed_evidence,confirmation,con,0.1009660588607548,4.0,,,,
75,mixed_evidence,confirmation,con,0.19423338031218418,5.0,,,,
75,mixed_evidence,confirmation,con,0.054363995331372164,6.0,,,,
75,mixed_evidence,confirmation,con,0.10984229595705604,7.0,,,,
75,mixed_evidence,confirmation,con,0.02858768721882784,8.0,,,,
75,mixed_evidence,confirmation,con,0.05941405357824128,9.0,,,,
75,mixed_evidence,confirmation,con,0.11939523852269737,10.0,,,,
75,mixed_evidence,confirmation,con,0.0313226078092775,11.0,,,,
75,mixed_evidence,confirmation,con,0.007652709151191573,12.0,,,,
76,mixed_evidence,confirmation,pro,0.7,0.0,,,,
76,mixed_evidence,confirmation,pro,0.5190463944776872,1.0,,,,
76,mixed_evidence,confirmation,pro,0.817927931049362,2.0,,,,
76,mixed_evidence,confirmation,pro,0.6750896582881014,3.0,,,,
76,mixed_evidence,confirmation,pro,0.49005652019726287,4.0,,,,
76,mixed_evidence,confirmation,pro,0.1875622751078027,5.0,,,,
76,mixed_evidence,confirmation,pro,0.3329543834141604,6.0,,,,
76,mixed_evidence,confirmation,pro,0.519046394477687,7.0,,,,
76,mixed_evidence,confirmation,pro,0.3329543834141604,8.0,,,,
76,mixed_evidence,confirmation,pro,0.10707222255701514,9.0,,,,
76,mixed_evidence,confirmation,pro,0.2058823529411762,10.0,,,,
76,mixed_evidence,confirmation,pro,0.35919694851907186,11.0,,,,
76,mixed_evidence,confirmation,pro,0.5479085927941107,12.0,,,,
77,mixed_evidence,confirmation,con,0.3,0.0,,,,
77,mixed_evidence,confirmation,con,0.07740418712638354,1.0,,,,
77,mixed_evidence,confirmation,con,0.1287812039909931,2.0,,,,
77,mixed_evidence,confirmation,con,0.02812329342361866,3.0,,,,
77,mixed_evidence,confirmation,con,0.04851002424001006,4.0,,,,
77,mixed_evidence,confirmation,con,0.009881980646881706,5.0,,,,
77,mixed_evidence,confirmation,con,0.017280600638467515,6.0,,,,
77,mixed_evidence,confirmation,con,0.0034305726765455503,7.0,,,,
77,mixed_evidence,confirmation,con,0.0006734358881049528,8.0,,,,
77,mixed_evidence,confirmation,con,0.0011858936992430124,9.0,,,,
77,mixed_evidence,confirmation,con,0.00023237527862852447,10.0,,,,
77,mixed_evidence,confirmation,con,0.0004093410631938017,11.0,,,,
77,mixed_evidence,confirmation,con,0.0007209782510500693,12.0,,,,
78,mixed_evidence,confirmation,pro,0.7,0.0,,,,
78,mixed_evidence,confirmation,pro,0.9441340121848444,1.0,,,,
78,mixed_evidence,confirmation,pro,0.9315089234673385,2.0,,,,
78,mixed_evidence,confirmation,pro,0.9162836926093312,3.0,,,,
78,mixed_evidence,confirmation,pro,0.8980444074491448,4.0,,,,
78,mixed_evidence,confirmation,pro,0.9845670425495131,5.0,,,,
78,mixed_evidence,confirmation,pro,0.997840488053981,6.0,,,,
78,mixed_evidence,confirmation,pro,0.9997012861466095,7.0,,,,
78,mixed_evidence,confirmation,pro,0.9996288435381235,8.0,,,,
78,mixed_evidence,confirmation,pro,0.9999487390549479,9.0,,,,
78,mixed_evidence,confirmation,pro,0.9999929222303849,10.0,,,,
78,mixed_evidence,confirmation,pro,0.9999912051424402,11.0,,,,
78,mixed_evidence,confirmation,pro,0.9999890714884092,12.0,,,,
79,mixed_evidence,confirmation,con,0.3,0.0,,,,
79,mixed_evidence,confirmation,con,0.07747739765597801,1.0,,,,
79,mixed_evidence,confirmation,con,0.016191363952012157,2.0,,,,
79,mixed_evidence,confirmation,con,0.02820744035209337,3.0,,,,
79,mixed_evidence,confirmation,con,0.04869956782605061,4.0,,,,
79,mixed_evidence,confirmation,con,0.009932238221604675,5.0,,,,
79,mixed_evidence,confirmation,con,0.017385322815361922,6.0,,,,
79,mixed_evidence,confirmation,con,0.003455183695432959,7.0,,,,
79,mixed_evidence,confirmation,con,0.0006789755360521066,8.0,,,,
79,mixed_evidence,confirmation,con,0.00013312697900196623,9.0,,,,
79,mixed_evidence,confirmation,con,0.00023476817873554232,10.0,,,,
79,mixed_evidence,confirmation,con,0.00041397935112324075,11.0,,,,
79,mixed_evidence,confirmation,con,0.0007298921723012091,12.0,,,,
80,mixed_evidence,confirmation,pro,0.7,0.0,,,,
80,mixed_evidence,confirmation,pro,0.9163143086971507,1.0,,,,
80,mixed_evidence,confirmation,pro,0.9809094179793523,2.0,,,,
80,mixed_evidence,confirmation,pro,0.9640167106267968,3.0,,,,
80,mixed_evidence,confirmation,pro,0.9331941719360669,4.0,,,,
80,mixed_evidence,confirmation,pro,0.9849737532373777,5.0,,,,
80,mixed_evidence,confirmation,pro,0.996759591169822,6.0,,,,
80,mixed_evidence,confirmation,pro,0.9938036490818389,7.0,,,,
80,mixed_evidence,confirmation,pro,0.9881832259822906,8.0,,,,
80,mixed_evidence,confirmation,pro,0.9775797887120109,9.0,,,,
80,mixed_evidence,confirmation,pro,0.9578673392248496,10.0,,,,
80,mixed_evidence,confirmation,pro,0.9907136469251809,11.0,,,,
80,mixed_evidence,confirmation,pro,0.9980065105301033,12.0,,,,
81,mixed_evidence,confirmation,con,0.3,0.0,,,,
81,mixed_evidence,confirmation,con,0.5164204903067621,1.0,,,,
81,mixed_evidence,confirmation,con,0.3,2.0,,,,
81,mixed_evidence,confirmation,con,0.5164204903067621,3.0,,,,
81,mixed_evidence,confirmation,con,0.7941176470588235,4.0,,,,
81,mixed_evidence,confirmation,con,0.6075256631005836,5.0,,,,
81,mixed_evidence,confirmation,con,0.8482761827748954,6.0,,,,
81,mixed_evidence,confirmation,con,0.9528159353731706,7.0,,,,
81,mixed_evidence,confirmation,con,0.8901585930383333,8.0,,,,
81,mixed_evidence,confirmation,con,0.9669646327386766,9.0,,,,
81,mixed_evidence,confirmation,con,0.9215488571267306,10.0,,,,
81,mixed_evidence,confirmation,con,0.8249969514931143,11.0,,,,
81,mixed_evidence,confirmation,con,0.6542045934924131,12.0,,,,
82,mixed_evidence,confirmation,pro,0.7,0.0,,,,
82,mixed_evidence,confirmation,pro,0.5784456396598766,1.0,,,,
82,mixed_evidence,confirmation,pro,0.8789706458876466,2.0,,,,
82,mixed_evidence,confirmation,pro,0.8102778171279691,3.0,,,,
82,mixed_evidence,confirmation,pro,0.9576347876613488,4.0,,,,
82,mixed_evidence,confirmation,pro,0.9300356372353592,5.0,,,,
82,mixed_evidence,confirmation,pro,0.985985642447202,6.0,,,,
82,mixed_evidence,confirmation,pro,0.9764007327387828,7.0,,,,
82,mixed_evidence,confirmation,pro,0.9605228368704705,8.0,,,,
82,mixed_evidence,confirmation,pro,0.9346767898308699,9.0,,,,
82,mixed_evidence,confirmation,pro,0.9869673078098243,10.0,,,,
82,mixed_evidence,confirmation,pro,0.997511288813405,11.0,,,,
82,mixed_evidence,confirmation,pro,0.9995288303413152,12.0,,,,
83,mixed_evidence,confirmation,con,0.3,0.0,,,,
83,mixed_evidence,confirmation,con,0.07199531021053472,1.0,,,,
83,mixed_evidence,confirmation,con,0.1122113886546384,2.0,,,,
83,mixed_evidence,confirmation,con,0.022368324445891874,3.0,,,,
83,mixed_evidence,confirmation,con,0.035936610364687954,4.0,,,,
83,mixed_evidence,confirmation,con,0.05725321898936866,5.0,,,,
83,mixed_evidence,confirmation,con,0.010873949525159896,6.0,,,,
83,mixed_evidence,confirmation,con,0.01759540983116017,7.0,,,,
83,mixed_evidence,confirmation,con,0.0032317222888505327,8.0,,,,
83,mixed_evidence,confirmation,con,0.0005865645749627816,9.0,,,,
83,mixed_evidence,confirmation,con,0.0009552760922300896,10.0,,,,
83,mixed_evidence,confirmation,con,0.0015553970932046062,11.0,,,,
83,mixed_evidence,confirmation,con,0.0002819198640946977,12.0,,,,
84,mixed_evidence,confirmation,pro,0.7,0.0,,,,
84,mixed_evidence,confirmation,pro,0.9206755675986207,1.0,,,,
84,mixed_evidence,confirmation,pro,0.8651337560420472,2.0,,,,
84,mixed_evidence,confirmation,pro,0.7799954258791783,3.0,,,,
84,mixed_evidence,confirmation,pro,0.6621027300863207,4.0,,,,
84,mixed_evidence,confirmation,pro,0.5199189286123977,5.0,,,,
84,mixed_evidence,confirmation,pro,0.3744335983809617,6.0,,,,
84,mixed_evidence,confirmation,pro,0.5199189286123977,7.0,,,,
84,mixed_evidence,confirmation,pro,0.8434310377678416,8.0,,,,
84,mixed_evidence,confirmation,pro,0.9640233446775994,9.0,,,,
84,mixed_evidence,confirmation,pro,0.9925532939686667,10.0,,,,
84,mixed_evidence,confirmation,pro,0.9984939722903184,11.0,,,,
84,mixed_evidence,confirmation,pro,0.9972784044910877,12.0,,,,
85,mixed_evidence,confirmation,con,0.3,0.0,,,,
85,mixed_evidence,confirmation,con,0.06297045152973503,1.0,,,,
85,mixed_evidence,confirmation,con,0.0866235807775648,2.0,,,,
85,mixed_evidence,confirmation,con,0.1180421193320376,3.0,,,,
85,mixed_evidence,confirmation,con,0.15887406049946645,4.0,,,,
85,mixed_evidence,confirmation,con,0.028765786209787463,5.0,,,,
85,mixed_evidence,confirmation,con,0.004622748782791305,6.0,,,,
85,mixed_evidence,confirmation,con,0.006511458252619014,7.0,,,,
85,mixed_evidence,confirmation,con,0.009164729924751317,8.0,,,,
85,mixed_evidence,confirmation,con,0.0014482685151194106,9.0,,,,
85,mixed_evidence,confirmation,con,0.00022737361593203382,10.0,,,,
85,mixed_evidence,confirmation,con,3.5660189439117714e-05,11.0,,,,
85,mixed_evidence,confirmation,con,5.032457234374435e-05,12.0,,,,
86,mixed_evidence,confirmation,pro,0.7,0.0,,,,
86,mixed_evidence,confirmation,pro,0.5733033455434805,1.0,,,,
86,mixed_evidence,confirmation,pro,0.43619609370371504,2.0,,,,
86,mixed_evidence,confirmation,pro,0.12989550981332437,3.0,,,,
86,mixed_evidence,confirmation,pro,0.027999999999999994,4.0,,,,
86,mixed_evidence,confirmation,pro,0.04764341697971435,5.0,,,,
86,mixed_evidence,confirmation,pro,0.07993438884992064,6.0,,,,
86,mixed_evidence,confirmation,pro,0.13109829843320497,7.0,,,,
86,mixed_evidence,confirmation,pro,0.20762086088826062,8.0,,,,
86,mixed_evidence,confirmation,pro,0.048126705598556,9.0,,,,
86,mixed_evidence,confirmation,pro,0.08071747075605432,10.0,,,,
86,mixed_evidence,confirmation,pro,0.016660614295746293,11.0,,,,
86,mixed_evidence,confirmation,pro,0.028582809033814036,12.0,,,,
87,mixed_evidence,confirmation,con,0.3,0.0,,,,
87,mixed_evidence,confirmation,con,0.32777336805196977,1.0,,,,
87,mixed_evidence,confirmation,con,0.058059544582436354,2.0,,,,
87,mixed_evidence,confirmation,con,0.06553142489769616,3.0,,,,
87,mixed_evidence,confirmation,con,0.0738894567188104,4.0,,,,
87,mixed_evidence,confirmation,con,0.00998512691935136,5.0,,,,
87,mixed_evidence,confirmation,con,0.0012733586148962756,6.0,,,,
87,mixed_evidence,confirmation,con,0.00016114852316176514,7.0,,,,
87,mixed_evidence,confirmation,con,2.0374159341421464e-05,8.0,,,,
87,mixed_evidence,confirmation,con,2.317998842068773e-05,9.0,,,,
87,mixed_evidence,confirmation,con,2.9303145032987285e-06,10.0,,,,
87,mixed_evidence,confirmation,con,3.3338710223563697e-06,11.0,,,,
87,mixed_evidence,confirmation,con,3.7930042538004135e-06,12.0,,,,
88,mixed_evidence,confirmation,pro,0.7,0.0,,,,
88,mixed_evidence,confirmation,pro,0.9456890723353436,1.0,,,,
88,mixed_evidence,confirmation,pro,0.9352242075427547,2.0,,,,
88,mixed_evidence,confirmation,pro,0.922907305720832,3.0,,,,
88,mixed_evidence,confirmation,pro,0.9084775792553272,4.0,,,,
88,mixed_evidence,confirmation,pro,0.9866799691100039,5.0,,,,
88,mixed_evidence,confirmation,pro,0.9839796070917896,6.0,,,,
88,mixed_evidence,confirmation,pro,0.9807424869793717,7.0,,,,
88,mixed_evidence,confirmation,pro,0.997375662945504,8.0,,,,
88,mixed_evidence,confirmation,pro,0.9968366809176696,9.0,,,,
88,mixed_evidence,confirmation,pro,0.9995749402466918,10.0,,,,
88,mixed_evidence,confirmation,pro,0.9999430195972389,11.0,,,,
88,mixed_evidence,confirmation,pro,0.9999923640587048,12.0,,,,
89,mixed_evidence,confirmation,con,0.3,0.0,,,,
89,mixed_evidence,confirmation,con,0.35796826848681335,1.0,,,,
89,mixed_evidence,confirmation,con,0.0745842677419852,2.0,,,,
89,mixed_evidence,confirmation,con,0.01151601713278106,3.0,,,,
89,mixed_evidence,confirmation,con,0.001681218735822003,4.0,,,,
89,mixed_evidence,confirmation,con,0.0021860966264824664,5.0,,,,
89,mixed_evidence,confirmation,con,0.0028421600753485263,6.0,,,,
89,mixed_evidence,confirmation,con,0.0004118395434245485,7.0,,,,
89,mixed_evidence,confirmation,con,0.0005357214558092732,8.0,,,,
89,mixed_evidence,confirmation,con,7.74747938426941e-05,9.0,,,,
89,mixed_evidence,confirmation,con,0.00010078946182828299,10.0,,,,
89,mixed_evidence,confirmation,con,0.00013111934647679714,11.0,,,,
89,mixed_evidence,confirmation,con,1.8955611781659417e-05,12.0,,,,
90,mixed_evidence,confirmation,pro,0.7,0.0,,,,
90,mixed_evidence,confirmation,pro,0.9210490260680557,1.0,,,,
90,mixed_evidence,confirmation,pro,0.9831444241577819,2.0,,,,
90,mixed_evidence,confirmation,pro,0.9700621992224332,3.0,,,,
90,mixed_evidence,confirmation,pro,0.9938652152033042,4.0,,,,
90,mixed_evidence,confirmation,pro,0.989010779044519,5.0,,,,
90,mixed_evidence,confirmation,pro,0.9803908322823807,6.0,,,,
90,mixed_evidence,confirmation,pro,0.9652469908386426,7.0,,,,
90,mixed_evidence,confirmation,pro,0.9928502764632811,8.0,,,,
90,mixed_evidence,confirmation,pro,0.998561758065695,9.0,,,,
90,mixed_evidence,confirmation,pro,0.9997120059902805,10.0,,,,
90,mixed_evidence,confirmation,pro,0.9994817045045278,11.0,,,,
90,mixed_evidence,confirmation,pro,0.9990674085786257,12.0,,,,
91,mixed_evidence,confirmation,con,0.3,0.0,,,,
91,mixed_evidence,confirmation,con,0.4773048384887219,1.0,,,,
91,mixed_evidence,confirmation,con,0.6605198556655928,2.0,,,,
91,mixed_evidence,confirmation,con,0.477304838488722,3.0,,,,
91,mixed_evidence,confirmation,con,0.177757828758242,4.0,,,,
91,mixed_evidence,confirmation,con,0.048689243826378674,5.0,,,,
91,mixed_evidence,confirmation,con,0.09832925400830372,6.0,,,,
91,mixed_evidence,confirmation,con,0.18854793375865314,7.0,,,,
91,mixed_evidence,confirmation,con,0.05214156009450966,8.0,,,,
91,mixed_evidence,confirmation,con,0.10491313529912652,9.0,,,,
91,mixed_evidence,confirmation,con,0.026999721193942724,10.0,,,,
91,mixed_evidence,confirmation,con,0.05582429878339931,11.0,,,,
91,mixed_evidence,confirmation,con,0.013804325249651916,12.0,,,,
92,mixed_evidence,confirmation,pro,0.7,0.0,,,,
92,mixed_evidence,confirmation,pro,0.5588960186585278,1.0,,,,
92,mixed_evidence,confirmation,pro,0.4075911963354944,2.0,,,,
92,mixed_evidence,confirmation,pro,0.5588960186585277,3.0,,,,
92,mixed_evidence,confirmation,pro,0.8609607125172676,4.0,,,,
92,mixed_evidence,confirmation,pro,0.7707723210561027,5.0,,,,
92,mixed_evidence,confirmation,pro,0.9426372726157466,6.0,,,,
92,mixed_evidence,confirmation,pro,0.8992276088514081,7.0,,,,
92,mixed_evidence,confirmation,pro,0.977583387646035,8.0,,,,
92,mixed_evidence,confirmation,pro,0.9594827387200477,9.0,,,,
92,mixed_evidence,confirmation,pro,0.9914333567751297,10.0,,,,
92,mixed_evidence,confirmation,pro,0.9982350832679379,11.0,,,,
92,mixed_evidence,confirmation,pro,0.9967546137422578,12.0,,,,
93,mixed_evidence,confirmation,con,0.3,0.0,,,,
93,mixed_evidence,confirmation,con,0.06357820311283438,1.0,,,,
93,mixed_evidence,confirmation,con,0.010641526567375591,2.0,,,,
93,mixed_evidence,confirmation,con,0.0017010785897547817,3.0,,,,
93,mixed_evidence,confirmation,con,0.002423627997545339,4.0,,,,
93,mixed_evidence,confirmation,con,0.0003847389940051419,5.0,,,,
93,mixed_evidence,confirmation,con,0.0005484677492237855,6.0,,,,
93,mixed_evidence,confirmation,con,0.0007818180903913032,7.0,,,,
93,mixed_evidence,confirmation,con,0.0011143386564401924,8.0,,,,
93,mixed_evidence,confirmation,con,0.00017670066793422495,9.0,,,,
93,mixed_evidence,confirmation,con,2.799730957395905e-05,10.0,,,,
93,mixed_evidence,confirmation,con,3.991785095787772e-05,11.0,,,,
93,mixed_evidence,confirmation,con,5.69135664011321e-05,12.0,,,,
94,mixed_evidence,confirmation,pro,0.7,0.0,,,,
94,mixed_evidence,confirmation,pro,0.9162110986895824,1.0,,,,
94,mixed_evidence,confirmation,pro,0.9808589724144899,2.0,,,,
94,mixed_evidence,confirmation,pro,0.9958531177861683,3.0,,,,
94,mixed_evidence,confirmation,pro,0.9991122137520816,4.0,,,,
94,mixed_evidence,confirmation,pro,0.9982964146419471,5.0,,,,
94,mixed_evidence,confirmation,pro,0.9967334173688909,6.0,,,,
94,mixed_evidence,confirmation,pro,0.9993011583941809,7.0,,,,
94,mixed_evidence,confirmation,pro,0.9986587500592594,8.0,,,,
94,mixed_evidence,confirmation,pro,0.9974273298344464,9.0,,,,
94,mixed_evidence,confirmation,pro,0.9994499127063978,10.0,,,,
94,mixed_evidence,confirmation,pro,0.9989441019008387,11.0,,,,
94,mixed_evidence,confirmation,pro,0.9979741357105993,12.0,,,,
95,mixed_evidence,confirmation,con,0.3,0.0,,,,
95,mixed_evidence,confirmation,con,0.06819362714526833,1.0,,,,
95,mixed_evidence,confirmation,con,0.012342955961700524,2.0,,,,
95,mixed_evidence,confirmation,con,0.018844655262303733,3.0,,,,
95,mixed_evidence,confirmation,con,0.028671727607502525,4.0,,,,
95,mixed_evidence,confirmation,con,0.005015325486101478,5.0,,,,
95,mixed_evidence,confirmation,con,0.007687209728856291,6.0,,,,
95,mixed_evidence,confirmation,con,0.0013211158646374357,7.0,,,,
95,mixed_evidence,confirmation,con,0.002028945561091834,8.0,,,,
95,mixed_evidence,confirmation,con,0.0031148346122788,9.0,,,,
95,mixed_evidence,confirmation,con,0.0005332772995538181,10.0,,,,
95,mixed_evidence,confirmation,con,0.000819343825006953,11.0,,,,
95,mixed_evidence,confirmation,con,0.00014000909795346817,12.0,,,,
96,mixed_evidence,confirmation,pro,0.7,0.0,,,,
96,mixed_evidence,confirmation,pro,0.903364930631071,1.0,,,,
96,mixed_evidence,confirmation,pro,0.806253459133526,2.0,,,,
96,mixed_evidence,confirmation,pro,0.6494243408375407,3.0,,,,
96,mixed_evidence,confirmation,pro,0.8812579443064285,4.0,,,,
96,mixed_evidence,confirmation,pro,0.7676446911864617,5.0,,,,
96,mixed_evidence,confirmation,pro,0.9297559360263626,6.0,,,,
96,mixed_evidence,confirmation,pro,0.9814913196898767,7.0,,,,
96,mixed_evidence,confirmation,pro,0.9593593061063825,8.0,,,,
96,mixed_evidence,confirmation,pro,0.9895369057081934,9.0,,,,
96,mixed_evidence,confirmation,pro,0.9767980880504131,10.0,,,,
96,mixed_evidence,confirmation,pro,0.9493437208671662,11.0,,,,
96,mixed_evidence,confirmation,pro,0.9868564670959744,12.0,,,,
97,mixed_evidence,confirmation,con,0.3,0.0,,,,
97,mixed_evidence,confirmation,con,0.45107949028234573,1.0,,,,
97,mixed_evidence,confirmation,con,0.1489897270942788,2.0,,,,
97,mixed_evidence,confirmation,con,0.2513248138661131,3.0,,,,
97,mixed_evidence,confirmation,con,0.3916048610372402,4.0,,,,
97,mixed_evidence,confirmation,con,0.5524109053811946,5.0,,,,
97,mixed_evidence,confirmation,con,0.3916048610372402,6.0,,,,
97,mixed_evidence,confirmation,con,0.12059496735371723,7.0,,,,
97,mixed_evidence,confirmation,con,0.028386489128829684,8.0,,,,
97,mixed_evidence,confirmation,con,0.006185875858989567,9.0,,,,
97,mixed_evidence,confirmation,con,0.0013243366594866755,10.0,,,,
97,mixed_evidence,confirmation,con,0.0025362465290474706,11.0,,,,
97,mixed_evidence,confirmation,con,0.0048517958058642285,12.0,,,,
98,mixed_evidence,confirmation,pro,0.7,0.0,,,,
98,mixed_evidence,confirmation,pro,0.9262331688758757,1.0,,,,
98,mixed_evidence,confirmation,pro,0.9854159558039078,2.0,,,,
98,mixed_evidence,confirmation,pro,0.9758454193270167,3.0,,,,
98,mixed_evidence,confirmation,pro,0.9954212916202387,4.0,,,,
98,mixed_evidence,confirmation,pro,0.9991459514208012,5.0,,,,
98,mixed_evidence,confirmation,pro,0.9985724434808264,6.0,,,,
98,mixed_evidence,confirmation,pro,0.9976147347427189,7.0,,,,
98,mixed_evidence,confirmation,pro,0.9960170880117111,8.0,,,,
98,mixed_evidence,confirmation,pro,0.9933564663890602,9.0,,,,
98,mixed_evidence,confirmation,pro,0.9987587130833717,10.0,,,,
98,mixed_evidence,confirmation,pro,0.9997690973650202,11.0,,,,
98,mixed_evidence,confirmation,pro,0.9996138806634162,12.0,,,,
99,mixed_evidence,confirmation,con,0.3,0.0,,,,
99,mixed_evidence,confirmation,con,0.5184095063296341,1.0,,,,
99,mixed_evidence,confirmation,con,0.3,2.0,,,,
99,mixed_evidence,confirmation,con,0.5184095063296341,3.0,,,,
99,mixed_evidence,confirmation,con,0.7941176470588236,4.0,,,,
99,mixed_evidence,confirmation,con,0.6056247084339255,5.0,,,,
99,mixed_evidence,confirmation,con,0.8462143462290028,6.0,,,,
99,mixed_evidence,confirmation,con,0.9517298702262249,7.0,,,,
99,mixed_evidence,confirmation,con,0.8870042050892261,8.0,,,,
99,mixed_evidence,confirmation,con,0.9656684071624393,9.0,,,,
99,mixed_evidence,confirmation,con,0.9180231199782868,10.0,,,,
99,mixed_evidence,confirmation,con,0.8168000472794594,11.0,,,,
99,mixed_evidence,confirmation,con,0.6396503623048205,12.0,,,,
100,mixed_evidence,confirmation,pro,0.7,0.0,,,,
100,mixed_evidence,confirmation,pro,0.9417447465911783,1.0,,,,
100,mixed_evidence,confirmation,pro,0.9256200587014843,2.0,,,,
100,mixed_evidence,confirmation,pro,0.9054801167989999,3.0,,,,
100,mixed_evidence,confirmation,pro,0.9851567746435876,4.0,,,,
100,mixed_evidence,confirmation,pro,0.99783000782314,5.0,,,,
100,mixed_evidence,confirmation,pro,0.9996862064716885,6.0,,,,
100,mixed_evidence,confirmation,pro,0.999592409159019,7.0,,,,
100,mixed_evidence,confirmation,pro,0.9994705893542084,8.0,,,,
100,mixed_evidence,confirmation,pro,0.9999235516487203,9.0,,,,
100,mixed_evidence,confirmation,pro,0.9999006931103549,10.0,,,,
100,mixed_evidence,confirmation,pro,0.9999856650903665,11.0,,,,
100,mixed_evidence,confirmation,pro,0.9999813785162605,12.0,,,,
101,mixed_evidence,confirmation,con,0.3,0.0,,,,
101,mixed_evidence,confirmation,con,0.4004133431699837,1.0,,,,
101,mixed_evidence,confirmation,con,0.10364053540154937,2.0,,,,
101,mixed_evidence,confirmation,con,0.15266394857656942,3.0,,,,
101,mixed_evidence,confirmation,con,0.030250410227238317,4.0,,,,
101,mixed_evidence,confirmation,con,0.046354509552229646,5.0,,,,
101,mixed_evidence,confirmation,con,0.07040932134004635,6.0,,,,
101,mixed_evidence,confirmation,con,0.012944074846135493,7.0,,,,
101,mixed_evidence,confirmation,con,0.020025230201472767,8.0,,,,
101,mixed_evidence,confirmation,con,0.0035254915122774643,9.0,,,,
101,mixed_evidence,confirmation,con,0.005482759091570686,10.0,,,,
101,mixed_evidence,confirmation,con,0.000953593685979937,11.0,,,,
101,mixed_evidence,confirmation,con,0.0001652330033103802,12.0,,,,
102,mixed_evidence,confirmation,pro,0.7,0.0,,,,
102,mixed_evidence,confirmation,pro,0.5438968249892233,1.0,,,,
102,mixed_evidence,confirmation,pro,0.3786653923069102,2.0,,,,
102,mixed_evidence,confirmation,pro,0.5438968249892234,3.0,,,,
102,mixed_evidence,confirmation,pro,0.8457967786789892,4.0,,,,
102,mixed_evidence,confirmation,pro,0.7370613562018669,5.0,,,,
102,mixed_evidence,confirmation,pro,0.9280235194154755,6.0,,,,
102,mixed_evidence,confirmation,pro,0.8682370536084227,7.0,,,,
102,mixed_evidence,confirmation,pro,0.7710417759121275,8.0,,,,
102,mixed_evidence,confirmation,pro,0.632497386976344,9.0,,,,
102,mixed_evidence,confirmation,pro,0.887844757661881,10.0,,,,
102,mixed_evidence,confirmation,pro,0.97327013362894,11.0,,,,
102,mixed_evidence,confirmation,pro,0.9940644797026951,12.0,,,,
103,mixed_evidence,confirmation,con,0.3,0.0,,,,
103,mixed_evidence,confirmation,con,0.42971263557462636,1.0,,,,
103,mixed_evidence,confirmation,con,0.5698527711367839,2.0,,,,
103,mixed_evidence,confirmation,con,0.42971263557462647,3.0,,,,
103,mixed_evidence,confirmation,con,0.12831118068977856,4.0,,,,
103,mixed_evidence,confirmation,con,0.027951781024715606,5.0,,,,
103,mixed_evidence,confirmation,con,0.005586084748177935,6.0,,,,
103,mixed_evidence,confirmation,con,0.009779873486832754,7.0,,,,
103,mixed_evidence,confirmation,con,0.0019256751317674417,8.0,,,,
103,mixed_evidence,confirmation,con,0.0003767689714449611,9.0,,,,
103,mixed_evidence,confirmation,con,0.000662235181282444,10.0,,,,
103,mixed_evidence,confirmation,con,0.0011637385205498917,11.0,,,,
103,mixed_evidence,confirmation,con,0.0020442478774616024,12.0,,,,
104,mixed_evidence,confirmation,pro,0.7,0.0,,,,
104,mixed_evidence,confirmation,pro,0.5495876557416339,1.0,,,,
104,mixed_evidence,confirmation,pro,0.38953000014814904,2.0,,,,
104,mixed_evidence,confirmation,pro,0.5495876557416338,3.0,,,,
104,mixed_evidence,confirmation,pro,0.3895300001481489,4.0,,,,
104,mixed_evidence,confirmation,pro,0.5495876557416339,5.0,,,,
104,mixed_evidence,confirmation,pro,0.8516923212261487,6.0,,,,
104,mixed_evidence,confirmation,pro,0.9643212022002025,7.0,,,,
104,mixed_evidence,confirmation,pro,0.9921999873885868,8.0,,,,
104,mixed_evidence,confirmation,pro,0.9851896262551646,9.0,,,,
104,mixed_evidence,confirmation,pro,0.9720560624821587,10.0,,,,
104,mixed_evidence,confirmation,pro,0.9478919042223691,11.0,,,,
104,mixed_evidence,confirmation,pro,0.9884545547398129,12.0,,,,
105,mixed_evidence,confirmation,con,0.3,0.0,,,,
105,mixed_evidence,confirmation,con,0.07152654767341499,1.0,,,,
105,mixed_evidence,confirmation,con,0.11081690996190381,2.0,,,,
105,mixed_evidence,confirmation,con,0.021911275128083812,3.0,,,,
105,mixed_evidence,confirmation,con,0.0040106857692957685,4.0,,,,
105,mixed_evidence,confirmation,con,0.0007233096736848823,5.0,,,,
105,mixed_evidence,confirmation,con,0.0011696268372565447,6.0,,,,
105,mixed_evidence,confirmation,con,0.0018908222378842912,7.0,,,,
105,mixed_evidence,confirmation,con,0.003055348598427654,8.0,,,,
105,mixed_evidence,confirmation,con,0.0005505859141684468,9.0,,,,
105,mixed_evidence,confirmation,con,0.0008904191061964659,10.0,,,,
105,mixed_evidence,confirmation,con,0.00016017190387175915,11.0,,,,
105,mixed_evidence,confirmation,con,0.0002590958367355311,12.0,,,,
106,mixed_evidence,confirmation,pro,0.7,0.0,,,,
106,mixed_evidence,confirmation,pro,0.9252461012822569,1.0,,,,
106,mixed_evidence,confirmation,pro,0.8794459961438137,2.0,,,,
106,mixed_evidence,confirmation,pro,0.8113077841945356,3.0,,,,
106,mixed_evidence,confirmation,pro,0.7170481490025448,4.0,,,,
106,mixed_evidence,confirmation,pro,0.9307602609738063,5.0,,,,
106,mixed_evidence,confirmation,pro,0.887929352495247,6.0,,,,
106,mixed_evidence,confirmation,pro,0.8236243842434156,7.0,,,,
106,mixed_evidence,confirmation,pro,0.7334963403407946,8.0,,,,
106,mixed_evidence,confirmation,pro,0.9358958540469339,9.0,,,,
106,mixed_evidence,confirmation,pro,0.9872520599322513,10.0,,,,
106,mixed_evidence,confirmation,pro,0.9975716603186272,11.0,,,,
106,mixed_evidence,confirmation,pro,0.9995413098112765,12.0,,,,
107,mixed_evidence,confirmation,con,0.3,0.0,,,,
107,mixed_evidence,confirmation,con,0.04789830092782036,1.0,,,,
107,mixed_evidence,confirmation,con,0.05046649294051329,2.0,,,,
107,mixed_evidence,confirmation,con,0.05316469616049314,3.0,,,,
107,mixed_evidence,confirmation,con,0.05599865174117978,4.0,,,,
107,mixed_evidence,confirmation,con,0.006915201565491118,5.0,,,,
107,mixed_evidence,confirmation,con,0.007302832755240186,6.0,,,,
107,mixed_evidence,confirmation,con,0.007712023848335248,7.0,,,,
107,mixed_evidence,confirmation,con,0.000911482124876054,8.0,,,,
107,mixed_evidence,confirmation,con,0.00010708070812655923,9.0,,,,
107,mixed_evidence,confirmation,con,1.2570884477237548e-05,10.0,,,,
107,mixed_evidence,confirmation,con,1.4756528715961311e-06,11.0,,,,
107,mixed_evidence,confirmation,con,1.5589788877048593e-06,12.0,,,,
108,mixed_evidence,confirmation,pro,0.7,0.0,,,,
108,mixed_evidence,confirmation,pro,0.9080115394015424,1.0,,,,
108,mixed_evidence,confirmation,pro,0.822687900723232,2.0,,,,
108,mixed_evidence,confirmation,pro,0.9515224068205562,3.0,,,,
108,mixed_evidence,confirmation,pro,0.9881001425020303,4.0,,,,
108,mixed_evidence,confirmation,pro,0.9971612642510878,5.0,,,,
108,mixed_evidence,confirmation,pro,0.993979972440117,6.0,,,,
108,mixed_evidence,confirmation,pro,0.9985703876304484,7.0,,,,
108,mixed_evidence,confirmation,pro,0.9969634521438955,8.0,,,,
108,mixed_evidence,confirmation,pro,0.9935619091083484,9.0,,,,
108,mixed_evidence,confirmation,pro,0.986401927241745,10.0,,,,
108,mixed_evidence,confirmation,pro,0.9715074791380987,11.0,,,,
108,mixed_evidence,confirmation,pro,0.9931150142931937,12.0,,,,
109,mixed_evidence,confirmation,con,0.3,0.0,,,,
109,mixed_evidence,confirmation,con,0.33423431966896494,1.0,,,,
109,mixed_evidence,confirmation,con,0.37030861343703286,2.0,,,,
109,mixed_evidence,confirmation,con,0.07109989920360757,3.0,,,,
109,mixed_evidence,confirmation,con,0.009864127656006185,4.0,,,,
109,mixed_evidence,confirmation,con,0.011535367810178939,5.0,,,,
109,mixed_evidence,confirmation,con,0.0015166140285564067,6.0,,,,
109,mixed_evidence,confirmation,con,0.0001976570411711593,7.0,,,,
109,mixed_evidence,confirmation,con,2.5730657191090623e-05,8.0,,,,
109,mixed_evidence,confirmation,con,3.0140842432861035e-05,9.0,,,,
109,mixed_evidence,confirmation,con,3.5306898268796406e-05,10.0,,,,
109,mixed_evidence,confirmation,con,4.5955428303895064e-06,11.0,,,,
109,mixed_evidence,confirmation,con,5.3832295497952495e-06,12.0,,,,
110,mixed_evidence,confirmation,pro,0.7,0.0,,,,
110,mixed_evidence,confirmation,pro,0.5919742861008874,1.0,,,,
110,mixed_evidence,confirmation,pro,0.8903374593164152,2.0,,,,
110,mixed_evidence,confirmation,pro,0.8346610163797223,3.0,,,,
110,mixed_evidence,confirmation,pro,0.7583881847607014,4.0,,,,
110,mixed_evidence,confirmation,pro,0.946135936323724,5.0,,,,
110,mixed_evidence,confirmation,pro,0.9161198238750932,6.0,,,,
110,mixed_evidence,confirmation,pro,0.983901783372091,7.0,,,,
110,mixed_evidence,confirmation,pro,0.9743606372756075,8.0,,,,
110,mixed_evidence,confirmation,pro,0.9953197496544002,9.0,,,,
110,mixed_evidence,confirmation,pro,0.999160422769011,10.0,,,,
110,mixed_evidence,confirmation,pro,0.9986504145362818,11.0,,,,
110,mixed_evidence,confirmation,pro,0.9997585645682019,12.0,,,,
111,mixed_evidence,confirmation,con,0.3,0.0,,,,
111,mixed_evidence,confirmation,con,0.08923470775388541,1.0,,,,
111,mixed_evidence,confirmation,con,0.02190841579412428,2.0,,,,
111,mixed_evidence,confirmation,con,0.005094684829126367,3.0,,,,
111,mixed_evidence,confirmation,con,0.010426303028432442,4.0,,,,
111,mixed_evidence,confirmation,con,0.0024029320104360223,5.0,,,,
111,mixed_evidence,confirmation,con,0.0005503656889607307,6.0,,,,
111,mixed_evidence,confirmation,con,0.001131736391162357,7.0,,,,
111,mixed_evidence,confirmation,con,0.00025895762696691126,8.0,,,,
111,mixed_evidence,confirmation,con,0.0005326677666908494,9.0,,,,
111,mixed_evidence,confirmation,con,0.0010953640179982012,10.0,,,,
111,mixed_evidence,confirmation,con,0.0022511389941146567,11.0,,,,
111,mixed_evidence,confirmation,con,0.004620790343989104,12.0,,,,
112,mixed_evidence,confirmation,pro,0.7,0.0,,,,
112,mixed_evidence,confirmation,pro,0.5317438907758939,1.0,,,,
112,mixed_evidence,confirmation,pro,0.35594573248284045,2.0,,,,
112,mixed_evidence,confirmation,pro,0.5317438907758939,3.0,,,,
112,mixed_evidence,confirmation,pro,0.35594573248284045,4.0,,,,
112,mixed_evidence,confirmation,pro,0.11203927833784522,5.0,,,,
112,mixed_evidence,confirmation,pro,0.027999999999999983,6.0,,,,
112,mixed_evidence,confirmation,pro,0.05588246548373011,7.0,,,,
112,mixed_evidence,confirmation,pro,0.10843294108545654,8.0,,,,
112,mixed_evidence,confirmation,pro,0.19993551454493816,9.0,,,,
112,mixed_evidence,confirmation,pro,0.3392706441022414,10.0,,,,
112,mixed_evidence,confirmation,pro,0.10492896800834445,11.0,,,,
112,mixed_evidence,confirmation,pro,0.19411845949445447,12.0,,,,
113,mixed_evidence,confirmation,con,0.3,0.0,,,,
113,mixed_evidence,confirmation,con,0.08124708148296049,1.0,,,,
113,mixed_evidence,confirmation,con,0.14105897294352054,2.0,,,,
113,mixed_evidence,confirmation,con,0.23370239822070712,3.0,,,,
113,mixed_evidence,confirmation,con,0.36157793692753143,4.0,,,,
113,mixed_evidence,confirmation,con,0.10463564571839361,5.0,,,,
113,mixed_evidence,confirmation,con,0.02354601749144774,6.0,,,,
113,mixed_evidence,confirmation,con,0.04286163542801514,7.0,,,,
113,mixed_evidence,confirmation,con,0.009155568364319923,8.0,,,,
113,mixed_evidence,confirmation,con,0.0019029983457328307,9.0,,,,
113,mixed_evidence,confirmation,con,0.00039326079992048536,10.0,,,,
113,mixed_evidence,confirmation,con,0.0007300668610308841,11.0,,,,
113,mixed_evidence,confirmation,con,0.0013549376377238946,12.0,,,,
114,mixed_evidence,confirmation,pro,0.7,0.0,,,,
114,mixed_evidence,confirmation,pro,0.4698767139536725,1.0,,,,
114,mixed_evidence,confirmation,pro,0.7,2.0,,,,
114,mixed_evidence,confirmation,pro,0.8886064806346554,3.0,,,,
114,mixed_evidence,confirmation,pro,0.7518770132313759,4.0,,,,
114,mixed_evidence,confirmation,pro,0.9119705032958747,5.0,,,,
114,mixed_evidence,confirmation,pro,0.9725411313737053,6.0,,,,
114,mixed_evidence,confirmation,pro,0.9918091306663994,7.0,,,,
114,mixed_evidence,confirmation,pro,0.9787219911036369,8.0,,,,
114,mixed_evidence,confirmation,pro,0.9458658963368667,9.0,,,,
114,mixed_evidence,confirmation,pro,0.8690629997054584,10.0,,,,
114,mixed_evidence,confirmation,pro,0.7160114463737366,11.0,,,,
114,mixed_evidence,confirmation,pro,0.896046599371498,12.0,,,,
115,mixed_evidence,confirmation,con,0.3,0.0,,,,
115,mixed_evidence,confirmation,con,0.4134680315216151,1.0,,,,
115,mixed_evidence,confirmation,con,0.5369335829034491,2.0,,,,
115,mixed_evidence,confirmation,con,0.413468031521615,3.0,,,,
115,mixed_evidence,confirmation,con,0.11413115238633267,4.0,,,,
115,mixed_evidence,confirmation,con,0.17485965888539037,5.0,,,,
115,mixed_evidence,confirmation,con,0.2584732761164521,6.0,,,,
115,mixed_evidence,confirmation,con,0.36441140982047315,7.0,,,,
115,mixed_evidence,confirmation,con,0.09484676175392161,8.0,,,,
115,mixed_evidence,confirmation,con,0.018790853667493695,9.0,,,,
115,mixed_evidence,confirmation,con,0.003487803950930786,10.0,,,,
115,mixed_evidence,confirmation,con,0.0057240499568467626,11.0,,,,
115,mixed_evidence,confirmation,con,0.0010510522321128554,12.0,,,,
116,mixed_evidence,confirmation,pro,0.7,0.0,,,,
116,mixed_evidence,confirmation,pro,0.6637009489727026,1.0,,,,
116,mixed_evidence,confirmation,pro,0.9375900718989095,2.0,,,,
116,mixed_evidence,confirmation,pro,0.9270424421155357,3.0,,,,
116,mixed_evidence,confirmation,pro,0.9897672764565716,4.0,,,,
116,mixed_evidence,confirmation,pro,0.9986436986472235,5.0,,,,
116,mixed_evidence,confirmation,pro,0.9983968328249085,6.0,,,,
116,mixed_evidence,confirmation,pro,0.9997891024691091,7.0,,,,
116,mixed_evidence,confirmation,pro,0.9997506641157805,8.0,,,,
116,mixed_evidence,confirmation,pro,0.9997052220229014,9.0,,,,
116,mixed_evidence,confirmation,pro,0.9999612658767387,10.0,,,,
116,mixed_evidence,confirmation,pro,0.999994911429197,11.0,,,,
116,mixed_evidence,confirmation,pro,0.9999939837564741,12.0,,,,
117,mixed_evidence,confirmation,con,0.3,0.0,,,,
117,mixed_evidence,confirmation,con,0.37429668860757387,1.0,,,,
117,mixed_evidence,confirmation,con,0.4550325199984712,2.0,,,,
117,mixed_evidence,confirmation,con,0.11464873517251195,3.0,,,,
117,mixed_evidence,confirmation,con,0.019687919179608385,4.0,,,,
117,mixed_evidence,confirmation,con,0.003105036234652308,5.0,,,,
117,mixed_evidence,confirmation,con,0.004328700875320663,6.0,,,,
117,mixed_evidence,confirmation,con,0.006031682129172579,7.0,,,,
117,mixed_evidence,confirmation,con,0.000940240985097206,8.0,,,,
117,mixed_evidence,confirmation,con,0.0013119035342303252,9.0,,,,
117,mixed_evidence,confirmation,con,0.0002036879636591932,10.0,,,,
117,mixed_evidence,confirmation,con,3.1595259123852846e-05,11.0,,,,
117,mixed_evidence,confirmation,con,4.4100225210139506e-05,12.0,,,,
118,mixed_evidence,confirmation,pro,0.7,0.0,,,,
118,mixed_evidence,confirmation,pro,0.5119715295772204,1.0,,,,
118,mixed_evidence,confirmation,pro,0.3204929528793917,2.0,,,,
118,mixed_evidence,confirmation,pro,0.5119715295772203,3.0,,,,
118,mixed_evidence,confirmation,pro,0.8093384410660444,4.0,,,,
118,mixed_evidence,confirmation,pro,0.6561795026873696,5.0,,,,
118,mixed_evidence,confirmation,pro,0.4618025911915783,6.0,,,,
118,mixed_evidence,confirmation,pro,0.6561795026873696,7.0,,,,
118,mixed_evidence,confirmation,pro,0.8853538189658591,8.0,,,,
118,mixed_evidence,confirmation,pro,0.7763869731125491,9.0,,,,
118,mixed_evidence,confirmation,pro,0.9335507024693637,10.0,,,,
118,mixed_evidence,confirmation,pro,0.8633212365215774,11.0,,,,
118,mixed_evidence,confirmation,pro,0.9623474711507979,12.0,,,,
119,mixed_evidence,confirmation,con,0.3,0.0,,,,
119,mixed_evidence,confirmation,con,0.09080340590545605,1.0,,,,
119,mixed_evidence,confirmation,con,0.1731869929842366,2.0,,,,
119,mixed_evidence,confirmation,con,0.305222893137122,3.0,,,,
119,mixed_evidence,confirmation,con,0.09286744195691583,4.0,,,,
119,mixed_evidence,confirmation,con,0.17675960889047665,5.0,,,,
119,mixed_evidence,confirmation,con,0.04765116680317023,6.0,,,,
119,mixed_evidence,confirmation,con,0.011525612909976446,7.0,,,,
119,mixed_evidence,confirmation,con,0.023870938028479782,8.0,,,,
119,mixed_evidence,confirmation,con,0.048786950745632905,9.0,,,,
119,mixed_evidence,confirmation,con,0.011811009267694428,10.0,,,,
119,mixed_evidence,confirmation,con,0.024454465646834254,11.0,,,,
119,mixed_evidence,confirmation,con,0.005807673099715761,12.0,,,,
120,mixed_evidence,confirmation,pro,0.7,0.0,,,,
120,mixed_evidence,confirmation,pro,0.6201353744755137,1.0,,,,
120,mixed_evidence,confirmation,pro,0.5331880953827639,2.0,,,,
120,mixed_evidence,confirmation,pro,0.8779327029833854,3.0,,,,
120,mixed_evidence,confirmation,pro,0.8342181863395743,4.0,,,,
120,mixed_evidence,confirmation,pro,0.9694057748699739,5.0,,,,
120,mixed_evidence,confirmation,pro,0.9950130015445261,6.0,,,,
120,mixed_evidence,confirmation,pro,0.9928873800954408,7.0,,,,
120,mixed_evidence,confirmation,pro,0.9898649778792262,8.0,,,,
120,mixed_evidence,confirmation,pro,0.9983766215840498,9.0,,,,
120,mixed_evidence,confirmation,pro,0.9997418394635132,10.0,,,,
120,mixed_evidence,confirmation,pro,0.9999589927354495,11.0,,,,
120,mixed_evidence,confirmation,pro,0.9999413899236972,12.0,,,,
121,mixed_evidence,confirmation,con,0.3,0.0,,,,
121,mixed_evidence,confirmation,con,0.4210760196095045,1.0,,,,
121,mixed_evidence,confirmation,con,0.5524518831995203,2.0,,,,
121,mixed_evidence,confirmation,con,0.867480909341963,3.0,,,,
121,mixed_evidence,confirmation,con,0.7941176470588236,4.0,,,,
121,mixed_evidence,confirmation,con,0.6944457371672568,5.0,,,,
121,mixed_evidence,confirmation,con,0.9233862566679899,6.0,,,,
121,mixed_evidence,confirmation,con,0.9845952638654201,7.0,,,,
121,mixed_evidence,confirmation,con,0.9741339011004041,8.0,,,,
121,mixed_evidence,confirmation,con,0.9568793581185882,9.0,,,,
121,mixed_evidence,confirmation,con,0.9915739047291755,10.0,,,,
121,mixed_evidence,confirmation,con,0.9857833100479652,11.0,,,,
121,mixed_evidence,confirmation,con,0.9761091731860011,12.0,,,,
122,mixed_evidence,confirmation,pro,0.7,0.0,,,,
122,mixed_evidence,confirmation,pro,0.605838209408866,1.0,,,,
122,mixed_evidence,confirmation,pro,0.5031012492438393,2.0,,,,
122,mixed_evidence,confirmation,pro,0.8571947568763655,3.0,,,,
122,mixed_evidence,confirmation,pro,0.9726673877975275,4.0,,,,
122,mixed_evidence,confirmation,pro,0.9590862671999393,5.0,,,,
122,mixed_evidence,confirmation,pro,0.992855862994949,6.0,,,,
122,mixed_evidence,confirmation,pro,0.9987877591388944,7.0,,,,
122,mixed_evidence,confirmation,pro,0.9997953183335572,8.0,,,,
122,mixed_evidence,confirmation,pro,0.9996893098100358,9.0,,,,
122,mixed_evidence,confirmation,pro,0.9999475806218775,10.0,,,,
122,mixed_evidence,confirmation,pro,0.9999204253535988,11.0,,,,
122,mixed_evidence,confirmation,pro,0.9998792043039003,12.0,,,,
123,mixed_evidence,confirmation,con,0.3,0.0,,,,
123,mixed_evidence,confirmation,con,0.06069878121276942,1.0,,,,
123,mixed_evidence,confirmation,con,0.08062370748831336,2.0,,,,
123,mixed_evidence,confirmation,con,0.013050177190755833,3.0,,,,
123,mixed_evidence,confirmation,con,0.017627547367459858,4.0,,,,
123,mixed_evidence,confirmation,con,0.02377176663227663,5.0,,,,
123,mixed_evidence,confirmation,con,0.0036582240882505872,6.0,,,,
123,mixed_evidence,confirmation,con,0.004957900427443825,7.0,,,,
123,mixed_evidence,confirmation,con,0.0007507270347397144,8.0,,,,
123,mixed_evidence,confirmation,con,0.0010184976731585724,9.0,,,,
123,mixed_evidence,confirmation,con,0.00138164515503848,10.0,,,,
123,mixed_evidence,confirmation,con,0.0002085730792767503,11.0,,,,
123,mixed_evidence,confirmation,con,3.145480910962545e-05,12.0,,,,
124,mixed_evidence,confirmation,pro,0.7,0.0,,,,
124,mixed_evidence,confirmation,pro,0.6009566814741721,1.0,,,,
124,mixed_evidence,confirmation,pro,0.49290244957812973,2.0,,,,
124,mixed_evidence,confirmation,pro,0.14334613671936206,3.0,,,,
124,mixed_evidence,confirmation,pro,0.028000000000000004,4.0,,,,
124,mixed_evidence,confirmation,pro,0.042725006863089075,5.0,,,,
124,mixed_evidence,confirmation,pro,0.06467850919595847,6.0,,,,
124,mixed_evidence,confirmation,pro,0.09677208535290141,7.0,,,,
124,mixed_evidence,confirmation,pro,0.14236659495018508,8.0,,,,
124,mixed_evidence,confirmation,pro,0.027783101536731743,9.0,,,,
124,mixed_evidence,confirmation,pro,0.04239901857152216,10.0,,,,
124,mixed_evidence,confirmation,pro,0.06419625050795008,11.0,,,,
124,mixed_evidence,confirmation,pro,0.011671783626069304,12.0,,,,
125,mixed_evidence,confirmation,con,0.3,0.0,,,,
125,mixed_evidence,confirmation,con,0.07868299171203025,1.0,,,,
125,mixed_evidence,confirmation,con,0.016733681539379493,2.0,,,,
125,mixed_evidence,confirmation,con,0.0033798588042002163,3.0,,,,
125,mixed_evidence,confirmation,con,0.0006753424708048114,4.0,,,,
125,mixed_evidence,confirmation,con,0.001210549286746507,5.0,,,,
125,mixed_evidence,confirmation,con,0.00024146390034817907,6.0,,,,
125,mixed_evidence,confirmation,con,0.0004329722703430694,7.0,,,,
125,mixed_evidence,confirmation,con,0.0007762506544176136,8.0,,,,
125,mixed_evidence,confirmation,con,0.001391315555371607,9.0,,,,
125,mixed_evidence,confirmation,con,0.0024925135987329005,10.0,,,,
125,mixed_evidence,confirmation,con,0.0004976840682787312,11.0,,,,
125,mixed_evidence,confirmation,con,0.0008922228548741584,12.0,,,,
126,mixed_evidence,confirmation,pro,0.7,0.0,,,,
126,mixed_evidence,confirmation,pro,0.9251821290751521,1.0,,,,
126,mixed_evidence,confirmation,pro,0.8792498160302894,2.0,,,,
126,mixed_evidence,confirmation,pro,0.8108828073838961,3.0,,,,
126,mixed_evidence,confirmation,pro,0.9578474211400024,4.0,,,,
126,mixed_evidence,confirmation,pro,0.9304617518381191,5.0,,,,
126,mixed_evidence,confirmation,pro,0.9860941197689075,6.0,,,,
126,mixed_evidence,confirmation,pro,0.9766116585862387,7.0,,,,
126,mixed_evidence,confirmation,pro,0.9609193425926602,8.0,,,,
126,mixed_evidence,confirmation,pro,0.9923843021282909,9.0,,,,
126,mixed_evidence,confirmation,pro,0.9871351758715129,10.0,,,,
126,mixed_evidence,confirmation,pro,0.9975468989193697,11.0,,,,
126,mixed_evidence,confirmation,pro,0.9995361948767486,12.0,,,,
127,mixed_evidence,confirmation,con,0.3,0.0,,,,
127,mixed_evidence,confirmation,con,0.5180449609746808,1.0,,,,
127,mixed_evidence,confirmation,con,0.3,2.0,,,,
127,mixed_evidence,confirmation,con,0.10668931956776091,3.0,,,,
127,mixed_evidence,confirmation,con,0.23049747888261365,4.0,,,,
127,mixed_evidence,confirmation,con,0.07704293763730279,5.0,,,,
127,mixed_evidence,confirmation,con,0.02273315463419754,6.0,,,,
127,mixed_evidence,confirmation,con,0.006440736353317538,7.0,,,,
127,mixed_evidence,confirmation,con,0.01599835332134687,8.0,,,,
127,mixed_evidence,confirmation,con,0.0391795471152616,9.0,,,,
127,mixed_evidence,confirmation,con,0.09278254549003653,10.0,,,,
127,mixed_evidence,confirmation,con,0.20414043645192803,11.0,,,,
127,mixed_evidence,confirmation,con,0.06671193186262572,12.0,,,,
128,mixed_evidence,confirmation,pro,0.7,0.0,,,,
128,mixed_evidence,confirmation,pro,0.9008824799332932,1.0,,,,
128,mixed_evidence,confirmation,pro,0.7973179050591515,2.0,,,,
128,mixed_evidence,confirmation,pro,0.629986971205143,3.0,,,,
128,mixed_evidence,confirmation,pro,0.8689756202244783,4.0,,,,
128,mixed_evidence,confirmation,pro,0.962734237737843,5.0,,,,
128,mixed_evidence,confirmation,pro,0.917907394154414,6.0,,,,
128,mixed_evidence,confirmation,pro,0.9775557155434704,7.0,,,,
128,mixed_evidence,confirmation,pro,0.9496246798599466,8.0,,,,
128,mixed_evidence,confirmation,pro,0.9865646053397702,9.0,,,,
128,mixed_evidence,confirmation,pro,0.9965160791476734,10.0,,,,
128,mixed_evidence,confirmation,pro,0.9919870660960701,11.0,,,,
128,mixed_evidence,confirmation,pro,0.9816786911474944,12.0,,,,
129,mixed_evidence,confirmation,con,0.3,0.0,,,,
129,mixed_evidence,confirmation,con,0.09709348577073687,1.0,,,,
129,mixed_evidence,confirmation,con,0.026272937876341006,2.0,,,,
129,mixed_evidence,confirmation,con,0.00672458022235754,3.0,,,,
129,mixed_evidence,confirmation,con,0.0016958306003854748,4.0,,,,
129,mixed_evidence,confirmation,con,0.00042604807257753453,5.0,,,,
129,mixed_evidence,confirmation,con,0.0009615955824683755,6.0,,,,
129,mixed_evidence,confirmation,con,0.00216887201683082,7.0,,,,
129,mixed_evidence,confirmation,con,0.004884464811550462,8.0,,,,
129,mixed_evidence,confirmation,con,0.010962830359102185,9.0,,,,
129,mixed_evidence,confirmation,con,0.002773498808950474,10.0,,,,
129,mixed_evidence,confirmation,con,0.0062413951054106,11.0,,,,
129,mixed_evidence,confirmation,con,0.013984632526450953,12.0,,,,
130,mixed_evidence,confirmation,pro,0.7,0.0,,,,
130,mixed_evidence,confirmation,pro,0.9381420725998585,1.0,,,,
130,mixed_evidence,confirmation,pro,0.9163379555167063,2.0,,,,
130,mixed_evidence,confirmation,pro,0.8877676264574312,3.0,,,,
130,mixed_evidence,confirmation,pro,0.9809209653224321,4.0,,,,
130,mixed_evidence,confirmation,pro,0.9737743208076974,5.0,,,,
130,mixed_evidence,confirmation,pro,0.9640487920078751,6.0,,,,
130,mixed_evidence,confirmation,pro,0.9942952923525185,7.0,,,,
130,mixed_evidence,confirmation,pro,0.9921181628736512,8.0,,,,
130,mixed_evidence,confirmation,pro,0.9987792208844588,9.0,,,,
130,mixed_evidence,confirmation,pro,0.9998119863120855,10.0,,,,
130,mixed_evidence,confirmation,pro,0.9997396820556954,11.0,,,,
130,mixed_evidence,confirmation,pro,0.9999599407038613,12.0,,,,
131,mixed_evidence,confirmation,con,0.3,0.0,,,,
131,mixed_evidence,confirmation,con,0.3780933419634095,1.0,,,,
131,mixed_evidence,confirmation,con,0.4630673985423148,2.0,,,,
131,mixed_evidence,confirmation,con,0.1196682394838652,3.0,,,,
131,mixed_evidence,confirmation,con,0.020976534079330887,4.0,,,,
131,mixed_evidence,confirmation,con,0.029497677179872287,5.0,,,,
131,mixed_evidence,confirmation,con,0.0047678625846566906,6.0,,,,
131,mixed_evidence,confirmation,con,0.0007545354059422389,7.0,,,,
131,mixed_evidence,confirmation,con,0.00011900462793417645,8.0,,,,
131,mixed_evidence,confirmation,con,0.0001688079232958281,9.0,,,,
131,mixed_evidence,confirmation,con,2.6611091467182857e-05,10.0,,,,
131,mixed_evidence,confirmation,con,3.7749261429507715e-05,11.0,,,,
131,mixed_evidence,confirmation,con,5.3549103644046604e-05,12.0,,,,
132,mixed_evidence,confirmation,pro,0.7,0.0,,,,
132,mixed_evidence,confirmation,pro,0.44800216544677096,1.0,,,,
132,mixed_evidence,confirmation,pro,0.7000000000000001,2.0,,,,
132,mixed_evidence,confirmation,pro,0.448002165446771,3.0,,,,
132,mixed_evidence,confirmation,pro,0.7000000000000001,4.0,,,,
132,mixed_evidence,confirmation,pro,0.8795820793009493,5.0,,,,
132,mixed_evidence,confirmation,pro,0.7175689523577445,6.0,,,,
132,mixed_evidence,confirmation,pro,0.4691369581545347,7.0,,,,
132,mixed_evidence,confirmation,pro,0.2201504268360905,8.0,,,,
132,mixed_evidence,confirmation,pro,0.0827185373758288,9.0,,,,
132,mixed_evidence,confirmation,pro,0.20588235294117668,10.0,,,,
132,mixed_evidence,confirmation,pro,0.4270535603879647,11.0,,,,
132,mixed_evidence,confirmation,pro,0.6818227520159184,12.0,,,,
133,mixed_evidence,confirmation,con,0.3,0.0,,,,
133,mixed_evidence,confirmation,con,0.055906037342180546,1.0,,,,
133,mixed_evidence,confirmation,con,0.008115677689753563,2.0,,,,
133,mixed_evidence,confirmation,con,0.010072331541107515,3.0,,,,
133,mixed_evidence,confirmation,con,0.012494783423356358,4.0,,,,
133,mixed_evidence,confirmation,con,0.0017452233156406806,5.0,,,,
133,mixed_evidence,confirmation,con,0.002169348044826275,6.0,,,,
133,mixed_evidence,confirmation,con,0.0026962653091281786,7.0,,,,
133,mixed_evidence,confirmation,con,0.00037341628232274987,8.0,,,,
133,mixed_evidence,confirmation,con,0.00046431909078266875,9.0,,,,
133,mixed_evidence,confirmation,con,6.418161468914728e-05,10.0,,,,
133,mixed_evidence,confirmation,con,8.868597339881542e-06,11.0,,,,
133,mixed_evidence,confirmation,con,1.1028508536095522e-05,12.0,,,,
134,mixed_evidence,confirmation,pro,0.7,0.0,,,,
134,mixed_evidence,confirmation,pro,0.9412275781016073,1.0,,,,
134,mixed_evidence,confirmation,pro,0.9243170347102164,2.0,,,,
134,mixed_evidence,confirmation,pro,0.903042055971897,3.0,,,,
134,mixed_evidence,confirmation,pro,0.8765850629694033,4.0,,,,
134,mixed_evidence,confirmation,pro,0.8441546296694101,5.0,,,,
134,mixed_evidence,confirmation,pro,0.9738061027383622,6.0,,,,
134,mixed_evidence,confirmation,pro,0.9960962261385193,7.0,,,,
134,mixed_evidence,confirmation,pro,0.9948872394167135,8.0,,,,
134,mixed_evidence,confirmation,pro,0.9992518093642025,9.0,,,,
134,mixed_evidence,confirmation,pro,0.9998909198619798,10.0,,,,
134,mixed_evidence,confirmation,pro,0.9998569693306383,11.0,,,,
134,mixed_evidence,confirmation,pro,0.9999791580681946,12.0,,,,
135,mixed_evidence,confirmation,con,0.3,0.0,,,,
135,mixed_evidence,confirmation,con,0.39405376900573313,1.0,,,,
135,mixed_evidence,confirmation,con,0.09880846941665529,2.0,,,,
135,mixed_evidence,confirmation,con,0.14263919478506581,3.0,,,,
135,mixed_evidence,confirmation,con,0.027284546616491056,4.0,,,,
135,mixed_evidence,confirmation,con,0.04082506906464767,5.0,,,,
135,mixed_evidence,confirmation,con,0.007124910225624992,6.0,,,,
135,mixed_evidence,confirmation,con,0.010771583384510638,7.0,,,,
135,mixed_evidence,confirmation,con,0.016254142520520896,8.0,,,,
135,mixed_evidence,confirmation,con,0.002777977225308837,9.0,,,,
135,mixed_evidence,confirmation,con,0.00046944915974046547,10.0,,,,
135,mixed_evidence,confirmation,con,7.91796864401652e-05,11.0,,,,
135,mixed_evidence,confirmation,con,0.00012014180950039426,12.0,,,,
136,mixed_evidence,confirmation,pro,0.7,0.0,,,,
136,mixed_evidence,confirmation,pro,0.9043264562423352,1.0,,,,
136,mixed_evidence,confirmation,pro,0.8096865549726963,2.0,,,,
136,mixed_evidence,confirmation,pro,0.6569430695498365,3.0,,,,
136,mixed_evidence,confirmation,pro,0.4629249547548395,4.0,,,,
136,mixed_evidence,confirmation,pro,0.6569430695498364,5.0,,,,
136,mixed_evidence,confirmation,pro,0.46292495475483947,6.0,,,,
136,mixed_evidence,confirmation,pro,0.6569430695498363,7.0,,,,
136,mixed_evidence,confirmation,pro,0.8858113095681751,8.0,,,,
136,mixed_evidence,confirmation,pro,0.9691595600316716,9.0,,,,
136,mixed_evidence,confirmation,pro,0.9339695982673342,10.0,,,,
136,mixed_evidence,confirmation,pro,0.9828469829938733,11.0,,,,
136,mixed_evidence,confirmation,pro,0.9626733116932571,12.0,,,,
137,mixed_evidence,confirmation,con,0.3,0.0,,,,
137,mixed_evidence,confirmation,con,0.10115840918970012,1.0,,,,
137,mixed_evidence,confirmation,con,0.21010115359761555,2.0,,,,
137,mixed_evidence,confirmation,con,0.3859869845938316,3.0,,,,
137,mixed_evidence,confirmation,con,0.141688788124192,4.0,,,,
137,mixed_evidence,confirmation,con,0.28065187226362237,5.0,,,,
137,mixed_evidence,confirmation,con,0.09293180688135952,6.0,,,,
137,mixed_evidence,confirmation,con,0.026199326670177277,7.0,,,,
137,mixed_evidence,confirmation,con,0.00701549224561016,8.0,,,,
137,mixed_evidence,confirmation,con,0.0018518520984316465,9.0,,,,
137,mixed_evidence,confirmation,con,0.004365653759628268,10.0,,,,
137,mixed_evidence,confirmation,con,0.010256757559381574,11.0,,,,
137,mixed_evidence,confirmation,con,0.023906558741357636,12.0,,,,
138,mixed_evidence,confirmation,pro,0.7,0.0,,,,
138,mixed_evidence,confirmation,pro,0.9454421691317626,1.0,,,,
138,mixed_evidence,confirmation,pro,0.9922899070900382,2.0,,,,
138,mixed_evidence,confirmation,pro,0.998954880810208,3.0,,,,
138,mixed_evidence,confirmation,pro,0.9987337743509977,4.0,,,,
138,mixed_evidence,confirmation,pro,0.9998293186187297,5.0,,,,
138,mixed_evidence,confirmation,pro,0.9999770147511486,6.0,,,,
138,mixed_evidence,confirmation,pro,0.9999721459393877,7.0,,,,
138,mixed_evidence,confirmation,pro,0.9999662458345594,8.0,,,,
138,mixed_evidence,confirmation,pro,0.9999590960084244,9.0,,,,
138,mixed_evidence,confirmation,pro,0.9999504317772054,10.0,,,,
138,mixed_evidence,confirmation,pro,0.9999933254669401,11.0,,,,
138,mixed_evidence,confirmation,pro,0.9999919116172309,12.0,,,,
139,mixed_evidence,confirmation,con,0.3,0.0,,,,
139,mixed_evidence,confirmation,con,0.4491142884092378,1.0,,,,
139,mixed_evidence,confirmation,con,0.14698749882272152,2.0,,,,
139,mixed_evidence,confirmation,con,0.24686947932762093,3.0,,,,
139,mixed_evidence,confirmation,con,0.38406470277310495,4.0,,,,
139,mixed_evidence,confirmation,con,0.11644776852320836,5.0,,,,
139,mixed_evidence,confirmation,con,0.02710166924260901,6.0,,,,
139,mixed_evidence,confirmation,con,0.005853406038779459,7.0,,,,
139,mixed_evidence,confirmation,con,0.011076260824424611,8.0,,,,
139,mixed_evidence,confirmation,con,0.0208615525049216,9.0,,,,
139,mixed_evidence,confirmation,con,0.0044831243723254055,10.0,,,,
139,mixed_evidence,confirmation,con,0.000950930157407752,11.0,,,,
139,mixed_evidence,confirmation,con,0.0018073751507561475,12.0,,,,
140,mixed_evidence,confirmation,pro,0.7,0.0,,,,
140,mixed_evidence,confirmation,pro,0.9294313195312178,1.0,,,,
140,mixed_evidence,confirmation,pro,0.8920111391159915,2.0,,,,
140,mixed_evidence,confirmation,pro,0.8382025575144195,3.0,,,,
140,mixed_evidence,confirmation,pro,0.9669333138558373,4.0,,,,
140,mixed_evidence,confirmation,pro,0.9939779772582175,5.0,,,,
140,mixed_evidence,confirmation,pro,0.9989278113322779,6.0,,,,
140,mixed_evidence,confirmation,pro,0.9982915255784851,7.0,,,,
140,mixed_evidence,confirmation,pro,0.9972786674614699,8.0,,,,
140,mixed_evidence,confirmation,pro,0.9995168002925858,9.0,,,,
140,mixed_evidence,confirmation,pro,0.9992297779973321,10.0,,,,
140,mixed_evidence,confirmation,pro,0.9998634591101228,11.0,,,,
140,mixed_evidence,confirmation,pro,0.9997823085019519,12.0,,,,
141,mixed_evidence,confirmation,con,0.3,0.0,,,,
141,mixed_evidence,confirmation,con,0.38890336521352314,1.0,,,,
141,mixed_evidence,confirmation,con,0.09502432628147364,2.0,,,,
141,mixed_evidence,confirmation,con,0.13488948025034647,3.0,,,,
141,mixed_evidence,confirmation,con,0.18800466185332498,4.0,,,,
141,mixed_evidence,confirmation,con,0.03679590489791331,5.0,,,,
141,mixed_evidence,confirmation,con,0.006263520240482342,6.0,,,,
141,mixed_evidence,confirmation,con,0.0010388717252817709,7.0,,,,
141,mixed_evidence,confirmation,con,0.00017155560429603185,8.0,,,,
141,mixed_evidence,confirmation,con,2.830956603509538e-05,9.0,,,,
141,mixed_evidence,confirmation,con,4.2037399706588395e-05,10.0,,,,
141,mixed_evidence,confirmation,con,6.242169901104241e-05,11.0,,,,
141,mixed_evidence,confirmation,con,9.268960541444321e-05,12.0,,,,
142,mixed_evidence,confirmation,pro,0.7,0.0,,,,
142,mixed_evidence,confirmation,pro,0.5434055720761133,1.0,,,,
142,mixed_evidence,confirmation,pro,0.37773409174365463,2.0,,,,
142,mixed_evidence,confirmation,pro,0.5434055720761133,3.0,,,,
142,mixed_evidence,confirmation,pro,0.37773409174365463,4.0,,,,
142,mixed_evidence,confirmation,pro,0.5434055720761133,5.0,,,,
142,mixed_evidence,confirmation,pro,0.8452795626764357,6.0,,,,
142,mixed_evidence,confirmation,pro,0.9616551134963394,7.0,,,,
142,mixed_evidence,confirmation,pro,0.9274926716083665,8.0,,,,
142,mixed_evidence,confirmation,pro,0.9832552568845256,9.0,,,,
142,mixed_evidence,confirmation,pro,0.9676903734521444,10.0,,,,
142,mixed_evidence,confirmation,pro,0.9927791394765385,11.0,,,,
142,mixed_evidence,confirmation,pro,0.985940485665997,12.0,,,,
143,mixed_evidence,confirmation,con,0.3,0.0,,,,
143,mixed_evidence,confirmation,con,0.0935460407038508,1.0,,,,
143,mixed_evidence,confirmation,con,0.024247980024349747,2.0,,,,
143,mixed_evidence,confirmation,con,0.051103864155082473,3.0,,,,
143,mixed_evidence,confirmation,con,0.012802522414922246,4.0,,,,
143,mixed_evidence,confirmation,con,0.027337122825943277,5.0,,,,
143,mixed_evidence,confirmation,con,0.006722295454597542,6.0,,,,
143,mixed_evidence,confirmation,con,0.0016270322768274735,7.0,,,,
143,mixed_evidence,confirmation,con,0.0035194204207402427,8.0,,,,
143,mixed_evidence,confirmation,con,0.007596083591927675,9.0,,,,
143,mixed_evidence,confirmation,con,0.016317557104816298,10.0,,,,
143,mixed_evidence,confirmation,con,0.0039785549099547535,11.0,,,,
143,mixed_evidence,confirmation,con,0.008582468475806801,12.0,,,,
144,mixed_evidence,confirmation,pro,0.7,0.0,,,,
144,mixed_evidence,confirmation,pro,0.48315196179339065,1.0,,,,
144,mixed_evidence,confirmation,pro,0.7,2.0,,,,
144,mixed_evidence,confirmation,pro,0.48315196179339065,3.0,,,,
144,mixed_evidence,confirmation,pro,0.7,4.0,,,,
144,mixed_evidence,confirmation,pro,0.48315196179339065,5.0,,,,
144,mixed_evidence,confirmation,pro,0.20588235294117643,6.0,,,,
144,mixed_evidence,confirmation,pro,0.06707985968788263,7.0,,,,
144,mixed_evidence,confirmation,pro,0.15216504675634088,8.0,,,,
144,mixed_evidence,confirmation,pro,0.30938315504704184,9.0,,,,
144,mixed_evidence,confirmation,pro,0.5278987062617554,10.0,,,,
144,mixed_evidence,confirmation,pro,0.8012650706729848,11.0,,,,
144,mixed_evidence,confirmation,pro,0.6176308290106107,12.0,,,,
145,mixed_evidence,confirmation,con,0.3,0.0,,,,
145,mixed_evidence,confirmation,con,0.36993764505888205,1.0,,,,
145,mixed_evidence,confirmation,con,0.08204387961158992,2.0,,,,
145,mixed_evidence,confirmation,con,0.013422540623338731,3.0,,,,
145,mixed_evidence,confirmation,con,0.002066732696378141,4.0,,,,
145,mixed_evidence,confirmation,con,0.0028292681679817663,5.0,,,,
145,mixed_evidence,confirmation,con,0.000431714196464406,6.0,,,,
145,mixed_evidence,confirmation,con,0.0005913556412504543,7.0,,,,
145,mixed_evidence,confirmation,con,0.000809982265286282,8.0,,,,
145,mixed_evidence,confirmation,con,0.001109346337211148,9.0,,,,
145,mixed_evidence,confirmation,con,0.00016902660248895203,10.0,,,,
145,mixed_evidence,confirmation,con,0.0002315526111164992,11.0,,,,
145,mixed_evidence,confirmation,con,3.525447215699021e-05,12.0,,,,
146,mixed_evidence,confirmation,pro,0.7,0.0,,,,
146,mixed_evidence,confirmation,pro,0.5479799452056094,1.0,,,,
146,mixed_evidence,confirmation,pro,0.8500446126137764,2.0,,,,
146,mixed_evidence,confirmation,pro,0.9636449522391463,3.0,,,,
146,mixed_evidence,confirmation,pro,0.9919964054097303,4.0,,,,
146,mixed_evidence,confirmation,pro,0.9847084165956125,5.0,,,,
146,mixed_evidence,confirmation,pro,0.970978215140658,6.0,,,,
146,mixed_evidence,confirmation,pro,0.993648522875691,7.0,,,,
146,mixed_evidence,confirmation,pro,0.9878465035547414,8.0,,,,
146,mixed_evidence,confirmation,pro,0.9768677765106487,9.0,,,,
146,mixed_evidence,confirmation,pro,0.9949613392757931,10.0,,,,
146,mixed_evidence,confirmation,pro,0.9903469159377192,11.0,,,,
146,mixed_evidence,confirmation,pro,0.9979198162649137,12.0,,,,
147,mixed_evidence,confirmation,con,0.3,0.0,,,,
147,mixed_evidence,confirmation,con,0.35096690749044535,1.0,,,,
147,mixed_evidence,confirmation,con,0.4055757388637513,2.0,,,,
147,mixed_evidence,confirmation,con,0.087304192705613,3.0,,,,
147,mixed_evidence,confirmation,con,0.01323296854648779,4.0,,,,
147,mixed_evidence,confirmation,con,0.016639170332813324,5.0,,,,
147,mixed_evidence,confirmation,con,0.0023665917740557318,6.0,,,,
147,mixed_evidence,confirmation,con,0.00033246165321146407,7.0,,,,
147,mixed_evidence,confirmation,con,0.00041944969298810826,8.0,,,,
147,mixed_evidence,confirmation,con,5.882611113234615e-05,9.0,,,,
147,mixed_evidence,confirmation,con,8.247564292399247e-06,10.0,,,,
147,mixed_evidence,confirmation,con,1.040640887110068e-05,11.0,,,,
147,mixed_evidence,confirmation,con,1.3130335279283352e-05,12.0,,,,
148,mixed_evidence,confirmation,pro,0.7,0.0,,,,
148,mixed_evidence,confirmation,pro,0.6118512298725984,1.0,,,,
148,mixed_evidence,confirmation,pro,0.5157205867574294,2.0,,,,
148,mixed_evidence,confirmation,pro,0.8662186104472197,3.0,,,,
148,mixed_evidence,confirmation,pro,0.9752280035671599,4.0,,,,
148,mixed_evidence,confirmation,pro,0.9637628374904162,5.0,,,,
148,mixed_evidence,confirmation,pro,0.9938539902300506,6.0,,,,
148,mixed_evidence,confirmation,pro,0.9909292650366305,7.0,,,,
148,mixed_evidence,confirmation,pro,0.9984967433676698,8.0,,,,
148,mixed_evidence,confirmation,pro,0.9977764398449732,9.0,,,,
148,mixed_evidence,confirmation,pro,0.996712130703619,10.0,,,,
148,mixed_evidence,confirmation,pro,0.9994577545762869,11.0,,,,
148,mixed_evidence,confirmation,pro,0.9999107764794565,12.0,,,,
149,mixed_evidence,confirmation,con,0.3,0.0,,,,
149,mixed_evidence,confirmation,con,0.4877819442621305,1.0,,,,
149,mixed_evidence,confirmation,con,0.6790771412448044,2.0,,,,
149,mixed_evidence,confirmation,con,0.48778194426213056,3.0,,,,
149,mixed_evidence,confirmation,con,0.6790771412448044,4.0,,,,
149,mixed_evidence,confirmation,con,0.8955137997018975,5.0,,,,
149,mixed_evidence,confirmation,con,0.7941176470588235,6.0,,,,
149,mixed_evidence,confirmation,con,0.6344860395276961,7.0,,,,
149,mixed_evidence,confirmation,con,0.8754814738454454,8.0,,,,
149,mixed_evidence,confirmation,con,0.7598584409509779,9.0,,,,
149,mixed_evidence,confirmation,con,0.5874630732476995,10.0,,,,
149,mixed_evidence,confirmation,con,0.390567297461133,11.0,,,,
149,mixed_evidence,confirmation,con,0.5874630732476995,12.0,,,,
150,mixed_evidence,confirmation,pro,0.7,0.0,,,,
150,mixed_evidence,confirmation,pro,0.9296842943268702,1.0,,,,
150,mixed_evidence,confirmation,pro,0.9868279934892886,2.0,,,,
150,mixed_evidence,confirmation,pro,0.9792396062287139,3.0,,,,
150,mixed_evidence,confirmation,pro,0.9674238652368548,4.0,,,,
150,mixed_evidence,confirmation,pro,0.9492318655075497,5.0,,,,
150,mixed_evidence,confirmation,pro,0.9906495486921653,6.0,,,,
150,mixed_evidence,confirmation,pro,0.9983370341165955,7.0,,,,
150,mixed_evidence,confirmation,pro,0.9973612709540276,8.0,,,,
150,mixed_evidence,confirmation,pro,0.9958153680930989,9.0,,,,
150,mixed_evidence,confirmation,pro,0.9933698166600485,10.0,,,,
150,mixed_evidence,confirmation,pro,0.9988234863929817,11.0,,,,
150,mixed_evidence,confirmation,pro,0.9997921684054208,12.0,,,,
151,mixed_evidence,confirmation,con,0.3,0.0,,,,
151,mixed_evidence,confirmation,con,0.07786181750059737,1.0,,,,
151,mixed_evidence,confirmation,con,0.13022210856438612,2.0,,,,
151,mixed_evidence,confirmation,con,0.20978310016764465,3.0,,,,
151,mixed_evidence,confirmation,con,0.04970368065193876,4.0,,,,
151,mixed_evidence,confirmation,con,0.010199583847960377,5.0,,,,
151,mixed_evidence,confirmation,con,0.017943985394925595,6.0,,,,
151,mixed_evidence,confirmation,con,0.0035869668591294837,7.0,,,,
151,mixed_evidence,confirmation,con,0.0007087374344190181,8.0,,,,
151,mixed_evidence,confirmation,con,0.00013971335394636852,9.0,,,,
151,mixed_evidence,confirmation,con,0.00024770731677348093,10.0,,,,
151,mixed_evidence,confirmation,con,0.0004391405028386174,11.0,,,,
151,mixed_evidence,confirmation,con,0.0007784019093310593,12.0,,,,
152,mixed_evidence,confirmation,pro,0.7,0.0,,,,
152,mixed_evidence,confirmation,pro,0.8781747720593632,1.0,,,,
152,mixed_evidence,confirmation,pro,0.9570253092248381,2.0,,,,
152,mixed_evidence,confirmation,pro,0.8843162134220529,3.0,,,,
152,mixed_evidence,confirmation,pro,0.7240598276389658,4.0,,,,
152,mixed_evidence,confirmation,pro,0.4738802194679962,5.0,,,,
152,mixed_evidence,confirmation,pro,0.2257381142974407,6.0,,,,
152,mixed_evidence,confirmation,pro,0.45927284197000784,7.0,,,,
152,mixed_evidence,confirmation,pro,0.7121796926730459,8.0,,,,
152,mixed_evidence,confirmation,pro,0.8843162134220528,9.0,,,,
152,mixed_evidence,confirmation,pro,0.959375628875241,10.0,,,,
152,mixed_evidence,confirmation,pro,0.8901867678566483,11.0,,,,
152,mixed_evidence,confirmation,pro,0.735631624786105,12.0,,,,
153,mixed_evidence,confirmation,con,0.3,0.0,,,,
153,mixed_evidence,confirmation,con,0.058541246732365874,1.0,,,,
153,mixed_evidence,confirmation,con,0.07509927648739158,2.0,,,,
153,mixed_evidence,confirmation,con,0.09586376324192662,3.0,,,,
153,mixed_evidence,confirmation,con,0.015150532842924053,4.0,,,,
153,mixed_evidence,confirmation,con,0.0022270360116831873,5.0,,,,
153,mixed_evidence,confirmation,con,0.00290610651820169,6.0,,,,
153,mixed_evidence,confirmation,con,0.003791453200589585,7.0,,,,
153,mixed_evidence,confirmation,con,0.0005518907840116855,8.0,,,,
153,mixed_evidence,confirmation,con,8.011162710677465e-05,9.0,,,,
153,mixed_evidence,confirmation,con,0.00010460799477739075,10.0,,,,
153,mixed_evidence,confirmation,con,0.00013659378786656586,11.0,,,,
153,mixed_evidence,confirmation,con,1.982070607192517e-05,12.0,,,,
154,mixed_evidence,confirmation,pro,0.7,0.0,,,,
154,mixed_evidence,confirmation,pro,0.47299863986486007,1.0,,,,
154,mixed_evidence,confirmation,pro,0.7000000000000001,2.0,,,,
154,mixed_evidence,confirmation,pro,0.4729986398648601,3.0,,,,
154,mixed_evidence,confirmation,pro,0.2058823529411765,4.0,,,,
154,mixed_evidence,confirmation,pro,0.4026301012040824,5.0,,,,
154,mixed_evidence,confirmation,pro,0.6366584988735731,6.0,,,,
154,mixed_evidence,confirmation,pro,0.40263010120408244,7.0,,,,
154,mixed_evidence,confirmation,pro,0.6366584988735731,8.0,,,,
154,mixed_evidence,confirmation,pro,0.8584780565417219,9.0,,,,
154,mixed_evidence,confirmation,pro,0.7000000000000001,10.0,,,,
154,mixed_evidence,confirmation,pro,0.4729986398648601,11.0,,,,
154,mixed_evidence,confirmation,pro,0.7000000000000001,12.0,,,,
155,mixed_evidence,confirmation,con,0.3,0.0,,,,
155,mixed_evidence,confirmation,con,0.46819586275594366,1.0,,,,
155,mixed_evidence,confirmation,con,0.16732522071415726,2.0,,,,
155,mixed_evidence,confirmation,con,0.04385507480804919,3.0,,,,
155,mixed_evidence,confirmation,con,0.010360560765951111,4.0,,,,
155,mixed_evidence,confirmation,con,0.021053194684855635,5.0,,,,
155,mixed_evidence,confirmation,con,0.04230939221803199,6.0,,,,
155,mixed_evidence,confirmation,con,0.00998307453726004,7.0,,,,
155,mixed_evidence,confirmation,con,0.00229632525398581,8.0,,,,
155,mixed_evidence,confirmation,con,0.0047058267824257325,9.0,,,,
155,mixed_evidence,confirmation,con,0.0010780184194844173,10.0,,,,
155,mixed_evidence,confirmation,con,0.002212002087157952,11.0,,,,
155,mixed_evidence,confirmation,con,0.004533426549022272,12.0,,,,
156,mixed_evidence,confirmation,pro,0.7,0.0,,,,
156,mixed_evidence,confirmation,pro,0.9111972079789518,1.0,,,,
156,mixed_evidence,confirmation,pro,0.9783186852598424,2.0,,,,
156,mixed_evidence,confirmation,pro,0.9566115227660703,3.0,,,,
156,mixed_evidence,confirmation,pro,0.9150582728898792,4.0,,,,
156,mixed_evidence,confirmation,pro,0.8403508798367961,5.0,,,,
156,mixed_evidence,confirmation,pro,0.7200399797424333,6.0,,,,
156,mixed_evidence,confirmation,pro,0.9187664283706788,7.0,,,,
156,mixed_evidence,confirmation,pro,0.9802904713912571,8.0,,,,
156,mixed_evidence,confirmation,pro,0.9954487427467756,9.0,,,,
156,mixed_evidence,confirmation,pro,0.9907295432889648,10.0,,,,
156,mixed_evidence,confirmation,pro,0.9978766874889541,11.0,,,,
156,mixed_evidence,confirmation,pro,0.9956640585691794,12.0,,,,
157,mixed_evidence,confirmation,con,0.3,0.0,,,,
157,mixed_evidence,confirmation,con,0.4585948525508966,1.0,,,,
157,mixed_evidence,confirmation,con,0.15684031295539985,2.0,,,,
157,mixed_evidence,confirmation,con,0.039246498270546964,3.0,,,,
157,mixed_evidence,confirmation,con,0.0747054875308662,4.0,,,,
157,mixed_evidence,confirmation,con,0.01742131476965576,5.0,,,,
157,mixed_evidence,confirmation,con,0.03385625490441161,6.0,,,,
157,mixed_evidence,confirmation,con,0.06477352642529595,7.0,,,,
157,mixed_evidence,confirmation,con,0.12040562433425016,8.0,,,,
157,mixed_evidence,confirmation,con,0.029183837556701883,9.0,,,,
157,mixed_evidence,confirmation,con,0.006558263681014525,10.0,,,,
157,mixed_evidence,confirmation,con,0.0014476327144256939,11.0,,,,
157,mixed_evidence,confirmation,con,0.0028571202305777157,12.0,,,,
158,mixed_evidence,confirmation,pro,0.7,0.0,,,,
158,mixed_evidence,confirmation,pro,0.9311030219229233,1.0,,,,
158,mixed_evidence,confirmation,pro,0.8968766768197566,2.0,,,,
158,mixed_evidence,confirmation,pro,0.8484155887830267,3.0,,,,
158,mixed_evidence,confirmation,pro,0.7826987306791516,4.0,,,,
158,mixed_evidence,confirmation,pro,0.6986122664497136,5.0,,,,
158,mixed_evidence,confirmation,pro,0.9306784527486149,6.0,,,,
158,mixed_evidence,confirmation,pro,0.896264690360026,7.0,,,,
158,mixed_evidence,confirmation,pro,0.847564889385305,8.0,,,,
158,mixed_evidence,confirmation,pro,0.9698830730799405,9.0,,,,
158,mixed_evidence,confirmation,pro,0.9946672855132157,10.0,,,,
158,mixed_evidence,confirmation,pro,0.9990751998337711,11.0,,,,
158,mixed_evidence,confirmation,pro,0.9998402063414686,12.0,,,,
159,mixed_evidence,confirmation,con,0.3,0.0,,,,
159,mixed_evidence,confirmation,con,0.4246158964168886,1.0,,,,
159,mixed_evidence,confirmation,con,0.12372350570301688,2.0,,,,
159,mixed_evidence,confirmation,con,0.026303133724118,3.0,,,,
159,mixed_evidence,confirmation,con,0.044448097533303595,4.0,,,,
159,mixed_evidence,confirmation,con,0.008821117391615384,5.0,,,,
159,mixed_evidence,confirmation,con,0.015093218653509828,6.0,,,,
159,mixed_evidence,confirmation,con,0.025709312452133686,7.0,,,,
159,mixed_evidence,confirmation,con,0.043462919558819535,8.0,,,,
159,mixed_evidence,confirmation,con,0.008618477880843816,9.0,,,,
159,mixed_evidence,confirmation,con,0.0016605068382992158,10.0,,,,
159,mixed_evidence,confirmation,con,0.0028558509475838947,11.0,,,,
159,mixed_evidence,confirmation,con,0.0005476616690474866,12.0,,,,
160,mixed_evidence,confirmation,pro,0.7,0.0,,,,
160,mixed_evidence,confirmation,pro,0.9262848265490766,1.0,,,,
160,mixed_evidence,confirmation,pro,0.882614361114568,2.0,,,,
160,mixed_evidence,confirmation,pro,0.97589884209047,3.0,,,,
160,mixed_evidence,confirmation,pro,0.9954350590396053,4.0,,,,
160,mixed_evidence,confirmation,pro,0.992394318435098,5.0,,,,
160,mixed_evidence,confirmation,pro,0.9873538499750453,6.0,,,,
160,mixed_evidence,confirmation,pro,0.9976272993042671,7.0,,,,
160,mixed_evidence,confirmation,pro,0.9960410183114433,8.0,,,,
160,mixed_evidence,confirmation,pro,0.9992624780052252,9.0,,,,
160,mixed_evidence,confirmation,pro,0.9987680539883641,10.0,,,,
160,mixed_evidence,confirmation,pro,0.9997710099037426,11.0,,,,
160,mixed_evidence,confirmation,pro,0.9996173677338828,12.0,,,,
161,mixed_evidence,confirmation,con,0.3,0.0,,,,
161,mixed_evidence,confirmation,con,0.42206101761151943,1.0,,,,
161,mixed_evidence,confirmation,con,0.12147205087150668,2.0,,,,
161,mixed_evidence,confirmation,con,0.19068211395536572,3.0,,,,
161,mixed_evidence,confirmation,con,0.04270362686522895,4.0,,,,
161,mixed_evidence,confirmation,con,0.07064327611614302,5.0,,,,
161,mixed_evidence,confirmation,con,0.014187640445039873,6.0,,,,
161,mixed_evidence,confirmation,con,0.02393668169781729,7.0,,,,
161,mixed_evidence,confirmation,con,0.004621698926972746,8.0,,,,
161,mixed_evidence,confirmation,con,0.00784984218202221,9.0,,,,
161,mixed_evidence,confirmation,con,0.01330263050313489,10.0,,,,
161,mixed_evidence,confirmation,con,0.0025460910079714975,11.0,,,,
161,mixed_evidence,confirmation,con,0.00048305743974246955,12.0,,,,
162,mixed_evidence,confirmation,pro,0.7,0.0,,,,
162,mixed_evidence,confirmation,pro,0.6617219716814033,1.0,,,,
162,mixed_evidence,confirmation,pro,0.6212028537678957,2.0,,,,
162,mixed_evidence,confirmation,pro,0.9252255248916831,3.0,,,,
162,mixed_evidence,confirmation,pro,0.9894023103028152,4.0,,,,
162,mixed_evidence,confirmation,pro,0.9985823967627904,5.0,,,,
162,mixed_evidence,confirmation,pro,0.9998118857926007,6.0,,,,
162,mixed_evidence,confirmation,pro,0.9997756216937878,7.0,,,,
162,mixed_evidence,confirmation,pro,0.999732368580925,8.0,,,,
162,mixed_evidence,confirmation,pro,0.9996807802842226,9.0,,,,
162,mixed_evidence,confirmation,pro,0.9996192516793563,10.0,,,,
162,mixed_evidence,confirmation,pro,0.9999495206245808,11.0,,,,
162,mixed_evidence,confirmation,pro,0.9999933093932882,12.0,,,,
163,mixed_evidence,confirmation,con,0.3,0.0,,,,
163,mixed_evidence,confirmation,con,0.33497188756155977,1.0,,,,
163,mixed_evidence,confirmation,con,0.06171700379584076,2.0,,,,
163,mixed_evidence,confirmation,con,0.07175907646023925,3.0,,,,
163,mixed_evidence,confirmation,con,0.08329006637850145,4.0,,,,
163,mixed_evidence,confirmation,con,0.011725770062328078,5.0,,,,
163,mixed_evidence,confirmation,con,0.0015470136826600878,6.0,,,,
163,mixed_evidence,confirmation,con,0.00020229320857832248,7.0,,,,
163,mixed_evidence,confirmation,con,2.6421673618574146e-05,8.0,,,,
163,mixed_evidence,confirmation,con,3.4504277016500097e-06,9.0,,,,
163,mixed_evidence,confirmation,con,4.055251658339416e-06,10.0,,,,
163,mixed_evidence,confirmation,con,4.766094435510078e-06,11.0,,,,
163,mixed_evidence,confirmation,con,5.601539744403116e-06,12.0,,,,
164,mixed_evidence,confirmation,pro,0.7,0.0,,,,
164,mixed_evidence,confirmation,pro,0.5921184233363924,1.0,,,,
164,mixed_evidence,confirmation,pro,0.8904539390238031,2.0,,,,
164,mixed_evidence,confirmation,pro,0.9785015758413851,3.0,,,,
164,mixed_evidence,confirmation,pro,0.9658905045739343,4.0,,,,
164,mixed_evidence,confirmation,pro,0.9462878001174118,5.0,,,,
164,mixed_evidence,confirmation,pro,0.9899647265563329,6.0,,,,
164,mixed_evidence,confirmation,pro,0.9839678161494988,7.0,,,,
164,mixed_evidence,confirmation,pro,0.9744796362871736,8.0,,,,
164,mixed_evidence,confirmation,pro,0.9953447030124005,9.0,,,,
164,mixed_evidence,confirmation,pro,0.9991654140552201,10.0,,,,
164,mixed_evidence,confirmation,pro,0.9986592330496016,11.0,,,,
164,mixed_evidence,confirmation,pro,0.9997602869668256,12.0,,,,
165,mixed_evidence,confirmation,con,0.3,0.0,,,,
165,mixed_evidence,confirmation,con,0.05555138538010241,1.0,,,,
165,mixed_evidence,confirmation,con,0.06773189719563354,2.0,,,,
165,mixed_evidence,confirmation,con,0.009872719257798004,3.0,,,,
165,mixed_evidence,confirmation,con,0.0013666118697548432,4.0,,,,
165,mixed_evidence,confirmation,con,0.001687491035141947,5.0,,,,
165,mixed_evidence,confirmation,con,0.00023193568165369164,6.0,,,,
165,mixed_evidence,confirmation,con,0.00028647038493780243,7.0,,,,
165,mixed_evidence,confirmation,con,3.9326059150217564e-05,8.0,,,,
165,mixed_evidence,confirmation,con,5.39744852258012e-06,9.0,,,,
165,mixed_evidence,confirmation,con,6.666898030473858e-06,10.0,,,,
165,mixed_evidence,confirmation,con,8.234912457643818e-06,11.0,,,,
165,mixed_evidence,confirmation,con,1.0171710721545015e-05,12.0,,,,
166,mixed_evidence,confirmation,pro,0.7,0.0,,,,
166,mixed_evidence,confirmation,pro,0.9453253066282161,1.0,,,,
166,mixed_evidence,confirmation,pro,0.992255198134309,2.0,,,,
166,mixed_evidence,confirmation,pro,0.9989477678504529,3.0,,,,
166,mixed_evidence,confirmation,pro,0.9987222735404578,4.0,,,,
166,mixed_evidence,confirmation,pro,0.999827376453834,5.0,,,,
166,mixed_evidence,confirmation,pro,0.9997903435082698,6.0,,,,
166,mixed_evidence,confirmation,pro,0.9997453679047373,7.0,,,,
166,mixed_evidence,confirmation,pro,0.9996907470991558,8.0,,,,
166,mixed_evidence,confirmation,pro,0.9996244140560473,9.0,,,,
166,mixed_evidence,confirmation,pro,0.9999492971568597,10.0,,,,
166,mixed_evidence,confirmation,pro,0.9999384182601718,11.0,,,,
166,mixed_evidence,confirmation,pro,0.999991688929856,12.0,,,,
167,mixed_evidence,confirmation,con,0.3,0.0,,,,
167,mixed_evidence,confirmation,con,0.43281199217047295,1.0,,,,
167,mixed_evidence,confirmation,con,0.5760363551212757,2.0,,,,
167,mixed_evidence,confirmation,con,0.8728989301523952,3.0,,,,
167,mixed_evidence,confirmation,con,0.972,4.0,,,,
167,mixed_evidence,confirmation,con,0.9512114547381884,5.0,,,,
167,mixed_evidence,confirmation,con,0.9163172946713058,6.0,,,,
167,mixed_evidence,confirmation,con,0.9822532101527647,7.0,,,,
167,mixed_evidence,confirmation,con,0.9688330484762804,8.0,,,,
167,mixed_evidence,confirmation,con,0.945824258978947,9.0,,,,
167,mixed_evidence,confirmation,con,0.9074519871053112,10.0,,,,
167,mixed_evidence,confirmation,con,0.8463170873505367,11.0,,,,
167,mixed_evidence,confirmation,con,0.9653206775466138,12.0,,,,
168,mixed_evidence,confirmation,pro,0.7,0.0,,,,
168,mixed_evidence,confirmation,pro,0.6110826555484489,1.0,,,,
168,mixed_evidence,confirmation,pro,0.5141044870390477,2.0,,,,
168,mixed_evidence,confirmation,pro,0.8650899263533054,3.0,,,,
168,mixed_evidence,confirmation,pro,0.8119594175870982,4.0,,,,
168,mixed_evidence,confirmation,pro,0.7440945532792091,5.0,,,,
168,mixed_evidence,confirmation,pro,0.9463002821407557,6.0,,,,
168,mixed_evidence,confirmation,pro,0.9222788160925232,7.0,,,,
168,mixed_evidence,confirmation,pro,0.9862857655489972,8.0,,,,
168,mixed_evidence,confirmation,pro,0.9977108979688356,9.0,,,,
168,mixed_evidence,confirmation,pro,0.9966043933783946,10.0,,,,
168,mixed_evidence,confirmation,pro,0.9994381218865003,11.0,,,,
168,mixed_evidence,confirmation,pro,0.9999072449529199,12.0,,,,
169,mixed_evidence,confirmation,con,0.3,0.0,,,,
169,mixed_evidence,confirmation,con,0.08172788465573033,1.0,,,,
169,mixed_evidence,confirmation,con,0.0181476622265424,2.0,,,,
169,mixed_evidence,confirmation,con,0.033392045992667936,3.0,,,,
169,mixed_evidence,confirmation,con,0.06065097815004177,4.0,,,,
169,mixed_evidence,confirmation,con,0.013231279490138949,5.0,,,,
169,mixed_evidence,confirmation,con,0.02444864321021785,6.0,,,,
169,mixed_evidence,confirmation,con,0.005177568362934913,7.0,,,,
169,mixed_evidence,confirmation,con,0.0010796594146955355,8.0,,,,
169,mixed_evidence,confirmation,con,0.002016033016951112,9.0,,,,
169,mixed_evidence,confirmation,con,0.0004193412326097079,10.0,,,,
169,mixed_evidence,confirmation,con,0.0007834792260620035,11.0,,,,
169,mixed_evidence,confirmation,con,0.0014633561707626515,12.0,,,,
170,mixed_evidence,confirmation,pro,0.7,0.0,,,,
170,mixed_evidence,confirmation,pro,0.6258448201102541,1.0,,,,
170,mixed_evidence,confirmation,pro,0.9151955975874226,2.0,,,,
170,mixed_evidence,confirmation,pro,0.8855351448273798,3.0,,,,
170,mixed_evidence,confirmation,pro,0.9803586771605548,4.0,,,,
170,mixed_evidence,confirmation,pro,0.9969043020259903,5.0,,,,
170,mixed_evidence,confirmation,pro,0.9956868973905922,6.0,,,,
170,mixed_evidence,confirmation,pro,0.9939936244624175,7.0,,,,
170,mixed_evidence,confirmation,pro,0.9916411733401601,8.0,,,,
170,mixed_evidence,confirmation,pro,0.9986952025234178,9.0,,,,
170,mixed_evidence,confirmation,pro,0.999797538903922,10.0,,,,
170,mixed_evidence,confirmation,pro,0.9999686140509638,11.0,,,,
170,mixed_evidence,confirmation,pro,0.9999562183860784,12.0,,,,
171,mixed_evidence,confirmation,con,0.3,0.0,,,,
171,mixed_evidence,confirmation,con,0.05632786367944459,1.0,,,,
171,mixed_evidence,confirmation,con,0.06961253392666915,2.0,,,,
171,mixed_evidence,confirmation,con,0.010313361298769608,3.0,,,,
171,mixed_evidence,confirmation,con,0.01289400275862916,4.0,,,,
171,mixed_evidence,confirmation,con,0.0018159902414726203,5.0,,,,
171,mixed_evidence,confirmation,con,0.0002533213568981901,6.0,,,,
171,mixed_evidence,confirmation,con,3.5289494954948155e-05,7.0,,,,
171,mixed_evidence,confirmation,con,4.423469133084127e-05,8.0,,,,
171,mixed_evidence,confirmation,con,5.544719420846614e-05,9.0,,,,
171,mixed_evidence,confirmation,con,7.72287908382877e-06,10.0,,,,
171,mixed_evidence,confirmation,con,9.68054544540681e-06,11.0,,,,
171,mixed_evidence,confirmation,con,1.2134453045067066e-05,12.0,,,,
172,mixed_evidence,confirmation,pro,0.7,0.0,,,,
172,mixed_evidence,confirmation,pro,0.9422891666063882,1.0,,,,
172,mixed_evidence,confirmation,pro,0.9913236205846448,2.0,,,,
172,mixed_evidence,confirmation,pro,0.9987508052322193,3.0,,,,
172,mixed_evidence,confirmation,pro,0.9983939192238688,4.0,,,,
172,mixed_evidence,confirmation,pro,0.9979352842173862,5.0,,,,
172,mixed_evidence,confirmation,pro,0.9997044170063996,6.0,,,,
172,mixed_evidence,confirmation,pro,0.9996198673668534,7.0,,,,
172,mixed_evidence,confirmation,pro,0.9995111446658752,8.0,,,,
172,mixed_evidence,confirmation,pro,0.9993713454648492,9.0,,,,
172,mixed_evidence,confirmation,pro,0.9999101131722009,10.0,,,,
172,mixed_evidence,confirmation,pro,0.9999871536589671,11.0,,,,
172,mixed_evidence,confirmation,pro,0.9999834777080018,12.0,,,,
173,mixed_evidence,confirmation,con,0.3,0.0,,,,
173,mixed_evidence,confirmation,con,0.48627546063327065,1.0,,,,
173,mixed_evidence,confirmation,con,0.6764432335247548,2.0,,,,
173,mixed_evidence,confirmation,con,0.8949482327422158,3.0,,,,
173,mixed_evidence,confirmation,con,0.7941176470588234,4.0,,,,
173,mixed_evidence,confirmation,con,0.6358833399826677,5.0,,,,
173,mixed_evidence,confirmation,con,0.441557082895942,6.0,,,,
173,mixed_evidence,confirmation,con,0.6358833399826677,7.0,,,,
173,mixed_evidence,confirmation,con,0.441557082895942,8.0,,,,
173,mixed_evidence,confirmation,con,0.16250809672894154,9.0,,,,
173,mixed_evidence,confirmation,con,0.29999999999999977,10.0,,,,
173,mixed_evidence,confirmation,con,0.48627546063327043,11.0,,,,
173,mixed_evidence,confirmation,con,0.1885054702329648,12.0,,,,
174,mixed_evidence,confirmation,pro,0.7,0.0,,,,
174,mixed_evidence,confirmation,pro,0.6295348205724526,1.0,,,,
174,mixed_evidence,confirmation,pro,0.9176146676460846,2.0,,,,
174,mixed_evidence,confirmation,pro,0.98648727458069,3.0,,,,
174,mixed_evidence,confirmation,pro,0.9979145166906622,4.0,,,,
174,mixed_evidence,confirmation,pro,0.9971386344476112,5.0,,,,
174,mixed_evidence,confirmation,pro,0.9995623875992716,6.0,,,,
174,mixed_evidence,confirmation,pro,0.9993992093863624,7.0,,,,
174,mixed_evidence,confirmation,pro,0.9991752350022635,8.0,,,,
174,mixed_evidence,confirmation,pro,0.9998740796901057,9.0,,,,
174,mixed_evidence,confirmation,pro,0.9998271060472782,10.0,,,,
174,mixed_evidence,confirmation,pro,0.9999736181435737,11.0,,,,
174,mixed_evidence,confirmation,pro,0.9999637752413542,12.0,,,,
175,mixed_evidence,confirmation,con,0.3,0.0,,,,
175,mixed_evidence,confirmation,con,0.07675335755057457,1.0,,,,
175,mixed_evidence,confirmation,con,0.12674215367844263,2.0,,,,
175,mixed_evidence,confirmation,con,0.02738274531005899,3.0,,,,
175,mixed_evidence,confirmation,con,0.005431579164201979,4.0,,,,
175,mixed_evidence,confirmation,con,0.0010582494315683018,5.0,,,,
175,mixed_evidence,confirmation,con,0.00020545422343645645,6.0,,,,
175,mixed_evidence,confirmation,con,3.986056309564914e-05,7.0,,,,
175,mixed_evidence,confirmation,con,6.958721556103236e-05,8.0,,,,
175,mixed_evidence,confirmation,con,0.00012148030133621834,9.0,,,,
175,mixed_evidence,confirmation,con,0.00021206327039332925,10.0,,,,
175,mixed_evidence,confirmation,con,0.0003701653064604308,11.0,,,,
175,mixed_evidence,confirmation,con,0.0006460628532060552,12.0,,,,
176,mixed_evidence,confirmation,pro,0.7,0.0,,,,
176,mixed_evidence,confirmation,pro,0.92740116916386,1.0,,,,
176,mixed_evidence,confirmation,pro,0.9859027360162647,2.0,,,,
176,mixed_evidence,confirmation,pro,0.9770336714250991,3.0,,,,
176,mixed_evidence,confirmation,pro,0.9627953429047814,4.0,,,,
176,mixed_evidence,confirmation,pro,0.9929911386142102,5.0,,,,
176,mixed_evidence,confirmation,pro,0.9885297437123653,6.0,,,,
176,mixed_evidence,confirmation,pro,0.9978850375351145,7.0,,,,
176,mixed_evidence,confirmation,pro,0.9996130161608328,8.0,,,,
176,mixed_evidence,confirmation,pro,0.9999292919288926,9.0,,,,
176,mixed_evidence,confirmation,pro,0.9998837667184561,10.0,,,,
176,mixed_evidence,confirmation,pro,0.9998089358186444,11.0,,,,
176,mixed_evidence,confirmation,pro,0.9996859439731915,12.0,,,,
177,mixed_evidence,confirmation,con,0.3,0.0,,,,
177,mixed_evidence,confirmation,con,0.058468045960697504,1.0,,,,
177,mixed_evidence,confirmation,con,0.0749148694051519,2.0,,,,
177,mixed_evidence,confirmation,con,0.01159792447313297,3.0,,,,
177,mixed_evidence,confirmation,con,0.015071420177778726,4.0,,,,
177,mixed_evidence,confirmation,con,0.019564611450223847,5.0,,,,
177,mixed_evidence,confirmation,con,0.0028830928566581566,6.0,,,,
177,mixed_evidence,confirmation,con,0.003756478182220832,7.0,,,,
177,mixed_evidence,confirmation,con,0.0005460575887008025,8.0,,,,
177,mixed_evidence,confirmation,con,7.915923398032766e-05,9.0,,,,
177,mixed_evidence,confirmation,con,1.147073593576285e-05,10.0,,,,
177,mixed_evidence,confirmation,con,1.495865610146369e-05,11.0,,,,
177,mixed_evidence,confirmation,con,1.9507131564749588e-05,12.0,,,,
178,mixed_evidence,confirmation,pro,0.7,0.0,,,,
178,mixed_evidence,confirmation,pro,0.5720501391933095,1.0,,,,
178,mixed_evidence,confirmation,pro,0.43367894364908716,2.0,,,,
178,mixed_evidence,confirmation,pro,0.5720501391933095,3.0,,,,
178,mixed_evidence,confirmation,pro,0.8732901376567215,4.0,,,,
178,mixed_evidence,confirmation,pro,0.9726289090949195,5.0,,,,
178,mixed_evidence,confirmation,pro,0.9531775312180168,6.0,,,,
178,mixed_evidence,confirmation,pro,0.9210253557978079,7.0,,,,
178,mixed_evidence,confirmation,pro,0.8698104067648543,8.0,,,,
178,mixed_evidence,confirmation,pro,0.9717891112115118,9.0,,,,
178,mixed_evidence,confirmation,pro,0.9944011423650794,10.0,,,,
178,mixed_evidence,confirmation,pro,0.9989091704859163,11.0,,,,
178,mixed_evidence,confirmation,pro,0.9980974354578772,12.0,,,,
179,mixed_evidence,confirmation,con,0.3,0.0,,,,
179,mixed_evidence,confirmation,con,0.0941267203600151,1.0,,,,
179,mixed_evidence,confirmation,con,0.18482513416262125,2.0,,,,
179,mixed_evidence,confirmation,con,0.05210651760007726,3.0,,,,
179,mixed_evidence,confirmation,con,0.013152395682850607,4.0,,,,
179,mixed_evidence,confirmation,con,0.028259839986192196,5.0,,,,
179,mixed_evidence,confirmation,con,0.007001488935036299,6.0,,,,
179,mixed_evidence,confirmation,con,0.0017065628535656249,7.0,,,,
179,mixed_evidence,confirmation,con,0.00041429183376409114,8.0,,,,
179,mixed_evidence,confirmation,con,0.0009035631629535414,9.0,,,,
179,mixed_evidence,confirmation,con,0.001969516780057895,10.0,,,,
179,mixed_evidence,confirmation,con,0.004287602992674829,11.0,,,,
179,mixed_evidence,confirmation,con,0.009308588268641439,12.0,,,,
180,mixed_evidence,confirmation,pro,0.7,0.0,,,,
180,mixed_evidence,confirmation,pro,0.5284212381886775,1.0,,,,
180,mixed_evidence,confirmation,pro,0.8288561207707008,2.0,,,,
180,mixed_evidence,confirmation,pro,0.954404403014336,3.0,,,,
180,mixed_evidence,confirmation,pro,0.9095198308986844,4.0,,,,
180,mixed_evidence,confirmation,pro,0.9775008240331412,5.0,,,,
180,mixed_evidence,confirmation,pro,0.994702742981663,6.0,,,,
180,mixed_evidence,confirmation,pro,0.9987693595401569,7.0,,,,
180,mixed_evidence,confirmation,pro,0.9974408021194153,8.0,,,,
180,mixed_evidence,confirmation,pro,0.9946856111052805,9.0,,,,
180,mixed_evidence,confirmation,pro,0.998765363197548,10.0,,,,
180,mixed_evidence,confirmation,pro,0.9974325025524208,11.0,,,,
180,mixed_evidence,confirmation,pro,0.9946684241196163,12.0,,,,
181,mixed_evidence,confirmation,con,0.3,0.0,,,,
181,mixed_evidence,confirmation,con,0.05900188799577834,1.0,,,,
181,mixed_evidence,confirmation,con,0.009090029591682855,2.0,,,,
181,mixed_evidence,confirmation,con,0.011934745916832606,3.0,,,,
181,mixed_evidence,confirmation,con,0.0156556482601483,4.0,,,,
181,mixed_evidence,confirmation,con,0.02051253502764205,5.0,,,,
181,mixed_evidence,confirmation,con,0.026835107404120633,6.0,,,,
181,mixed_evidence,confirmation,con,0.004018114299344004,7.0,,,,
181,mixed_evidence,confirmation,con,0.005284043483178116,8.0,,,,
181,mixed_evidence,confirmation,con,0.0007765757890646467,9.0,,,,
181,mixed_evidence,confirmation,con,0.0010222885353582492,10.0,,,,
181,mixed_evidence,confirmation,con,0.00014969476653036115,11.0,,,,
181,mixed_evidence,confirmation,con,2.1903628405136775e-05,12.0,,,,
182,mixed_evidence,confirmation,pro,0.7,0.0,,,,
182,mixed_evidence,confirmation,pro,0.9167041313652634,1.0,,,,
182,mixed_evidence,confirmation,pro,0.8522362675982849,2.0,,,,
182,mixed_evidence,confirmation,pro,0.9645431177360285,3.0,,,,
182,mixed_evidence,confirmation,pro,0.9344534076489278,4.0,,,,
182,mixed_evidence,confirmation,pro,0.8819538339512477,5.0,,,,
182,mixed_evidence,confirmation,pro,0.7965593475531416,6.0,,,,
182,mixed_evidence,confirmation,pro,0.9486324742385904,7.0,,,,
182,mixed_evidence,confirmation,pro,0.9886497822603723,8.0,,,,
182,mixed_evidence,confirmation,pro,0.9975718419144809,9.0,,,,
182,mixed_evidence,confirmation,pro,0.9994842018641096,10.0,,,,
182,mixed_evidence,confirmation,pro,0.9990162382120406,11.0,,,,
182,mixed_evidence,confirmation,pro,0.9981245059611882,12.0,,,,
183,mixed_evidence,confirmation,con,0.3,0.0,,,,
183,mixed_evidence,confirmation,con,0.4204632271036907,1.0,,,,
183,mixed_evidence,confirmation,con,0.12008020142202477,2.0,,,,
183,mixed_evidence,confirmation,con,0.18766640650256106,3.0,,,,
183,mixed_evidence,confirmation,con,0.04164472137513405,4.0,,,,
183,mixed_evidence,confirmation,con,0.008107358672354369,5.0,,,,
183,mixed_evidence,confirmation,con,0.0015350722815026887,6.0,,,,
183,mixed_evidence,confirmation,con,0.002595917960124373,7.0,,,,
183,mixed_evidence,confirmation,con,0.004386663627498763,8.0,,,,
183,mixed_evidence,confirmation,con,0.007403552344407768,9.0,,,,
183,mixed_evidence,confirmation,con,0.012469293563654699,10.0,,,,
183,mixed_evidence,confirmation,con,0.002369421311968036,11.0,,,,
183,mixed_evidence,confirmation,con,0.0004465394797901546,12.0,,,,
184,mixed_evidence,confirmation,pro,0.7,0.0,,,,
184,mixed_evidence,confirmation,pro,0.5344306511799749,1.0,,,,
184,mixed_evidence,confirmation,pro,0.8355946421479377,2.0,,,,
184,mixed_evidence,confirmation,pro,0.7143185431817428,3.0,,,,
184,mixed_evidence,confirmation,pro,0.5515894134522018,4.0,,,,
184,mixed_evidence,confirmation,pro,0.8448756343320611,5.0,,,,
184,mixed_evidence,confirmation,pro,0.7282190208665646,6.0,,,,
184,mixed_evidence,confirmation,pro,0.568626228150876,7.0,,,,
184,mixed_evidence,confirmation,pro,0.8537244138548302,8.0,,,,
184,mixed_evidence,confirmation,pro,0.7416877247513513,9.0,,,,
184,mixed_evidence,confirmation,pro,0.9270766059641186,10.0,,,,
184,mixed_evidence,confirmation,pro,0.9825445598278878,11.0,,,,
184,mixed_evidence,confirmation,pro,0.9960036201146182,12.0,,,,
185,mixed_evidence,confirmation,con,0.3,0.0,,,,
185,mixed_evidence,confirmation,con,0.3541037932253692,1.0,,,,
185,mixed_evidence,confirmation,con,0.41221900742269574,2.0,,,,
185,mixed_evidence,confirmation,con,0.09064579752262739,3.0,,,,
185,mixed_evidence,confirmation,con,0.11309336592754389,4.0,,,,
185,mixed_evidence,confirmation,con,0.017801661653892523,5.0,,,,
185,mixed_evidence,confirmation,con,0.0025694851898594956,6.0,,,,
185,mixed_evidence,confirmation,con,0.0003660215019735259,7.0,,,,
185,mixed_evidence,confirmation,con,5.204093709120849e-05,8.0,,,,
185,mixed_evidence,confirmation,con,7.397187348050009e-06,9.0,,,,
185,mixed_evidence,confirmation,con,9.462597153571456e-06,10.0,,,,
185,mixed_evidence,confirmation,con,1.2104694533168802e-05,11.0,,,,
185,mixed_evidence,confirmation,con,1.5484493239018598e-05,12.0,,,,
186,mixed_evidence,confirmation,pro,0.7,0.0,,,,
186,mixed_evidence,confirmation,pro,0.447697588443154,1.0,,,,
186,mixed_evidence,confirmation,pro,0.20588235294117646,2.0,,,,
186,mixed_evidence,confirmation,pro,0.4273549600986382,3.0,,,,
186,mixed_evidence,confirmation,pro,0.682356926819579,4.0,,,,
186,mixed_evidence,confirmation,pro,0.8704082788088161,5.0,,,,
186,mixed_evidence,confirmation,pro,0.7,6.0,,,,
186,mixed_evidence,confirmation,pro,0.447697588443154,7.0,,,,
186,mixed_evidence,confirmation,pro,0.20588235294117646,8.0,,,,
186,mixed_evidence,confirmation,pro,0.4273549600986382,9.0,,,,
186,mixed_evidence,confirmation,pro,0.19269389045128324,10.0,,,,
186,mixed_evidence,confirmation,pro,0.4072550833916321,11.0,,,,
186,mixed_evidence,confirmation,pro,0.6641740470658112,12.0,,,,
187,mixed_evidence,confirmation,con,0.3,0.0,,,,
187,mixed_evidence,confirmation,con,0.47597309360968937,1.0,,,,
187,mixed_evidence,confirmation,con,0.17620260444834193,2.0,,,,
187,mixed_evidence,confirmation,con,0.31191665089918563,3.0,,,,
187,mixed_evidence,confirmation,con,0.48998688539241547,4.0,,,,
187,mixed_evidence,confirmation,con,0.18449785191025778,5.0,,,,
187,mixed_evidence,confirmation,con,0.05058097838716399,6.0,,,,
187,mixed_evidence,confirmation,con,0.012390184882563566,7.0,,,,
187,mixed_evidence,confirmation,con,0.002945603820703499,8.0,,,,
187,mixed_evidence,confirmation,con,0.0006952108523098421,9.0,,,,
187,mixed_evidence,confirmation,con,0.0014722593145606846,10.0,,,,
187,mixed_evidence,confirmation,con,0.0031151200397016455,11.0,,,,
187,mixed_evidence,confirmation,con,0.006579132875346446,12.0,,,,
188,mixed_evidence,confirmation,pro,0.7,0.0,,,,
188,mixed_evidence,confirmation,pro,0.5390479150539434,1.0,,,,
188,mixed_evidence,confirmation,pro,0.36951986792433184,2.0,,,,
188,mixed_evidence,confirmation,pro,0.5390479150539434,3.0,,,,
188,mixed_evidence,confirmation,pro,0.36951986792433184,4.0,,,,
188,mixed_evidence,confirmation,pro,0.5390479150539434,5.0,,,,
188,mixed_evidence,confirmation,pro,0.8406332654737392,6.0,,,,
188,mixed_evidence,confirmation,pro,0.9596657677830489,7.0,,,,
188,mixed_evidence,confirmation,pro,0.9226277046761902,8.0,,,,
188,mixed_evidence,confirmation,pro,0.8566585081105351,9.0,,,,
188,mixed_evidence,confirmation,pro,0.9642309072494265,10.0,,,,
188,mixed_evidence,confirmation,pro,0.9918429620730473,11.0,,,,
188,mixed_evidence,confirmation,pro,0.9838554457814653,12.0,,,,
189,mixed_evidence,confirmation,con,0.3,0.0,,,,
189,mixed_evidence,confirmation,con,0.3805306529791113,1.0,,,,
189,mixed_evidence,confirmation,con,0.08911250761795668,2.0,,,,
189,mixed_evidence,confirmation,con,0.015341355198339542,3.0,,,,
189,mixed_evidence,confirmation,con,0.02184402917158094,4.0,,,,
189,mixed_evidence,confirmation,con,0.0035439443153819495,5.0,,,,
189,mixed_evidence,confirmation,con,0.005071857749305572,6.0,,,,
189,mixed_evidence,confirmation,con,0.00725371072068743,7.0,,,,
189,mixed_evidence,confirmation,con,0.001162307347435711,8.0,,,,
189,mixed_evidence,confirmation,con,0.0016651329318262754,9.0,,,,
189,mixed_evidence,confirmation,con,0.0023849664079939417,10.0,,,,
189,mixed_evidence,confirmation,con,0.0003805906041585264,11.0,,,,
189,mixed_evidence,confirmation,con,6.063189617574257e-05,12.0,,,,
190,mixed_evidence,confirmation,pro,0.7,0.0,,,,
190,mixed_evidence,confirmation,pro,0.9159305891700822,1.0,,,,
190,mixed_evidence,confirmation,pro,0.9807214946526498,2.0,,,,
190,mixed_evidence,confirmation,pro,0.9634934195745393,3.0,,,,
190,mixed_evidence,confirmation,pro,0.9919505786280052,4.0,,,,
190,mixed_evidence,confirmation,pro,0.9982651068018776,5.0,,,,
190,mixed_evidence,confirmation,pro,0.9996279361603038,6.0,,,,
190,mixed_evidence,confirmation,pro,0.9992830937704782,7.0,,,,
190,mixed_evidence,confirmation,pro,0.9986190803508164,8.0,,,,
190,mixed_evidence,confirmation,pro,0.997341680029933,9.0,,,,
190,mixed_evidence,confirmation,pro,0.9948886865790199,10.0,,,,
190,mixed_evidence,confirmation,pro,0.9989009115215602,11.0,,,,
190,mixed_evidence,confirmation,pro,0.997883662665223,12.0,,,,
191,mixed_evidence,confirmation,con,0.3,0.0,,,,
191,mixed_evidence,confirmation,con,0.09242284654903204,1.0,,,,
191,mixed_evidence,confirmation,con,0.178831205113094,2.0,,,,
191,mixed_evidence,confirmation,con,0.31774197900837725,3.0,,,,
191,mixed_evidence,confirmation,con,0.09963607327374044,4.0,,,,
191,mixed_evidence,confirmation,con,0.025621168225285006,5.0,,,,
191,mixed_evidence,confirmation,con,0.05323860981497645,6.0,,,,
191,mixed_evidence,confirmation,con,0.10734567728524187,7.0,,,,
191,mixed_evidence,confirmation,con,0.027780381118470466,8.0,,,,
191,mixed_evidence,confirmation,con,0.05758771390446489,9.0,,,,
191,mixed_evidence,confirmation,con,0.11557525595588565,10.0,,,,
191,mixed_evidence,confirmation,con,0.03011593654910308,11.0,,,,
191,mixed_evidence,confirmation,con,0.0073241390713599626,12.0,,,,
192,mixed_evidence,confirmation,pro,0.7,0.0,,,,
192,mixed_evidence,confirmation,pro,0.9273823430751088,1.0,,,,
192,mixed_evidence,confirmation,pro,0.9858949623150804,2.0,,,,
192,mixed_evidence,confirmation,pro,0.9973928258725655,3.0,,,,
192,mixed_evidence,confirmation,pro,0.9957200003647725,4.0,,,,
192,mixed_evidence,confirmation,pro,0.9992152600658869,5.0,,,,
192,mixed_evidence,confirmation,pro,0.9987102400045224,6.0,,,,
192,mixed_evidence,confirmation,pro,0.9978809031074315,7.0,,,,
192,mixed_evidence,confirmation,pro,0.9965201470637083,8.0,,,,
192,mixed_evidence,confirmation,pro,0.999362385770394,9.0,,,,
192,mixed_evidence,confirmation,pro,0.9989519492726596,10.0,,,,
192,mixed_evidence,confirmation,pro,0.9998083474254371,11.0,,,,
192,mixed_evidence,confirmation,pro,0.9996848888791323,12.0,,,,
193,mixed_evidence,confirmation,con,0.3,0.0,,,,
193,mixed_evidence,confirmation,con,0.11519584058884003,1.0,,,,
193,mixed_evidence,confirmation,con,0.03804611560380067,2.0,,,,
193,mixed_evidence,confirmation,con,0.09758261685652105,3.0,,,,
193,mixed_evidence,confirmation,con,0.22818502746492303,4.0,,,,
193,mixed_evidence,confirmation,con,0.44700027930674835,5.0,,,,
193,mixed_evidence,confirmation,con,0.6884732961411875,6.0,,,,
193,mixed_evidence,confirmation,con,0.44700027930674824,7.0,,,,
193,mixed_evidence,confirmation,con,0.6884732961411875,8.0,,,,
193,mixed_evidence,confirmation,con,0.44700027930674824,9.0,,,,
193,mixed_evidence,confirmation,con,0.19714524050167354,10.0,,,,
193,mixed_evidence,confirmation,con,0.4016863969803486,11.0,,,,
193,mixed_evidence,confirmation,con,0.16940103560444217,12.0,,,,
194,mixed_evidence,confirmation,pro,0.7,0.0,,,,
194,mixed_evidence,confirmation,pro,0.9020705603029897,1.0,,,,
194,mixed_evidence,confirmation,pro,0.8016070104836841,2.0,,,,
194,mixed_evidence,confirmation,pro,0.6392918060807016,3.0,,,,
194,mixed_evidence,confirmation,pro,0.8749484997965726,4.0,,,,
194,mixed_evidence,confirmation,pro,0.7542413518258215,5.0,,,,
194,mixed_evidence,confirmation,pro,0.5737788137842026,6.0,,,,
194,mixed_evidence,confirmation,pro,0.8416335719585202,7.0,,,,
194,mixed_evidence,confirmation,pro,0.6998022369018351,8.0,,,,
194,mixed_evidence,confirmation,pro,0.9019873528182736,9.0,,,,
194,mixed_evidence,confirmation,pro,0.9732120971668748,10.0,,,,
194,mixed_evidence,confirmation,pro,0.9409538488106322,11.0,,,,
194,mixed_evidence,confirmation,pro,0.9843532623198697,12.0,,,,
195,mixed_evidence,confirmation,con,0.3,0.0,,,,
195,mixed_evidence,confirmation,con,0.07209276019142434,1.0,,,,
195,mixed_evidence,confirmation,con,0.11250214143505392,2.0,,,,
195,mixed_evidence,confirmation,con,0.17137840865995313,3.0,,,,
195,mixed_evidence,confirmation,con,0.25230711311164805,4.0,,,,
195,mixed_evidence,confirmation,con,0.05764787901931719,5.0,,,,
195,mixed_evidence,confirmation,con,0.09075250457295306,6.0,,,,
195,mixed_evidence,confirmation,con,0.01777265868724536,7.0,,,,
195,mixed_evidence,confirmation,con,0.028675507096375053,8.0,,,,
195,mixed_evidence,confirmation,con,0.005323441980311136,9.0,,,,
195,mixed_evidence,confirmation,con,0.0009692891620123316,10.0,,,,
195,mixed_evidence,confirmation,con,0.00017585795257197206,11.0,,,,
195,mixed_evidence,confirmation,con,0.00028689314044292035,12.0,,,,
196,mixed_evidence,confirmation,pro,0.7,0.0,,,,
196,mixed_evidence,confirmation,pro,0.5732242958526254,1.0,,,,
196,mixed_evidence,confirmation,pro,0.8743481549861393,2.0,,,,
196,mixed_evidence,confirmation,pro,0.9730095002102219,3.0,,,,
196,mixed_evidence,confirmation,pro,0.9540266414495907,4.0,,,,
196,mixed_evidence,confirmation,pro,0.9907841761506128,5.0,,,,
196,mixed_evidence,confirmation,pro,0.9982078042704093,6.0,,,,
196,mixed_evidence,confirmation,pro,0.9968906908774114,7.0,,,,
196,mixed_evidence,confirmation,pro,0.9946108356253137,8.0,,,,
196,mixed_evidence,confirmation,pro,0.990674947025885,9.0,,,,
196,mixed_evidence,confirmation,pro,0.998186401490014,10.0,,,,
196,mixed_evidence,confirmation,pro,0.996853608429574,11.0,,,,
196,mixed_evidence,confirmation,pro,0.9993911276560294,12.0,,,,
197,mixed_evidence,confirmation,con,0.3,0.0,,,,
197,mixed_evidence,confirmation,con,0.08790610867861985,1.0,,,,
197,mixed_evidence,confirmation,con,0.02121404717730702,2.0,,,,
197,mixed_evidence,confirmation,con,0.042023244232163956,3.0,,,,
197,mixed_evidence,confirmation,con,0.08154395748591564,4.0,,,,
197,mixed_evidence,confirmation,con,0.019575102039297368,5.0,,,,
197,mixed_evidence,confirmation,con,0.03884042753942303,6.0,,,,
197,mixed_evidence,confirmation,con,0.07560409553351463,7.0,,,,
197,mixed_evidence,confirmation,con,0.14202386318118568,8.0,,,,
197,mixed_evidence,confirmation,con,0.035889644328563376,9.0,,,,
197,mixed_evidence,confirmation,con,0.008301912965672866,10.0,,,,
197,mixed_evidence,confirmation,con,0.01666098881386701,11.0,,,,
197,mixed_evidence,confirmation,con,0.0037957899407444293,12.0,,,,
198,mixed_evidence,confirmation,pro,0.7,0.0,,,,
198,mixed_evidence,confirmation,pro,0.6195043232988845,1.0,,,,
198,mixed_evidence,confirmation,pro,0.9109115776935662,2.0,,,,
198,mixed_evidence,confirmation,pro,0.877069108496454,3.0,,,,
198,mixed_evidence,confirmation,pro,0.8327314302501694,4.0,,,,
198,mixed_evidence,confirmation,pro,0.9690061462597575,5.0,,,,
198,mixed_evidence,confirmation,pro,0.95617049592916,6.0,,,,
198,mixed_evidence,confirmation,pro,0.9927537648803859,7.0,,,,
198,mixed_evidence,confirmation,pro,0.9896477750200825,8.0,,,,
198,mixed_evidence,confirmation,pro,0.9852302562682927,9.0,,,,
198,mixed_evidence,confirmation,pro,0.9976185613310405,10.0,,,,
198,mixed_evidence,confirmation,pro,0.9996200298406412,11.0,,,,
198,mixed_evidence,confirmation,pro,0.9999394759590895,12.0,,,,
199,mixed_evidence,confirmation,con,0.3,0.0,,,,
199,mixed_evidence,confirmation,con,0.4616095380269068,1.0,,,,
199,mixed_evidence,confirmation,con,0.6317120320244947,2.0,,,,
199,mixed_evidence,confirmation,con,0.8852749514216903,3.0,,,,
199,mixed_evidence,confirmation,con,0.972,4.0,,,,
199,mixed_evidence,confirmation,con,0.9455105591403994,5.0,,,,
199,mixed_evidence,confirmation,con,0.8966259622751198,6.0,,,,
199,mixed_evidence,confirmation,con,0.9750125427089659,7.0,,,,
199,mixed_evidence,confirmation,con,0.9512301231547452,8.0,,,,
199,mixed_evidence,confirmation,con,0.9069719103746346,9.0,,,,
199,mixed_evidence,confirmation,con,0.8297387425906965,10.0,,,,
199,mixed_evidence,confirmation,con,0.9563770236430603,11.0,,,,
199,mixed_evidence,confirmation,con,0.9163789765348014,12.0,,,,
200,mixed_evidence,confirmation,pro,0.7,0.0,,,,
200,mixed_evidence,confirmation,pro,0.8975104381949865,1.0,,,,
200,mixed_evidence,confirmation,pro,0.9704716028456304,2.0,,,,
200,mixed_evidence,confirmation,pro,0.931996575850061,3.0,,,,
200,mixed_evidence,confirmation,pro,0.9809291083020703,4.0,,,,
200,mixed_evidence,confirmation,pro,0.9554546006678116,5.0,,,,
200,mixed_evidence,confirmation,pro,0.8994401756858592,6.0,,,,
200,mixed_evidence,confirmation,pro,0.7885756481521974,7.0,,,,
200,mixed_evidence,confirmation,pro,0.9333252243455396,8.0,,,,
200,mixed_evidence,confirmation,pro,0.8537434377753841,9.0,,,,
200,mixed_evidence,confirmation,pro,0.708809626943535,10.0,,,,
200,mixed_evidence,confirmation,pro,0.9013375730674864,11.0,,,,
200,mixed_evidence,confirmation,pro,0.9716602719518904,12.0,,,,
201,mixed_evidence,confirmation,con,0.3,0.0,,,,
201,mixed_evidence,confirmation,con,0.10697170932072969,1.0,,,,
201,mixed_evidence,confirmation,con,0.23154900061016098,2.0,,,,
201,mixed_evidence,confirmation,con,0.07767664190839475,3.0,,,,
201,mixed_evidence,confirmation,con,0.17481595592238103,4.0,,,,
201,mixed_evidence,confirmation,con,0.055902058670173206,5.0,,,,
201,mixed_evidence,confirmation,con,0.1296383541543574,6.0,,,,
201,mixed_evidence,confirmation,con,0.2725562721399211,7.0,,,,
201,mixed_evidence,confirmation,con,0.4851985827819975,8.0,,,,
201,mixed_evidence,confirmation,con,0.20850195818277553,9.0,,,,
201,mixed_evidence,confirmation,con,0.06857836375940748,10.0,,,,
201,mixed_evidence,confirmation,con,0.15626747681852723,11.0,,,,
201,mixed_evidence,confirmation,con,0.04921814034379271,12.0,,,,
202,mixed_evidence,confirmation,pro,0.7,0.0,,,,
202,mixed_evidence,confirmation,pro,0.5073969217554261,1.0,,,,
202,mixed_evidence,confirmation,pro,0.8036249625466413,2.0,,,,
202,mixed_evidence,confirmation,pro,0.6436859378413885,3.0,,,,
202,mixed_evidence,confirmation,pro,0.877709354590107,4.0,,,,
202,mixed_evidence,confirmation,pro,0.7600961904411319,5.0,,,,
202,mixed_evidence,confirmation,pro,0.5830967459880481,6.0,,,,
202,mixed_evidence,confirmation,pro,0.38173061736324215,7.0,,,,
202,mixed_evidence,confirmation,pro,0.13450204018686046,8.0,,,,
202,mixed_evidence,confirmation,pro,0.26037553271916075,9.0,,,,
202,mixed_evidence,confirmation,pro,0.44366283707137033,10.0,,,,
202,mixed_evidence,confirmation,pro,0.6436859378413882,11.0,,,,
202,mixed_evidence,confirmation,pro,0.8777093545901069,12.0,,,,
203,mixed_evidence,confirmation,con,0.3,0.0,,,,
203,mixed_evidence,confirmation,con,0.3814425025454228,1.0,,,,
203,mixed_evidence,confirmation,con,0.08974219783738334,2.0,,,,
203,mixed_evidence,confirmation,con,0.12423542704816759,3.0,,,,
203,mixed_evidence,confirmation,con,0.02217694107178746,4.0,,,,
203,mixed_evidence,confirmation,con,0.0036128735305044524,5.0,,,,
203,mixed_evidence,confirmation,con,0.005190276161973087,6.0,,,,
203,mixed_evidence,confirmation,con,0.007451232110786954,7.0,,,,
203,mixed_evidence,confirmation,con,0.0011987775093460688,8.0,,,,
203,mixed_evidence,confirmation,con,0.0001918489726152255,9.0,,,,
203,mixed_evidence,confirmation,con,0.00027602518207615396,10.0,,,,
203,mixed_evidence,confirmation,con,4.414003886098617e-05,11.0,,,,
203,mixed_evidence,confirmation,con,6.351116672629279e-05,12.0,,,,
204,mixed_evidence,confirmation,pro,0.7,0.0,,,,
204,mixed_evidence,confirmation,pro,0.4816444436277984,1.0,,,,
204,mixed_evidence,confirmation,pro,0.7,2.0,,,,
204,mixed_evidence,confirmation,pro,0.8931920580051017,3.0,,,,
204,mixed_evidence,confirmation,pro,0.7690609220485326,4.0,,,,
204,mixed_evidence,confirmation,pro,0.5701009773804425,5.0,,,,
204,mixed_evidence,confirmation,pro,0.8261717055436997,6.0,,,,
204,mixed_evidence,confirmation,pro,0.9445489106077333,7.0,,,,
204,mixed_evidence,confirmation,pro,0.9838837170356682,8.0,,,,
204,mixed_evidence,confirmation,pro,0.9604913178803217,9.0,,,,
204,mixed_evidence,confirmation,pro,0.9063763333414294,10.0,,,,
204,mixed_evidence,confirmation,pro,0.7940345114066562,11.0,,,,
204,mixed_evidence,confirmation,pro,0.9325093295014634,12.0,,,,
205,mixed_evidence,confirmation,con,0.3,0.0,,,,
205,mixed_evidence,confirmation,con,0.11127993218971337,1.0,,,,
205,mixed_evidence,confirmation,con,0.03529200984798539,2.0,,,,
205,mixed_evidence,confirmation,con,0.010575281171846957,3.0,,,,
205,mixed_evidence,confirmation,con,0.003113033081193907,4.0,,,,
205,mixed_evidence,confirmation,con,0.00814436897957411,5.0,,,,
205,mixed_evidence,confirmation,con,0.021135032684338452,6.0,,,,
205,mixed_evidence,confirmation,con,0.05372409167374922,7.0,,,,
205,mixed_evidence,confirmation,con,0.016316807868448135,8.0,,,,
205,mixed_evidence,confirmation,con,0.04179363637725992,9.0,,,,
205,mixed_evidence,confirmation,con,0.10288889476616501,10.0,,,,
205,mixed_evidence,confirmation,con,0.03242179079052875,11.0,,,,
205,mixed_evidence,confirmation,con,0.08097473423690277,12.0,,,,
206,mixed_evidence,confirmation,pro,0.7,0.0,,,,
206,mixed_evidence,confirmation,pro,0.5909795571174817,1.0,,,,
206,mixed_evidence,confirmation,pro,0.4722123410510217,2.0,,,,
206,mixed_evidence,confirmation,pro,0.13833261558478718,3.0,,,,
206,mixed_evidence,confirmation,pro,0.027999999999999983,4.0,,,,
206,mixed_evidence,confirmation,pro,0.005142325381525187,5.0,,,,
206,mixed_evidence,confirmation,pro,0.008278235645786487,6.0,,,,
206,mixed_evidence,confirmation,pro,0.013300929790020998,7.0,,,,
206,mixed_evidence,confirmation,pro,0.021305597980435728,8.0,,,,
206,mixed_evidence,confirmation,pro,0.0339617671664859,9.0,,,,
206,mixed_evidence,confirmation,pro,0.006268617961653257,10.0,,,,
206,mixed_evidence,confirmation,pro,0.010084405607789518,11.0,,,,
206,mixed_evidence,confirmation,pro,0.016185081291870344,12.0,,,,
207,mixed_evidence,confirmation,con,0.3,0.0,,,,
207,mixed_evidence,confirmation,con,0.4127459746459886,1.0,,,,
207,mixed_evidence,confirmation,con,0.11353031723368537,2.0,,,,
207,mixed_evidence,confirmation,con,0.17357429513729955,3.0,,,,
207,mixed_evidence,confirmation,con,0.03686055606242419,4.0,,,,
207,mixed_evidence,confirmation,con,0.059056779512496174,5.0,,,,
207,mixed_evidence,confirmation,con,0.011307296795031856,6.0,,,,
207,mixed_evidence,confirmation,con,0.0020796223383334708,7.0,,,,
207,mixed_evidence,confirmation,con,0.0003795900478505103,8.0,,,,
207,mixed_evidence,confirmation,con,0.000622361844999252,9.0,,,,
207,mixed_evidence,confirmation,con,0.00011346323787278619,10.0,,,,
207,mixed_evidence,confirmation,con,0.00018606182149567667,11.0,,,,
207,mixed_evidence,confirmation,con,0.00030509787883611694,12.0,,,,
208,mixed_evidence,confirmation,pro,0.7,0.0,,,,
208,mixed_evidence,confirmation,pro,0.9294890366200732,1.0,,,,
208,mixed_evidence,confirmation,pro,0.9867502168837633,2.0,,,,
208,mixed_evidence,confirmation,pro,0.9790568916658984,3.0,,,,
208,mixed_evidence,confirmation,pro,0.9962279183850132,4.0,,,,
208,mixed_evidence,confirmation,pro,0.9940042668895763,5.0,,,,
208,mixed_evidence,confirmation,pro,0.9904822908166306,6.0,,,,
208,mixed_evidence,confirmation,pro,0.9849228382140575,7.0,,,,
208,mixed_evidence,confirmation,pro,0.9972977136179609,8.0,,,,
208,mixed_evidence,confirmation,pro,0.9995206116609938,9.0,,,,
208,mixed_evidence,confirmation,pro,0.9999151116669652,10.0,,,,
208,mixed_evidence,confirmation,pro,0.9998647747436423,11.0,,,,
208,mixed_evidence,confirmation,pro,0.9997845955567282,12.0,,,,
209,mixed_evidence,confirmation,con,0.3,0.0,,,,
209,mixed_evidence,confirmation,con,0.410714565920571,1.0,,,,
209,mixed_evidence,confirmation,con,0.11185306636854049,2.0,,,,
209,mixed_evidence,confirmation,con,0.16999461622728135,3.0,,,,
209,mixed_evidence,confirmation,con,0.035687864792541345,4.0,,,,
209,mixed_evidence,confirmation,con,0.05676911573146967,5.0,,,,
209,mixed_evidence,confirmation,con,0.01075833813778075,6.0,,,,
209,mixed_evidence,confirmation,con,0.017378812604250445,7.0,,,,
209,mixed_evidence,confirmation,con,0.0031856417601290954,8.0,,,,
209,mixed_evidence,confirmation,con,0.005170380941961819,9.0,,,,
209,mixed_evidence,confirmation,con,0.0009382419465066197,10.0,,,,
209,mixed_evidence,confirmation,con,0.00016966704379508922,11.0,,,,
209,mixed_evidence,confirmation,con,0.00027589417614553175,12.0,,,,
210,mixed_evidence,confirmation,pro,0.7,0.0,,,,
210,mixed_evidence,confirmation,pro,0.9190765760031383,1.0,,,,
210,mixed_evidence,confirmation,pro,0.859990347807052,2.0,,,,
210,mixed_evidence,confirmation,pro,0.7686232304123396,3.0,,,,
210,mixed_evidence,confirmation,pro,0.9417569109289571,4.0,,,,
210,mixed_evidence,confirmation,pro,0.8973817370337581,5.0,,,,
210,mixed_evidence,confirmation,pro,0.9770458242235114,6.0,,,,
210,mixed_evidence,confirmation,pro,0.9951965313394037,7.0,,,,
210,mixed_evidence,confirmation,pro,0.9911543601927474,8.0,,,,
210,mixed_evidence,confirmation,pro,0.9981698287384247,9.0,,,,
210,mixed_evidence,confirmation,pro,0.9996234496407049,10.0,,,,
210,mixed_evidence,confirmation,pro,0.9993039729915045,11.0,,,,
210,mixed_evidence,confirmation,pro,0.9987137915079477,12.0,,,,
211,mixed_evidence,confirmation,con,0.3,0.0,,,,
211,mixed_evidence,confirmation,con,0.0917108252497138,1.0,,,,
211,mixed_evidence,confirmation,con,0.02323589488900562,2.0,,,,
211,mixed_evidence,confirmation,con,0.00557334231506186,3.0,,,,
211,mixed_evidence,confirmation,con,0.011744324312498772,4.0,,,,
211,mixed_evidence,confirmation,con,0.024579130725769005,5.0,,,,
211,mixed_evidence,confirmation,con,0.005901699008357512,6.0,,,,
211,mixed_evidence,confirmation,con,0.012431702899391122,7.0,,,,
211,mixed_evidence,confirmation,con,0.002956995217710822,8.0,,,,
211,mixed_evidence,confirmation,con,0.006249279454679891,9.0,,,,
211,mixed_evidence,confirmation,con,0.013158777090811676,10.0,,,,
211,mixed_evidence,confirmation,con,0.02749636218755601,11.0,,,,
211,mixed_evidence,confirmation,con,0.006617194381438404,12.0,,,,
212,mixed_evidence,confirmation,pro,0.7,0.0,,,,
212,mixed_evidence,confirmation,pro,0.9152561866674304,1.0,,,,
212,mixed_evidence,confirmation,pro,0.980388728427476,2.0,,,,
212,mixed_evidence,confirmation,pro,0.9956969466127901,3.0,,,,
212,mixed_evidence,confirmation,pro,0.9916670254454356,4.0,,,,
212,mixed_evidence,confirmation,pro,0.9839239139015596,5.0,,,,
212,mixed_evidence,confirmation,pro,0.9964825283109306,6.0,,,,
212,mixed_evidence,confirmation,pro,0.9931832879416362,7.0,,,,
212,mixed_evidence,confirmation,pro,0.9985193781342775,8.0,,,,
212,mixed_evidence,confirmation,pro,0.9971251053393415,9.0,,,,
212,mixed_evidence,confirmation,pro,0.999377493393649,10.0,,,,
212,mixed_evidence,confirmation,pro,0.9987903120752101,11.0,,,,
212,mixed_evidence,confirmation,pro,0.9976505721936004,12.0,,,,
213,mixed_evidence,confirmation,con,0.3,0.0,,,,
213,mixed_evidence,confirmation,con,0.07137234875683615,1.0,,,,
213,mixed_evidence,confirmation,con,0.01359591382847633,2.0,,,,
213,mixed_evidence,confirmation,con,0.0024657357156089013,3.0,,,,
213,mixed_evidence,confirmation,con,0.0004430894328264549,4.0,,,,
213,mixed_evidence,confirmation,con,7.949036772757837e-05,5.0,,,,
213,mixed_evidence,confirmation,con,0.0001282924154077287,6.0,,,,
213,mixed_evidence,confirmation,con,0.00020704962330426506,7.0,,,,
213,mixed_evidence,confirmation,con,0.00033413879960304935,8.0,,,,
213,mixed_evidence,confirmation,con,0.0005391945415246599,9.0,,,,
213,mixed_evidence,confirmation,con,0.0008699802624605398,10.0,,,,
213,mixed_evidence,confirmation,con,0.0014034118592787723,11.0,,,,
213,mixed_evidence,confirmation,con,0.0002519711300814024,12.0,,,,
214,mixed_evidence,confirmation,pro,0.7,0.0,,,,
214,mixed_evidence,confirmation,pro,0.5130011399338269,1.0,,,,
214,mixed_evidence,confirmation,pro,0.8106070242999148,2.0,,,,
214,mixed_evidence,confirmation,pro,0.9456229788882867,3.0,,,,
214,mixed_evidence,confirmation,pro,0.8870163916970668,4.0,,,,
214,mixed_evidence,confirmation,pro,0.9696036167158529,5.0,,,,
214,mixed_evidence,confirmation,pro,0.935068209715439,6.0,,,,
214,mixed_evidence,confirmation,pro,0.9831965551967606,7.0,,,,
214,mixed_evidence,confirmation,pro,0.9635240238723006,8.0,,,,
214,mixed_evidence,confirmation,pro,0.9907687488851605,9.0,,,,
214,mixed_evidence,confirmation,pro,0.9797789925625878,10.0,,,,
214,mixed_evidence,confirmation,pro,0.9949461988151308,11.0,,,,
214,mixed_evidence,confirmation,pro,0.9888738262541339,12.0,,,,
215,mixed_evidence,confirmation,con,0.3,0.0,,,,
215,mixed_evidence,confirmation,con,0.09778270115300818,1.0,,,,
215,mixed_evidence,confirmation,con,0.19786483272267857,2.0,,,,
215,mixed_evidence,confirmation,con,0.35955910238214567,3.0,,,,
215,mixed_evidence,confirmation,con,0.12432584695383331,4.0,,,,
215,mixed_evidence,confirmation,con,0.03465986938973418,5.0,,,,
215,mixed_evidence,confirmation,con,0.07554448317868748,6.0,,,,
215,mixed_evidence,confirmation,con,0.020247014638544135,7.0,,,,
215,mixed_evidence,confirmation,con,0.04492144026814557,8.0,,,,
215,mixed_evidence,confirmation,con,0.01175457828830549,9.0,,,,
215,mixed_evidence,confirmation,con,0.002998924512603385,10.0,,,,
215,mixed_evidence,confirmation,con,0.006799500522237672,11.0,,,,
215,mixed_evidence,confirmation,con,0.015342476288808578,12.0,,,,
216,mixed_evidence,confirmation,pro,0.7,0.0,,,,
216,mixed_evidence,confirmation,pro,0.9062262440190829,1.0,,,,
216,mixed_evidence,confirmation,pro,0.8164210639143517,2.0,,,,
216,mixed_evidence,confirmation,pro,0.9485044746378433,3.0,,,,
216,mixed_evidence,confirmation,pro,0.8944734946336577,4.0,,,,
216,mixed_evidence,confirmation,pro,0.9723039650379068,5.0,,,,
216,mixed_evidence,confirmation,pro,0.9417096663227207,6.0,,,,
216,mixed_evidence,confirmation,pro,0.8814404695643059,7.0,,,,
216,mixed_evidence,confirmation,pro,0.9685453465497379,8.0,,,,
216,mixed_evidence,confirmation,pro,0.9340805966667844,9.0,,,,
216,mixed_evidence,confirmation,pro,0.9832462254667668,10.0,,,,
216,mixed_evidence,confirmation,pro,0.9642953783734043,11.0,,,,
216,mixed_evidence,confirmation,pro,0.991139249939944,12.0,,,,
217,mixed_evidence,confirmation,con,0.3,0.0,,,,
217,mixed_evidence,confirmation,con,0.40008830234577397,1.0,,,,
217,mixed_evidence,confirmation,con,0.5092748034946244,2.0,,,,
217,mixed_evidence,confirmation,con,0.8571879017838079,3.0,,,,
217,mixed_evidence,confirmation,con,0.972,4.0,,,,
217,mixed_evidence,confirmation,con,0.9570964923816392,5.0,,,,
217,mixed_evidence,confirmation,con,0.9923089298218183,6.0,,,,
217,mixed_evidence,confirmation,con,0.9880826835531483,7.0,,,,
217,mixed_evidence,confirmation,con,0.9815772284467928,8.0,,,,
217,mixed_evidence,confirmation,con,0.971622548769525,9.0,,,,
217,mixed_evidence,confirmation,con,0.994975521449756,10.0,,,,
217,mixed_evidence,confirmation,con,0.9922030550315217,11.0,,,,
217,mixed_evidence,confirmation,con,0.9879193388005009,12.0,,,,
218,mixed_evidence,confirmation,pro,0.7,0.0,,,,
218,mixed_evidence,confirmation,pro,0.4897217717634762,1.0,,,,
218,mixed_evidence,confirmation,pro,0.20588235294117646,2.0,,,,
218,mixed_evidence,confirmation,pro,0.3866276352318213,3.0,,,,
218,mixed_evidence,confirmation,pro,0.6051347073740847,4.0,,,,
218,mixed_evidence,confirmation,pro,0.3866276352318213,5.0,,,,
218,mixed_evidence,confirmation,pro,0.14550276676421817,6.0,,,,
218,mixed_evidence,confirmation,pro,0.29278387635005804,7.0,,,,
218,mixed_evidence,confirmation,pro,0.5016287364688721,8.0,,,,
218,mixed_evidence,confirmation,pro,0.7884025199139774,9.0,,,,
218,mixed_evidence,confirmation,pro,0.6051347073740846,10.0,,,,
218,mixed_evidence,confirmation,pro,0.3866276352318212,11.0,,,,
218,mixed_evidence,confirmation,pro,0.6051347073740846,12.0,,,,
219,mixed_evidence,confirmation,con,0.3,0.0,,,,
219,mixed_evidence,confirmation,con,0.05253861036563217,1.0,,,,
219,mixed_evidence,confirmation,con,0.06065656607392334,2.0,,,,
219,mixed_evidence,confirmation,con,0.00828578765852252,3.0,,,,
219,mixed_evidence,confirmation,con,0.0096355972601595,4.0,,,,
219,mixed_evidence,confirmation,con,0.00125727734914866,5.0,,,,
219,mixed_evidence,confirmation,con,0.0001628548050224123,6.0,,,,
219,mixed_evidence,confirmation,con,0.0001896379703585626,7.0,,,,
219,mixed_evidence,confirmation,con,0.0002208249327667115,8.0,,,,
219,mixed_evidence,confirmation,con,2.8577580400025317e-05,9.0,,,,
219,mixed_evidence,confirmation,con,3.6976866612768383e-06,10.0,,,,
219,mixed_evidence,confirmation,con,4.3059223911158065e-06,11.0,,,,
219,mixed_evidence,confirmation,con,5.014206849234198e-06,12.0,,,,
220,mixed_evidence,confirmation,pro,0.7,0.0,,,,
220,mixed_evidence,confirmation,pro,0.8974730124979169,1.0,,,,
220,mixed_evidence,confirmation,pro,0.7848895769240052,2.0,,,,
220,mixed_evidence,confirmation,pro,0.9319191874535891,3.0,,,,
220,mixed_evidence,confirmation,pro,0.8508756201440637,4.0,,,,
220,mixed_evidence,confirmation,pro,0.7040001860510009,5.0,,,,
220,mixed_evidence,confirmation,pro,0.49783860110876443,6.0,,,,
220,mixed_evidence,confirmation,pro,0.7040001860510009,7.0,,,,
220,mixed_evidence,confirmation,pro,0.49783860110876443,8.0,,,,
220,mixed_evidence,confirmation,pro,0.7040001860510009,9.0,,,,
220,mixed_evidence,confirmation,pro,0.8992191961935848,10.0,,,,
220,mixed_evidence,confirmation,pro,0.9709917601851846,11.0,,,,
220,mixed_evidence,confirmation,pro,0.9331224198514797,12.0,,,,
221,mixed_evidence,confirmation,con,0.3,0.0,,,,
221,mixed_evidence,confirmation,con,0.44547514261096155,1.0,,,,
221,mixed_evidence,confirmation,con,0.14333442385243383,2.0,,,,
221,mixed_evidence,confirmation,con,0.2387509862699679,3.0,,,,
221,mixed_evidence,confirmation,con,0.0613161012115788,4.0,,,,
221,mixed_evidence,confirmation,con,0.10908626234377251,5.0,,,,
221,mixed_evidence,confirmation,con,0.18667206685141838,6.0,,,,
221,mixed_evidence,confirmation,con,0.04562164709511325,7.0,,,,
221,mixed_evidence,confirmation,con,0.08223576762994494,8.0,,,,
221,mixed_evidence,confirmation,con,0.01832044843769223,9.0,,,,
221,mixed_evidence,confirmation,con,0.003871848020018205,10.0,,,,
221,mixed_evidence,confirmation,con,0.007233185139636532,11.0,,,,
221,mixed_evidence,confirmation,con,0.0015151671106172133,12.0,,,,
222,mixed_evidence,confirmation,pro,0.7,0.0,,,,
222,mixed_evidence,confirmation,pro,0.9032242447056672,1.0,,,,
222,mixed_evidence,confirmation,pro,0.8057498027675789,2.0,,,,
222,mixed_evidence,confirmation,pro,0.9431550210629014,3.0,,,,
222,mixed_evidence,confirmation,pro,0.9851556343823558,4.0,,,,
222,mixed_evidence,confirmation,pro,0.9672080694280168,5.0,,,,
222,mixed_evidence,confirmation,pro,0.9291222060028624,6.0,,,,
222,mixed_evidence,confirmation,pro,0.9812854038623308,7.0,,,,
222,mixed_evidence,confirmation,pro,0.9588539763191157,8.0,,,,
222,mixed_evidence,confirmation,pro,0.9119486423110795,9.0,,,,
222,mixed_evidence,confirmation,pro,0.8215252205072872,10.0,,,,
222,mixed_evidence,confirmation,pro,0.9484849454906628,11.0,,,,
222,mixed_evidence,confirmation,pro,0.9866034149933915,12.0,,,,
223,mixed_evidence,confirmation,con,0.3,0.0,,,,
223,mixed_evidence,confirmation,con,0.39827574457186427,1.0,,,,
223,mixed_evidence,confirmation,con,0.10199644009812882,2.0,,,,
223,mixed_evidence,confirmation,con,0.019118081151257998,3.0,,,,
223,mixed_evidence,confirmation,con,0.029222044829052173,4.0,,,,
223,mixed_evidence,confirmation,con,0.04442413640006461,5.0,,,,
223,mixed_evidence,confirmation,con,0.007914501029348537,6.0,,,,
223,mixed_evidence,confirmation,con,0.0013671020136271693,7.0,,,,
223,mixed_evidence,confirmation,con,0.00023486248865648945,8.0,,,,
223,mixed_evidence,confirmation,con,4.0310555108244384e-05,9.0,,,,
223,mixed_evidence,confirmation,con,6.225473278546554e-05,10.0,,,,
223,mixed_evidence,confirmation,con,9.614368852569549e-05,11.0,,,,
223,mixed_evidence,confirmation,con,0.00014847768030248,12.0,,,,
224,mixed_evidence,confirmation,pro,0.7,0.0,,,,
224,mixed_evidence,confirmation,pro,0.601931874015118,1.0,,,,
224,mixed_evidence,confirmation,pro,0.8981621648383424,2.0,,,,
224,mixed_evidence,confirmation,pro,0.9809306002086409,3.0,,,,
224,mixed_evidence,confirmation,pro,0.9966780127756852,4.0,,,,
224,mixed_evidence,confirmation,pro,0.9948831579900427,5.0,,,,
224,mixed_evidence,confirmation,pro,0.9921262122916499,6.0,,,,
224,mixed_evidence,confirmation,pro,0.9986411529521124,7.0,,,,
224,mixed_evidence,confirmation,pro,0.9997667594008245,8.0,,,,
224,mixed_evidence,confirmation,pro,0.9996401379997453,9.0,,,,
224,mixed_evidence,confirmation,pro,0.9994448146834907,10.0,,,,
224,mixed_evidence,confirmation,pro,0.9991435660066794,11.0,,,,
224,mixed_evidence,confirmation,pro,0.999853057806368,12.0,,,,
225,mixed_evidence,confirmation,con,0.3,0.0,,,,
225,mixed_evidence,confirmation,con,0.06497356137587111,1.0,,,,
225,mixed_evidence,confirmation,con,0.09206597346004215,2.0,,,,
225,mixed_evidence,confirmation,con,0.01617529271658007,3.0,,,,
225,mixed_evidence,confirmation,con,0.023429873011309093,4.0,,,,
225,mixed_evidence,confirmation,con,0.033826246624229235,5.0,,,,
225,mixed_evidence,confirmation,con,0.04860612533192823,6.0,,,,
225,mixed_evidence,confirmation,con,0.06938012095373025,7.0,,,,
225,mixed_evidence,confirmation,con,0.011943566830357421,8.0,,,,
225,mixed_evidence,confirmation,con,0.001956102031160949,9.0,,,,
225,mixed_evidence,confirmation,con,0.00031768260631565676,10.0,,,,
225,mixed_evidence,confirmation,con,5.1522700349540343e-05,11.0,,,,
225,mixed_evidence,confirmation,con,7.518313246183882e-05,12.0,,,,
226,mixed_evidence,confirmation,pro,0.7,0.0,,,,
226,mixed_evidence,confirmation,pro,0.9344902281777397,1.0,,,,
226,mixed_evidence,confirmation,pro,0.988663269316802,2.0,,,,
226,mixed_evidence,confirmation,pro,0.9833995428060149,3.0,,,,
226,mixed_evidence,confirmation,pro,0.9972464013976549,4.0,,,,
226,mixed_evidence,confirmation,pro,0.999548549482037,5.0,,,,
226,mixed_evidence,confirmation,pro,0.9999261275867917,6.0,,,,
226,mixed_evidence,confirmation,pro,0.9998912528819757,7.0,,,,
226,mixed_evidence,confirmation,pro,0.9998399166826956,8.0,,,,
226,mixed_evidence,confirmation,pro,0.9997643519400876,9.0,,,,
226,mixed_evidence,confirmation,pro,0.9996531304565476,10.0,,,,
226,mixed_evidence,confirmation,pro,0.9999432455006272,11.0,,,,
226,mixed_evidence,confirmation,pro,0.9999164513807742,12.0,,,,
227,mixed_evidence,confirmation,con,0.3,0.0,,,,
227,mixed_evidence,confirmation,con,0.09795955441465314,1.0,,,,
227,mixed_evidence,confirmation,con,0.026781129339554472,2.0,,,,
227,mixed_evidence,confirmation,con,0.006924655001116672,3.0,,,,
227,mixed_evidence,confirmation,con,0.0017637898377664174,4.0,,,,
227,mixed_evidence,confirmation,con,0.00401335076393049,5.0,,,,
227,mixed_evidence,confirmation,con,0.00910585953420212,6.0,,,,
227,mixed_evidence,confirmation,con,0.02052703508125609,7.0,,,,
227,mixed_evidence,confirmation,con,0.04561397573836181,8.0,,,,
227,mixed_evidence,confirmation,con,0.011965845451544926,9.0,,,,
227,mixed_evidence,confirmation,con,0.026876907412456793,10.0,,,,
227,mixed_evidence,confirmation,con,0.05925480974816587,11.0,,,,
227,mixed_evidence,confirmation,con,0.015709859885392828,12.0,,,,
228,mixed_evidence,confirmation,pro,0.7,0.0,,,,
228,mixed_evidence,confirmation,pro,0.9335103651084717,1.0,,,,
228,mixed_evidence,confirmation,pro,0.9883013491116023,2.0,,,,
228,mixed_evidence,confirmation,pro,0.9980366195680893,3.0,,,,
228,mixed_evidence,confirmation,pro,0.9996731657169883,4.0,,,,
228,mixed_evidence,confirmation,pro,0.9999456677659431,5.0,,,,
228,mixed_evidence,confirmation,pro,0.9999187356690594,6.0,,,,
228,mixed_evidence,confirmation,pro,0.9998784551485509,7.0,,,,
228,mixed_evidence,confirmation,pro,0.9999797981020943,8.0,,,,
228,mixed_evidence,confirmation,pro,0.999969783655652,9.0,,,,
228,mixed_evidence,confirmation,pro,0.9999548050912165,10.0,,,,
228,mixed_evidence,confirmation,pro,0.9999324019944352,11.0,,,,
228,mixed_evidence,confirmation,pro,0.9998988948150915,12.0,,,,
229,mixed_evidence,confirmation,con,0.3,0.0,,,,
229,mixed_evidence,confirmation,con,0.08684104884315663,1.0,,,,
229,mixed_evidence,confirmation,con,0.020666398525080405,2.0,,,,
229,mixed_evidence,confirmation,con,0.040439384143974626,3.0,,,,
229,mixed_evidence,confirmation,con,0.07763093578418909,4.0,,,,
229,mixed_evidence,confirmation,con,0.018333671786613156,5.0,,,,
229,mixed_evidence,confirmation,con,0.03595671962454666,6.0,,,,
229,mixed_evidence,confirmation,con,0.0693234662405461,7.0,,,,
229,mixed_evidence,confirmation,con,0.12949441606225812,8.0,,,,
229,mixed_evidence,confirmation,con,0.031954406631278374,9.0,,,,
229,mixed_evidence,confirmation,con,0.007271448333076947,10.0,,,,
229,mixed_evidence,confirmation,con,0.014417218869034801,11.0,,,,
229,mixed_evidence,confirmation,con,0.0032354629216282496,12.0,,,,
230,mixed_evidence,confirmation,pro,0.7,0.0,,,,
230,mixed_evidence,confirmation,pro,0.5725576663400954,1.0,,,,
230,mixed_evidence,confirmation,pro,0.8737483047562944,2.0,,,,
230,mixed_evidence,confirmation,pro,0.9727940221963103,3.0,,,,
230,mixed_evidence,confirmation,pro,0.9535462995866124,4.0,,,,
230,mixed_evidence,confirmation,pro,0.9217761677660803,5.0,,,,
230,mixed_evidence,confirmation,pro,0.9838403914721578,6.0,,,,
230,mixed_evidence,confirmation,pro,0.9968310141299621,7.0,,,,
230,mixed_evidence,confirmation,pro,0.994492741495122,8.0,,,,
230,mixed_evidence,confirmation,pro,0.9904456841999725,9.0,,,,
230,mixed_evidence,confirmation,pro,0.9981364055937034,10.0,,,,
230,mixed_evidence,confirmation,pro,0.9996387588944574,11.0,,,,
230,mixed_evidence,confirmation,pro,0.9993709055390682,12.0,,,,
231,mixed_evidence,confirmation,con,0.3,0.0,,,,
231,mixed_evidence,confirmation,con,0.05119602742526504,1.0,,,,
231,mixed_evidence,confirmation,con,0.006747702102062469,2.0,,,,
231,mixed_evidence,confirmation,con,0.0008545974073667103,3.0,,,,
231,mixed_evidence,confirmation,con,0.0009682582966998172,4.0,,,,
231,mixed_evidence,confirmation,con,0.0010970194114244053,5.0,,,,
231,mixed_evidence,confirmation,con,0.0012428821595446427,6.0,,,,
231,mixed_evidence,confirmation,con,0.00015665295150213228,7.0,,,,
231,mixed_evidence,confirmation,con,0.00017750418145188218,8.0,,,,
231,mixed_evidence,confirmation,con,2.235180143411402e-05,9.0,,,,
231,mixed_evidence,confirmation,con,2.532738206328871e-05,10.0,,,,
231,mixed_evidence,confirmation,con,2.8699075104128697e-05,11.0,,,,
231,mixed_evidence,confirmation,con,3.6133942529961322e-06,12.0,,,,
232,mixed_evidence,confirmation,pro,0.7,0.0,,,,
232,mixed_evidence,confirmation,pro,0.6592141128991563,1.0,,,,
232,mixed_evidence,confirmation,pro,0.9352036310618899,2.0,,,,
232,mixed_evidence,confirmation,pro,0.9228710535044243,3.0,,,,
232,mixed_evidence,confirmation,pro,0.9889228467025959,4.0,,,,
232,mixed_evidence,confirmation,pro,0.9985009930814903,5.0,,,,
232,mixed_evidence,confirmation,pro,0.9997988328134513,6.0,,,,
232,mixed_evidence,confirmation,pro,0.9997573551855171,7.0,,,,
232,mixed_evidence,confirmation,pro,0.9997073280021799,8.0,,,,
232,mixed_evidence,confirmation,pro,0.9996469901292075,9.0,,,,
232,mixed_evidence,confirmation,pro,0.9999526729959963,10.0,,,,
232,mixed_evidence,confirmation,pro,0.999942913073229,11.0,,,,
232,mixed_evidence,confirmation,pro,0.9999923484835818,12.0,,,,
233,mixed_evidence,confirmation,con,0.3,0.0,,,,
233,mixed_evidence,confirmation,con,0.5565982689543626,1.0,,,,
233,mixed_evidence,confirmation,con,0.3,2.0,,,,
233,mixed_evidence,confirmation,con,0.5565982689543626,3.0,,,,
233,mixed_evidence,confirmation,con,0.3,4.0,,,,
233,mixed_evidence,confirmation,con,0.12240424301893818,5.0,,,,
233,mixed_evidence,confirmation,con,0.2900396179560427,6.0,,,,
233,mixed_evidence,confirmation,con,0.5447483884553863,7.0,,,,
233,mixed_evidence,confirmation,con,0.7861769240427217,8.0,,,,
233,mixed_evidence,confirmation,con,0.5565982689543624,9.0,,,,
233,mixed_evidence,confirmation,con,0.2999999999999998,10.0,,,,
233,mixed_evidence,confirmation,con,0.5565982689543625,11.0,,,,
233,mixed_evidence,confirmation,con,0.2999999999999999,12.0,,,,
234,mixed_evidence,confirmation,pro,0.7,0.0,,,,
234,mixed_evidence,confirmation,pro,0.6145839055494564,1.0,,,,
234,mixed_evidence,confirmation,pro,0.5214732919266765,2.0,,,,
234,mixed_evidence,confirmation,pro,0.8701736157021382,3.0,,,,
234,mixed_evidence,confirmation,pro,0.8208061496807973,4.0,,,,
234,mixed_evidence,confirmation,pro,0.9657218407394068,5.0,,,,
234,mixed_evidence,confirmation,pro,0.9942621487646836,6.0,,,,
234,mixed_evidence,confirmation,pro,0.9916262146207235,7.0,,,,
234,mixed_evidence,confirmation,pro,0.987794213954591,8.0,,,,
234,mixed_evidence,confirmation,pro,0.9979950174958481,9.0,,,,
234,mixed_evidence,confirmation,pro,0.9996734698258888,10.0,,,,
234,mixed_evidence,confirmation,pro,0.9999468962697272,11.0,,,,
234,mixed_evidence,confirmation,pro,0.999922296640916,12.0,,,,
235,mixed_evidence,confirmation,con,0.3,0.0,,,,
235,mixed_evidence,confirmation,con,0.4158443421522393,1.0,,,,
235,mixed_evidence,confirmation,con,0.11612590239683912,2.0,,,,
235,mixed_evidence,confirmation,con,0.023673914424480847,3.0,,,,
235,mixed_evidence,confirmation,con,0.03871732040867276,4.0,,,,
235,mixed_evidence,confirmation,con,0.06270598768015598,5.0,,,,
235,mixed_evidence,confirmation,con,0.10001133090279775,6.0,,,,
235,mixed_evidence,confirmation,con,0.020097022908446865,7.0,,,,
235,mixed_evidence,confirmation,con,0.032944215659562674,8.0,,,,
235,mixed_evidence,confirmation,con,0.006248016091982221,9.0,,,,
235,mixed_evidence,confirmation,con,0.0011590360954131808,10.0,,,,
235,mixed_evidence,confirmation,con,0.00021411352592411707,11.0,,,,
235,mixed_evidence,confirmation,con,0.00035559990305763747,12.0,,,,
236,mixed_evidence,confirmation,pro,0.7,0.0,,,,
236,mixed_evidence,confirmation,pro,0.5944718981885941,1.0,,,,
236,mixed_evidence,confirmation,pro,0.8923423199896907,2.0,,,,
236,mixed_evidence,confirmation,pro,0.9791085647509135,3.0,,,,
236,mixed_evidence,confirmation,pro,0.9671527578029134,4.0,,,,
236,mixed_evidence,confirmation,pro,0.9487132459815018,5.0,,,,
236,mixed_evidence,confirmation,pro,0.9207703083428397,6.0,,,,
236,mixed_evidence,confirmation,pro,0.9850100147119952,7.0,,,,
236,mixed_evidence,confirmation,pro,0.9763499278672864,8.0,,,,
236,mixed_evidence,confirmation,pro,0.9628752608965694,9.0,,,,
236,mixed_evidence,confirmation,pro,0.9932272366136804,10.0,,,,
236,mixed_evidence,confirmation,pro,0.9987954696480961,11.0,,,,
236,mixed_evidence,confirmation,pro,0.9997867581382357,12.0,,,,
237,mixed_evidence,confirmation,con,0.3,0.0,,,,
237,mixed_evidence,confirmation,con,0.058779335173839486,1.0,,,,
237,mixed_evidence,confirmation,con,0.07570045114317743,2.0,,,,
237,mixed_evidence,confirmation,con,0.09699077395638515,3.0,,,,
237,mixed_evidence,confirmation,con,0.015410035650195638,4.0,,,,
237,mixed_evidence,confirmation,con,0.020112995085433162,5.0,,,,
237,mixed_evidence,confirmation,con,0.026213029678683494,6.0,,,,
237,mixed_evidence,confirmation,con,0.003907176878743135,7.0,,,,
237,mixed_evidence,confirmation,con,0.005117848334570084,8.0,,,,
237,mixed_evidence,confirmation,con,0.000749031963687103,9.0,,,,
237,mixed_evidence,confirmation,con,0.0009820906080660445,10.0,,,,
237,mixed_evidence,confirmation,con,0.00014322738997185936,11.0,,,,
237,mixed_evidence,confirmation,con,2.087320897955436e-05,12.0,,,,
238,mixed_evidence,confirmation,pro,0.7,0.0,,,,
238,mixed_evidence,confirmation,pro,0.5721651566709598,1.0,,,,
238,mixed_evidence,confirmation,pro,0.4339097456872492,2.0,,,,
238,mixed_evidence,confirmation,pro,0.5721651566709598,3.0,,,,
238,mixed_evidence,confirmation,pro,0.8733940813608752,4.0,,,,
238,mixed_evidence,confirmation,pro,0.9726664083641471,5.0,,,,
238,mixed_evidence,confirmation,pro,0.9945817096657239,6.0,,,,
238,mixed_evidence,confirmation,pro,0.9989450001403416,7.0,,,,
238,mixed_evidence,confirmation,pro,0.9981607412178836,8.0,,,,
238,mixed_evidence,confirmation,pro,0.9967953552793339,9.0,,,,
238,mixed_evidence,confirmation,pro,0.994422030312681,10.0,,,,
238,mixed_evidence,confirmation,pro,0.9989137684021236,11.0,,,,
238,mixed_evidence,confirmation,pro,0.9981063366449033,12.0,,,,
239,mixed_evidence,confirmation,con,0.3,0.0,,,,
239,mixed_evidence,confirmation,con,0.3281916313647471,1.0,,,,
239,mixed_evidence,confirmation,con,0.3576788148757047,2.0,,,,
239,mixed_evidence,confirmation,con,0.38828410676419,3.0,,,,
239,mixed_evidence,confirmation,con,0.07441056592473883,4.0,,,,
239,mixed_evidence,confirmation,con,0.08394532115274438,5.0,,,,
239,mixed_evidence,confirmation,con,0.011473078578634995,6.0,,,,
239,mixed_evidence,confirmation,con,0.0014678102143869593,7.0,,,,
239,mixed_evidence,confirmation,con,0.0016727830742177014,8.0,,,,
239,mixed_evidence,confirmation,con,0.00021217339606211566,9.0,,,,
239,mixed_evidence,confirmation,con,2.6877432476367432e-05,10.0,,,,
239,mixed_evidence,confirmation,con,3.404194321683276e-06,11.0,,,,
239,mixed_evidence,confirmation,con,3.880368895134056e-06,12.0,,,,
240,mixed_evidence,confirmation,pro,0.7,0.0,,,,
240,mixed_evidence,confirmation,pro,0.9384244552986098,1.0,,,,
240,mixed_evidence,confirmation,pro,0.9170826064129949,2.0,,,,
240,mixed_evidence,confirmation,pro,0.8892169861926281,3.0,,,,
240,mixed_evidence,confirmation,pro,0.9812826113010377,4.0,,,,
240,mixed_evidence,confirmation,pro,0.9743898485300069,5.0,,,,
240,mixed_evidence,confirmation,pro,0.9650492022803776,6.0,,,,
240,mixed_evidence,confirmation,pro,0.9944856808061051,7.0,,,,
240,mixed_evidence,confirmation,pro,0.9924174375848928,8.0,,,,
240,mixed_evidence,confirmation,pro,0.9988315783321263,9.0,,,,
240,mixed_evidence,confirmation,pro,0.9998209331087805,10.0,,,,
240,mixed_evidence,confirmation,pro,0.9997532744396705,11.0,,,,
240,mixed_evidence,confirmation,pro,0.9999622175052774,12.0,,,,
241,mixed_evidence,confirmation,con,0.3,0.0,,,,
241,mixed_evidence,confirmation,con,0.06532401965487711,1.0,,,,
241,mixed_evidence,confirmation,con,0.09303249326840315,2.0,,,,
241,mixed_evidence,confirmation,con,0.01645231278049452,3.0,,,,
241,mixed_evidence,confirmation,con,0.02396233990966305,4.0,,,,
241,mixed_evidence,confirmation,con,0.03477926545580228,5.0,,,,
241,mixed_evidence,confirmation,con,0.0502278190390687,6.0,,,,
241,mixed_evidence,confirmation,con,0.008550354904886804,7.0,,,,
241,mixed_evidence,confirmation,con,0.012499195231553042,8.0,,,,
241,mixed_evidence,confirmation,con,0.01823819433970703,9.0,,,,
241,mixed_evidence,confirmation,con,0.00302030376855029,10.0,,,,
241,mixed_evidence,confirmation,con,0.0004937855915711593,11.0,,,,
241,mixed_evidence,confirmation,con,8.055760228332118e-05,12.0,,,,
242,mixed_evidence,confirmation,pro,0.7,0.0,,,,
242,mixed_evidence,confirmation,pro,0.6096024290898929,1.0,,,,
242,mixed_evidence,confirmation,pro,0.5109944407248525,2.0,,,,
242,mixed_evidence,confirmation,pro,0.8628958242432806,3.0,,,,
242,mixed_evidence,confirmation,pro,0.8081286890581304,4.0,,,,
242,mixed_evidence,confirmation,pro,0.7381238445965483,5.0,,,,
242,mixed_evidence,confirmation,pro,0.9443706607893599,6.0,,,,
242,mixed_evidence,confirmation,pro,0.9903143409528862,7.0,,,,
242,mixed_evidence,confirmation,pro,0.9983787643780876,8.0,,,,
242,mixed_evidence,confirmation,pro,0.9997304567755158,9.0,,,,
242,mixed_evidence,confirmation,pro,0.9999552368387779,10.0,,,,
242,mixed_evidence,confirmation,pro,0.9999331119795442,11.0,,,,
242,mixed_evidence,confirmation,pro,0.9999000526720857,12.0,,,,
243,mixed_evidence,confirmation,con,0.3,0.0,,,,
243,mixed_evidence,confirmation,con,0.07027131181957542,1.0,,,,
243,mixed_evidence,confirmation,con,0.01315435841094863,2.0,,,,
243,mixed_evidence,confirmation,con,0.0023453048862568248,3.0,,,,
243,mixed_evidence,confirmation,con,0.0037174292695735557,4.0,,,,
243,mixed_evidence,confirmation,con,0.005887579777602142,5.0,,,,
243,mixed_evidence,confirmation,con,0.0010433896982731672,6.0,,,,
243,mixed_evidence,confirmation,con,0.0016550901390095872,7.0,,,,
243,mixed_evidence,confirmation,con,0.00029228915340124423,8.0,,,,
243,mixed_evidence,confirmation,con,0.00046385184268108766,9.0,,,,
243,mixed_evidence,confirmation,con,0.0007360412066732694,10.0,,,,
243,mixed_evidence,confirmation,con,0.0011677653328966914,11.0,,,,
243,mixed_evidence,confirmation,con,0.00020614466809440197,12.0,,,,
244,mixed_evidence,confirmation,pro,0.7,0.0,,,,
244,mixed_evidence,confirmation,pro,0.9149002559250772,1.0,,,,
244,mixed_evidence,confirmation,pro,0.9802118254420012,2.0,,,,
244,mixed_evidence,confirmation,pro,0.962062989690161,3.0,,,,
244,mixed_evidence,confirmation,pro,0.9284832962243018,4.0,,,,
244,mixed_evidence,confirmation,pro,0.8692211591244485,5.0,,,,
244,mixed_evidence,confirmation,pro,0.7728647684755052,6.0,,,,
244,mixed_evidence,confirmation,pro,0.6353011280797307,7.0,,,,
244,mixed_evidence,confirmation,pro,0.8892123002722848,8.0,,,,
244,mixed_evidence,confirmation,pro,0.9736712807091062,9.0,,,,
244,mixed_evidence,confirmation,pro,0.949830773003723,10.0,,,,
244,mixed_evidence,confirmation,pro,0.9886662875662281,11.0,,,,
244,mixed_evidence,confirmation,pro,0.9975181555249698,12.0,,,,
245,mixed_evidence,confirmation,con,0.3,0.0,,,,
245,mixed_evidence,confirmation,con,0.3829493505194767,1.0,,,,
245,mixed_evidence,confirmation,con,0.09079028710573331,2.0,,,,
245,mixed_evidence,confirmation,con,0.01581276619832615,3.0,,,,
245,mixed_evidence,confirmation,con,0.022737292946954726,4.0,,,,
245,mixed_evidence,confirmation,con,0.003729576057839031,5.0,,,,
245,mixed_evidence,confirmation,con,0.00539177283887445,6.0,,,,
245,mixed_evidence,confirmation,con,0.0008714765315448619,7.0,,,,
245,mixed_evidence,confirmation,con,0.001261488930653869,8.0,,,,
245,mixed_evidence,confirmation,con,0.0002031880650149365,9.0,,,,
245,mixed_evidence,confirmation,con,0.00029420900658766875,10.0,,,,
245,mixed_evidence,confirmation,con,0.0004259866819156339,11.0,,,,
245,mixed_evidence,confirmation,con,6.856556913960364e-05,12.0,,,,
246,mixed_evidence,confirmation,pro,0.7,0.0,,,,
246,mixed_evidence,confirmation,pro,0.5014464876408349,1.0,,,,
246,mixed_evidence,confirmation,pro,0.7960031597079067,2.0,,,,
246,mixed_evidence,confirmation,pro,0.6271446695760087,3.0,,,,
246,mixed_evidence,confirmation,pro,0.8671163739080061,4.0,,,,
246,mixed_evidence,confirmation,pro,0.9619994089963767,5.0,,,,
246,mixed_evidence,confirmation,pro,0.9160538962153857,6.0,,,,
246,mixed_evidence,confirmation,pro,0.8246808356684757,7.0,,,,
246,mixed_evidence,confirmation,pro,0.9480487930535761,8.0,,,,
246,mixed_evidence,confirmation,pro,0.9860718012969161,9.0,,,,
246,mixed_evidence,confirmation,pro,0.9682716418635167,10.0,,,,
246,mixed_evidence,confirmation,pro,0.9916243402361048,11.0,,,,
246,mixed_evidence,confirmation,pro,0.9807819948622978,12.0,,,,
247,mixed_evidence,confirmation,con,0.3,0.0,,,,
247,mixed_evidence,confirmation,con,0.37785877234620563,1.0,,,,
247,mixed_evidence,confirmation,con,0.08728699993415004,2.0,,,,
247,mixed_evidence,confirmation,con,0.014835388937380926,3.0,,,,
247,mixed_evidence,confirmation,con,0.002365573054900898,4.0,,,,
247,mixed_evidence,confirmation,con,0.0033490784631214445,5.0,,,,
247,mixed_evidence,confirmation,con,0.004739541305259348,6.0,,,,
247,mixed_evidence,confirmation,con,0.00670341056333233,7.0,,,,
247,mixed_evidence,confirmation,con,0.0010615254696443885,8.0,,,,
247,mixed_evidence,confirmation,con,0.0015036801254727696,9.0,,,,
247,mixed_evidence,confirmation,con,0.0002370723053303435,10.0,,,,
247,mixed_evidence,confirmation,con,3.733725465458383e-05,11.0,,,,
247,mixed_evidence,confirmation,con,5.29118480346519e-05,12.0,,,,
248,mixed_evidence,confirmation,pro,0.7,0.0,,,,
248,mixed_evidence,confirmation,pro,0.5693033460796616,1.0,,,,
248,mixed_evidence,confirmation,pro,0.8707881592285409,2.0,,,,
248,mixed_evidence,confirmation,pro,0.971719141200615,3.0,,,,
248,mixed_evidence,confirmation,pro,0.9943240076889285,4.0,,,,
248,mixed_evidence,confirmation,pro,0.9988816186105121,5.0,,,,
248,mixed_evidence,confirmation,pro,0.9980274730148374,6.0,,,,
248,mixed_evidence,confirmation,pro,0.9965232581696395,7.0,,,,
248,mixed_evidence,confirmation,pro,0.9993161671583395,8.0,,,,
248,mixed_evidence,confirmation,pro,0.9987935000873426,9.0,,,,
248,mixed_evidence,confirmation,pro,0.9978721987622657,10.0,,,,
248,mixed_evidence,confirmation,pro,0.999581941966826,11.0,,,,
248,mixed_evidence,confirmation,pro,0.9992622619149233,12.0,,,,
249,mixed_evidence,confirmation,con,0.3,0.0,,,,
249,mixed_evidence,confirmation,con,0.46713151832323674,1.0,,,,
249,mixed_evidence,confirmation,con,0.1661372843493667,2.0,,,,
249,mixed_evidence,confirmation,con,0.043320401954033236,3.0,,,,
249,mixed_evidence,confirmation,con,0.08477177796891167,4.0,,,,
249,mixed_evidence,confirmation,con,0.02061711123538935,5.0,,,,
249,mixed_evidence,confirmation,con,0.004761631978403419,6.0,,,,
249,mixed_evidence,confirmation,con,0.0010862008593783634,7.0,,,,
249,mixed_evidence,confirmation,con,0.0022192854105103866,8.0,,,,
249,mixed_evidence,confirmation,con,0.00452900277994109,9.0,,,,
249,mixed_evidence,confirmation,con,0.0010329482254714058,10.0,,,,
249,mixed_evidence,confirmation,con,0.002110598972809811,11.0,,,,
249,mixed_evidence,confirmation,con,0.004307689473276156,12.0,,,,
250,mixed_evidence,confirmation,pro,0.7,0.0,,,,
250,mixed_evidence,confirmation,pro,0.920531177014602,1.0,,,,
250,mixed_evidence,confirmation,pro,0.9829074844062524,2.0,,,,
250,mixed_evidence,confirmation,pro,0.996509322131146,3.0,,,,
250,mixed_evidence,confirmation,pro,0.9992948895726126,4.0,,,,
250,mixed_evidence,confirmation,pro,0.9987224266424957,5.0,,,,
250,mixed_evidence,confirmation,pro,0.9976862703425394,6.0,,,,
250,mixed_evidence,confirmation,pro,0.9995330709980991,7.0,,,,
250,mixed_evidence,confirmation,pro,0.999153818341339,8.0,,,,
250,mixed_evidence,confirmation,pro,0.9984669986272061,9.0,,,,
250,mixed_evidence,confirmation,pro,0.9972242571096425,10.0,,,,
250,mixed_evidence,confirmation,pro,0.9994396259307489,11.0,,,,
250,mixed_evidence,confirmation,pro,0.9989845517115414,12.0,,,,
251,mixed_evidence,confirmation,con,0.3,0.0,,,,
251,mixed_evidence,confirmation,con,0.05814620207483979,1.0,,,,
251,mixed_evidence,confirmation,con,0.07410646010011462,2.0,,,,
251,mixed_evidence,confirmation,con,0.011398064651583469,3.0,,,,
251,mixed_evidence,confirmation,con,0.0016580728779074716,4.0,,,,
251,mixed_evidence,confirmation,con,0.00023918561704294058,5.0,,,,
251,mixed_evidence,confirmation,con,0.0003100711939976388,6.0,,,,
251,mixed_evidence,confirmation,con,0.0004019561306294981,7.0,,,,
251,mixed_evidence,confirmation,con,5.792189321551766e-05,8.0,,,,
251,mixed_evidence,confirmation,con,8.344088964672094e-06,9.0,,,,
251,mixed_evidence,confirmation,con,1.0817701817165907e-05,10.0,,,,
251,mixed_evidence,confirmation,con,1.402460919180431e-05,11.0,,,,
251,mixed_evidence,confirmation,con,1.818218687433783e-05,12.0,,,,
252,mixed_evidence,confirmation,pro,0.7,0.0,,,,
252,mixed_evidence,confirmation,pro,0.9441831954541434,1.0,,,,
252,mixed_evidence,confirmation,pro,0.9919115161170097,2.0,,,,
252,mixed_evidence,confirmation,pro,0.9899781522581874,3.0,,,,
252,mixed_evidence,confirmation,pro,0.9875884452260807,4.0,,,,
252,mixed_evidence,confirmation,pro,0.9846377555717389,5.0,,,,
252,mixed_evidence,confirmation,pro,0.9809990733475281,6.0,,,,
252,mixed_evidence,confirmation,pro,0.9973353945916092,7.0,,,,
252,mixed_evidence,confirmation,pro,0.9966941618631936,8.0,,,,
252,mixed_evidence,confirmation,pro,0.9995426944111814,9.0,,,,
252,mixed_evidence,confirmation,pro,0.9999368950769653,10.0,,,,
252,mixed_evidence,confirmation,pro,0.9999912949282224,11.0,,,,
252,mixed_evidence,confirmation,pro,0.9999891931420805,12.0,,,,
253,mixed_evidence,confirmation,con,0.3,0.0,,,,
253,mixed_evidence,confirmation,con,0.09400477521896505,1.0,,,,
253,mixed_evidence,confirmation,con,0.18439432363643632,2.0,,,,
253,mixed_evidence,confirmation,con,0.051894889037465926,3.0,,,,
253,mixed_evidence,confirmation,con,0.01307830875845601,4.0,,,,
253,mixed_evidence,confirmation,con,0.028064018214380787,5.0,,,,
253,mixed_evidence,confirmation,con,0.059191164219375134,6.0,,,,
253,mixed_evidence,confirmation,con,0.12056043251120223,7.0,,,,
253,mixed_evidence,confirmation,con,0.2300020334373347,8.0,,,,
253,mixed_evidence,confirmation,con,0.06744030571904917,9.0,,,,
253,mixed_evidence,confirmation,con,0.017207022468612065,10.0,,,,
253,mixed_evidence,confirmation,con,0.004220923389755839,11.0,,,,
253,mixed_evidence,confirmation,con,0.009151557349352978,12.0,,,,
254,mixed_evidence,confirmation,pro,0.7,0.0,,,,
254,mixed_evidence,confirmation,pro,0.6107595389913941,1.0,,,,
254,mixed_evidence,confirmation,pro,0.5134253192330923,2.0,,,,
254,mixed_evidence,confirmation,pro,0.41506207375340415,3.0,,,,
254,mixed_evidence,confirmation,pro,0.10493921171435323,4.0,,,,
254,mixed_evidence,confirmation,pro,0.14846156256196766,5.0,,,,
254,mixed_evidence,confirmation,pro,0.02799999999999998,6.0,,,,
254,mixed_evidence,confirmation,pro,0.041077116887686733,7.0,,,,
254,mixed_evidence,confirmation,pro,0.059885480228087075,8.0,,,,
254,mixed_evidence,confirmation,pro,0.0865287016799688,9.0,,,,
254,mixed_evidence,confirmation,pro,0.12346878461735498,10.0,,,,
254,mixed_evidence,confirmation,pro,0.022744679690542627,11.0,,,,
254,mixed_evidence,confirmation,pro,0.033451823181746734,12.0,,,,
255,mixed_evidence,confirmation,con,0.3,0.0,,,,
255,mixed_evidence,confirmation,con,0.06318334974973308,1.0,,,,
255,mixed_evidence,confirmation,con,0.08719533261495632,2.0,,,,
255,mixed_evidence,confirmation,con,0.11917190597634368,3.0,,,,
255,mixed_evidence,confirmation,con,0.16080916601184028,4.0,,,,
255,mixed_evidence,confirmation,con,0.029273312483633834,5.0,,,,
255,mixed_evidence,confirmation,con,0.004723278750460178,6.0,,,,
255,mixed_evidence,confirmation,con,0.00667663633482577,7.0,,,,
255,mixed_evidence,confirmation,con,0.0010566539010298357,8.0,,,,
255,mixed_evidence,confirmation,con,0.0001664349177647169,9.0,,,,
255,mixed_evidence,confirmation,con,0.00023571200048256764,10.0,,,,
255,mixed_evidence,confirmation,con,3.710161309037407e-05,11.0,,,,
255,mixed_evidence,confirmation,con,5.25476652186616e-05,12.0,,,,
256,mixed_evidence,confirmation,pro,0.7,0.0,,,,
256,mixed_evidence,confirmation,pro,0.557392342873563,1.0,,,,
256,mixed_evidence,confirmation,pro,0.4046500991190835,2.0,,,,
256,mixed_evidence,confirmation,pro,0.12275035754789898,3.0,,,,
256,mixed_evidence,confirmation,pro,0.027999999999999997,4.0,,,,
256,mixed_evidence,confirmation,pro,0.0506692000269039,5.0,,,,
256,mixed_evidence,confirmation,pro,0.08999247005381418,6.0,,,,
256,mixed_evidence,confirmation,pro,0.019952643741833424,7.0,,,,
256,mixed_evidence,confirmation,pro,0.036350242551658356,8.0,,,,
256,mixed_evidence,confirmation,pro,0.0077058531208858165,9.0,,,,
256,mixed_evidence,confirmation,pro,0.014184391098948895,10.0,,,,
256,mixed_evidence,confirmation,pro,0.025967093762305736,11.0,,,,
256,mixed_evidence,confirmation,pro,0.047070126845971116,12.0,,,,
257,mixed_evidence,confirmation,con,0.3,0.0,,,,
257,mixed_evidence,confirmation,con,0.06881763185411979,1.0,,,,
257,mixed_evidence,confirmation,con,0.012583662252073708,2.0,,,,
257,mixed_evidence,confirmation,con,0.019394795848477225,3.0,,,,
257,mixed_evidence,confirmation,con,0.0033990229137058686,4.0,,,,
257,mixed_evidence,confirmation,con,0.0005877859506566784,5.0,,,,
257,mixed_evidence,confirmation,con,0.00010140801231355429,6.0,,,,
257,mixed_evidence,confirmation,con,1.748841631171503e-05,7.0,,,,
257,mixed_evidence,confirmation,con,2.7141294981983494e-05,8.0,,,,
257,mixed_evidence,confirmation,con,4.212193690153059e-05,9.0,,,,
257,mixed_evidence,confirmation,con,6.537060588556117e-05,10.0,,,,
257,mixed_evidence,confirmation,con,0.00010144978109284833,11.0,,,,
257,mixed_evidence,confirmation,con,0.000157438545843788,12.0,,,,
258,mixed_evidence,confirmation,pro,0.7,0.0,,,,
258,mixed_evidence,confirmation,pro,0.6071627544041112,1.0,,,,
258,mixed_evidence,confirmation,pro,0.5058760101375498,2.0,,,,
258,mixed_evidence,confirmation,pro,0.8592208126626802,3.0,,,,
258,mixed_evidence,confirmation,pro,0.8016973808074037,4.0,,,,
258,mixed_evidence,confirmation,pro,0.9601614025634762,5.0,,,,
258,mixed_evidence,confirmation,pro,0.9410534479925008,6.0,,,,
258,mixed_evidence,confirmation,pro,0.989602078699943,7.0,,,,
258,mixed_evidence,confirmation,pro,0.9843852390451158,8.0,,,,
258,mixed_evidence,confirmation,pro,0.9973462621287024,9.0,,,,
258,mixed_evidence,confirmation,pro,0.9995538713910881,10.0,,,,
258,mixed_evidence,confirmation,pro,0.9993266425728312,11.0,,,,
258,mixed_evidence,confirmation,pro,0.9998869863464015,12.0,,,,
259,mixed_evidence,confirmation,con,0.3,0.0,,,,
259,mixed_evidence,confirmation,con,0.08472870131645088,1.0,,,,
259,mixed_evidence,confirmation,con,0.019603780230435616,2.0,,,,
259,mixed_evidence,confirmation,con,0.03741761546948638,3.0,,,,
259,mixed_evidence,confirmation,con,0.00832653632622068,4.0,,,,
259,mixed_evidence,confirmation,con,0.016060682791355075,5.0,,,,
259,mixed_evidence,confirmation,con,0.00351337619443545,6.0,,,,
259,mixed_evidence,confirmation,con,0.006807483855097894,7.0,,,,
259,mixed_evidence,confirmation,con,0.01314935981554099,8.0,,,,
259,mixed_evidence,confirmation,con,0.02524915244309023,9.0,,,,
259,mixed_evidence,confirmation,con,0.0055640049793568526,10.0,,,,
259,mixed_evidence,confirmation,con,0.001207101004762449,11.0,,,,
259,mixed_evidence,confirmation,con,0.002343953571614995,12.0,,,,
260,mixed_evidence,confirmation,pro,0.7,0.0,,,,
260,mixed_evidence,confirmation,pro,0.45272260902710687,1.0,,,,
260,mixed_evidence,confirmation,pro,0.2058823529411764,2.0,,,,
260,mixed_evidence,confirmation,pro,0.07514779009164985,3.0,,,,
260,mixed_evidence,confirmation,pro,0.18645623289948512,4.0,,,,
260,mixed_evidence,confirmation,pro,0.3926398558209093,5.0,,,,
260,mixed_evidence,confirmation,pro,0.6458267120138799,6.0,,,,
260,mixed_evidence,confirmation,pro,0.39263985582090927,7.0,,,,
260,mixed_evidence,confirmation,pro,0.16847420552389675,8.0,,,,
260,mixed_evidence,confirmation,pro,0.3636618590698742,9.0,,,,
260,mixed_evidence,confirmation,pro,0.1519025772258302,10.0,,,,
260,mixed_evidence,confirmation,pro,0.3356406527883619,11.0,,,,
260,mixed_evidence,confirmation,pro,0.5876337490534213,12.0,,,,
261,mixed_evidence,confirmation,con,0.3,0.0,,,,
261,mixed_evidence,confirmation,con,0.3500649513887238,1.0,,,,
261,mixed_evidence,confirmation,con,0.06995152820699597,2.0,,,,
261,mixed_evidence,confirmation,con,0.08636173574116175,3.0,,,,
261,mixed_evidence,confirmation,con,0.01302761849069985,4.0,,,,
261,mixed_evidence,confirmation,con,0.016318121477580282,5.0,,,,
261,mixed_evidence,confirmation,con,0.0023111257148998856,6.0,,,,
261,mixed_evidence,confirmation,con,0.0003233708954599295,7.0,,,,
261,mixed_evidence,confirmation,con,0.0004063687748606263,8.0,,,,
261,mixed_evidence,confirmation,con,0.0005106583944823937,9.0,,,,
261,mixed_evidence,confirmation,con,7.134019204002158e-05,10.0,,,,
261,mixed_evidence,confirmation,con,8.965649935486458e-05,11.0,,,,
261,mixed_evidence,confirmation,con,1.252068901358816e-05,12.0,,,,
262,mixed_evidence,confirmation,pro,0.7,0.0,,,,
262,mixed_evidence,confirmation,pro,0.6477304279559675,1.0,,,,
262,mixed_evidence,confirmation,pro,0.5916662664497911,2.0,,,,
262,mixed_evidence,confirmation,pro,0.9113202277014468,3.0,,,,
262,mixed_evidence,confirmation,pro,0.9864652432176996,4.0,,,,
262,mixed_evidence,confirmation,pro,0.9828868556713204,5.0,,,,
262,mixed_evidence,confirmation,pro,0.9975510690897813,6.0,,,,
262,mixed_evidence,confirmation,pro,0.9968943811029196,7.0,,,,
262,mixed_evidence,confirmation,pro,0.9995609404801952,8.0,,,,
262,mixed_evidence,confirmation,pro,0.9999380698213404,9.0,,,,
262,mixed_evidence,confirmation,pro,0.9999214126369977,10.0,,,,
262,mixed_evidence,confirmation,pro,0.9999889185359059,11.0,,,,
262,mixed_evidence,confirmation,pro,0.9999859377936318,12.0,,,,
263,mixed_evidence,confirmation,con,0.3,0.0,,,,
263,mixed_evidence,confirmation,con,0.05255054036574464,1.0,,,,
263,mixed_evidence,confirmation,con,0.060683879579576064,2.0,,,,
263,mixed_evidence,confirmation,con,0.008291697133504807,3.0,,,,
263,mixed_evidence,confirmation,con,0.009644748745288652,4.0,,,,
263,mixed_evidence,confirmation,con,0.001258782805102841,5.0,,,,
263,mixed_evidence,confirmation,con,0.00016308909139344793,6.0,,,,
263,mixed_evidence,confirmation,con,2.1109818469829062e-05,7.0,,,,
263,mixed_evidence,confirmation,con,2.4588012007748114e-05,8.0,,,,
263,mixed_evidence,confirmation,con,2.863927934182779e-05,9.0,,,,
263,mixed_evidence,confirmation,con,3.335803534867552e-05,10.0,,,,
263,mixed_evidence,confirmation,con,3.885424782736282e-05,11.0,,,,
263,mixed_evidence,confirmation,con,5.028646599152272e-06,12.0,,,,
264,mixed_evidence,confirmation,pro,0.7,0.0,,,,
264,mixed_evidence,confirmation,pro,0.9336457157093563,1.0,,,,
264,mixed_evidence,confirmation,pro,0.9041018211582629,2.0,,,,
264,mixed_evidence,confirmation,pro,0.863329236820771,3.0,,,,
264,mixed_evidence,confirmation,pro,0.8088859492302126,4.0,,,,
264,mixed_evidence,confirmation,pro,0.962296816566623,5.0,,,,
264,mixed_evidence,confirmation,pro,0.9447548379649959,6.0,,,,
264,mixed_evidence,confirmation,pro,0.9903960985744706,7.0,,,,
264,mixed_evidence,confirmation,pro,0.9983945210795412,8.0,,,,
264,mixed_evidence,confirmation,pro,0.9976057608812645,9.0,,,,
264,mixed_evidence,confirmation,pro,0.9964308737982661,10.0,,,,
264,mixed_evidence,confirmation,pro,0.9994063636510357,11.0,,,,
264,mixed_evidence,confirmation,pro,0.9999015083882978,12.0,,,,
265,mixed_evidence,confirmation,con,0.3,0.0,,,,
265,mixed_evidence,confirmation,con,0.08452263666520297,1.0,,,,
265,mixed_evidence,confirmation,con,0.1518286544933474,2.0,,,,
265,mixed_evidence,confirmation,con,0.037131240179681245,3.0,,,,
265,mixed_evidence,confirmation,con,0.06956683746552995,4.0,,,,
265,mixed_evidence,confirmation,con,0.1266105109471405,5.0,,,,
265,mixed_evidence,confirmation,con,0.03028368460571662,6.0,,,,
265,mixed_evidence,confirmation,con,0.05709234659313177,7.0,,,,
265,mixed_evidence,confirmation,con,0.01287604938126237,8.0,,,,
265,mixed_evidence,confirmation,con,0.00280217000826655,9.0,,,,
265,mixed_evidence,confirmation,con,0.0054187379554263785,10.0,,,,
265,mixed_evidence,confirmation,con,0.0011723320875329135,11.0,,,,
265,mixed_evidence,confirmation,con,0.002270479740787182,12.0,,,,
266,mixed_evidence,confirmation,pro,0.7,0.0,,,,
266,mixed_evidence,confirmation,pro,0.9144423377637556,1.0,,,,
266,mixed_evidence,confirmation,pro,0.8447134405943781,2.0,,,,
266,mixed_evidence,confirmation,pro,0.9614153227214564,3.0,,,,
266,mixed_evidence,confirmation,pro,0.991314503246667,4.0,,,,
266,mixed_evidence,confirmation,pro,0.9980908824937624,5.0,,,,
266,mixed_evidence,confirmation,pro,0.9995825921374523,6.0,,,,
266,mixed_evidence,confirmation,pro,0.9991802005176389,7.0,,,,
266,mixed_evidence,confirmation,pro,0.9983905179154994,8.0,,,,
266,mixed_evidence,confirmation,pro,0.9968425669329416,9.0,,,,
266,mixed_evidence,confirmation,pro,0.9993089861685833,10.0,,,,
266,mixed_evidence,confirmation,pro,0.9986431895771015,11.0,,,,
266,mixed_evidence,confirmation,pro,0.997337602486677,12.0,,,,
267,mixed_evidence,confirmation,con,0.3,0.0,,,,
267,mixed_evidence,confirmation,con,0.46077797101530504,1.0,,,,
267,mixed_evidence,confirmation,con,0.1591790669884435,2.0,,,,
267,mixed_evidence,confirmation,con,0.040252938367244744,3.0,,,,
267,mixed_evidence,confirmation,con,0.009206242627954473,4.0,,,,
267,mixed_evidence,confirmation,con,0.018189785099575095,5.0,,,,
267,mixed_evidence,confirmation,con,0.0040877043187638636,6.0,,,,
267,mixed_evidence,confirmation,con,0.008117447670457736,7.0,,,,
267,mixed_evidence,confirmation,con,0.0018098013404896725,8.0,,,,
267,mixed_evidence,confirmation,con,0.0036020628911014904,9.0,,,,
267,mixed_evidence,confirmation,con,0.0008002563760976036,10.0,,,,
267,mixed_evidence,confirmation,con,0.001594353885911559,11.0,,,,
267,mixed_evidence,confirmation,con,0.0031739344195275284,12.0,,,,
268,mixed_evidence,confirmation,pro,0.7,0.0,,,,
268,mixed_evidence,confirmation,pro,0.5412668664271929,1.0,,,,
268,mixed_evidence,confirmation,pro,0.8430123321593852,2.0,,,,
268,mixed_evidence,confirmation,pro,0.9606904539896606,3.0,,,,
268,mixed_evidence,confirmation,pro,0.925140376149485,4.0,,,,
268,mixed_evidence,confirmation,pro,0.9825309539577145,5.0,,,,
268,mixed_evidence,confirmation,pro,0.9961085401453759,6.0,,,,
268,mixed_evidence,confirmation,pro,0.9923336426579021,7.0,,,,
268,mixed_evidence,confirmation,pro,0.9983053590811458,8.0,,,,
268,mixed_evidence,confirmation,pro,0.9966543208301348,9.0,,,,
268,mixed_evidence,confirmation,pro,0.9934053509896772,10.0,,,,
268,mixed_evidence,confirmation,pro,0.998543484482153,11.0,,,,
268,mixed_evidence,confirmation,pro,0.9971237763155404,12.0,,,,
269,mixed_evidence,confirmation,con,0.3,0.0,,,,
269,mixed_evidence,confirmation,con,0.08058955946719323,1.0,,,,
269,mixed_evidence,confirmation,con,0.01761159598188687,2.0,,,,
269,mixed_evidence,confirmation,con,0.03194509056168116,3.0,,,,
269,mixed_evidence,confirmation,con,0.00670392254881242,4.0,,,,
269,mixed_evidence,confirmation,con,0.0013784700312872238,5.0,,,,
269,mixed_evidence,confirmation,con,0.0025344454965715167,6.0,,,,
269,mixed_evidence,confirmation,con,0.00051940431336418,7.0,,,,
269,mixed_evidence,confirmation,con,0.0009556626058378151,8.0,,,,
269,mixed_evidence,confirmation,con,0.0017576987548103113,9.0,,,,
269,mixed_evidence,confirmation,con,0.0003599964672044567,10.0,,,,
269,mixed_evidence,confirmation,con,0.0006624535954663295,11.0,,,,
269,mixed_evidence,confirmation,con,0.0012187153972248227,12.0,,,,
270,mixed_evidence,confirmation,pro,0.7,0.0,,,,
270,mixed_evidence,confirmation,pro,0.9053513288088556,1.0,,,,
270,mixed_evidence,confirmation,pro,0.8133277925126462,2.0,,,,
270,mixed_evidence,confirmation,pro,0.6649448234158697,3.0,,,,
270,mixed_evidence,confirmation,pro,0.8905393550872011,4.0,,,,
270,mixed_evidence,confirmation,pro,0.7874949189347108,5.0,,,,
270,mixed_evidence,confirmation,pro,0.9382396826707721,6.0,,,,
270,mixed_evidence,confirmation,pro,0.9841965565888147,7.0,,,,
270,mixed_evidence,confirmation,pro,0.9659481757247793,8.0,,,,
270,mixed_evidence,confirmation,pro,0.9281661789061758,9.0,,,,
270,mixed_evidence,confirmation,pro,0.9814708792776142,10.0,,,,
270,mixed_evidence,confirmation,pro,0.9602024026886201,11.0,,,,
270,mixed_evidence,confirmation,pro,0.9899907995550753,12.0,,,,
271,mixed_evidence,confirmation,con,0.3,0.0,,,,
271,mixed_evidence,confirmation,con,0.08984514535688161,1.0,,,,
271,mixed_evidence,confirmation,con,0.022231635755910643,2.0,,,,
271,mixed_evidence,confirmation,con,0.005209823803600697,3.0,,,,
271,mixed_evidence,confirmation,con,0.0012048253437478029,4.0,,,,
271,mixed_evidence,confirmation,con,0.002494374356200048,5.0,,,,
271,mixed_evidence,confirmation,con,0.005157027370354337,6.0,,,,
271,mixed_evidence,confirmation,con,0.010631670890312537,7.0,,,,
271,mixed_evidence,confirmation,con,0.02179083480738147,8.0,,,,
271,mixed_evidence,confirmation,con,0.04414026429698836,9.0,,,,
271,mixed_evidence,confirmation,con,0.010524510675209306,10.0,,,,
271,mixed_evidence,confirmation,con,0.002443938625244791,11.0,,,,
271,mixed_evidence,confirmation,con,0.005053026075529125,12.0,,,,
272,mixed_evidence,confirmation,pro,0.7,0.0,,,,
272,mixed_evidence,confirmation,pro,0.9230245080857667,1.0,,,,
272,mixed_evidence,confirmation,pro,0.9840314947742753,2.0,,,,
272,mixed_evidence,confirmation,pro,0.9968522366139779,3.0,,,,
272,mixed_evidence,confirmation,pro,0.9945003535815479,4.0,,,,
272,mixed_evidence,confirmation,pro,0.9904081458637086,5.0,,,,
272,mixed_evidence,confirmation,pro,0.9981190090129161,6.0,,,,
272,mixed_evidence,confirmation,pro,0.9967104844050035,7.0,,,,
272,mixed_evidence,confirmation,pro,0.9942533003497596,8.0,,,,
272,mixed_evidence,confirmation,pro,0.9899791161927813,9.0,,,,
272,mixed_evidence,confirmation,pro,0.9980341904590854,10.0,,,,
272,mixed_evidence,confirmation,pro,0.9965623707280521,11.0,,,,
272,mixed_evidence,confirmation,pro,0.9993292214494695,12.0,,,,
273,mixed_evidence,confirmation,con,0.3,0.0,,,,
273,mixed_evidence,confirmation,con,0.058567964167791094,1.0,,,,
273,mixed_evidence,confirmation,con,0.0751666328029791,2.0,,,,
273,mixed_evidence,confirmation,con,0.09598985984250286,3.0,,,,
273,mixed_evidence,confirmation,con,0.1218218358316903,4.0,,,,
273,mixed_evidence,confirmation,con,0.01973931293865473,5.0,,,,
273,mixed_evidence,confirmation,con,0.025633231522521227,6.0,,,,
273,mixed_evidence,confirmation,con,0.0038042890288364356,7.0,,,,
273,mixed_evidence,confirmation,con,0.0005540335919426639,8.0,,,,
273,mixed_evidence,confirmation,con,8.046180540539742e-05,9.0,,,,
273,mixed_evidence,confirmation,con,0.00010511616669196588,10.0,,,,
273,mixed_evidence,confirmation,con,1.5260068460333962e-05,11.0,,,,
273,mixed_evidence,confirmation,con,1.9936315650320145e-05,12.0,,,,
274,mixed_evidence,confirmation,pro,0.7,0.0,,,,
274,mixed_evidence,confirmation,pro,0.6195550647971898,1.0,,,,
274,mixed_evidence,confirmation,pro,0.9109465103044648,2.0,,,,
274,mixed_evidence,confirmation,pro,0.8771387215581244,3.0,,,,
274,mixed_evidence,confirmation,pro,0.9781870292312049,4.0,,,,
274,mixed_evidence,confirmation,pro,0.9964624707838098,5.0,,,,
274,mixed_evidence,confirmation,pro,0.9994351412309799,6.0,,,,
274,mixed_evidence,confirmation,pro,0.999910031111347,7.0,,,,
274,mixed_evidence,confirmation,pro,0.9998710966733609,8.0,,,,
274,mixed_evidence,confirmation,pro,0.9998153162956447,9.0,,,,
274,mixed_evidence,confirmation,pro,0.9997354044448536,10.0,,,,
274,mixed_evidence,confirmation,pro,0.9996209281870089,11.0,,,,
274,mixed_evidence,confirmation,pro,0.9999396320948987,12.0,,,,
275,mixed_evidence,confirmation,con,0.3,0.0,,,,
275,mixed_evidence,confirmation,con,0.05759112200221715,1.0,,,,
275,mixed_evidence,confirmation,con,0.008638555969306922,2.0,,,,
275,mixed_evidence,confirmation,con,0.001240974336216944,3.0,,,,
275,mixed_evidence,confirmation,con,0.0015920092876389536,4.0,,,,
275,mixed_evidence,confirmation,con,0.0020421386177532615,5.0,,,,
275,mixed_evidence,confirmation,con,0.002619204942060357,6.0,,,,
275,mixed_evidence,confirmation,con,0.0033587894986987343,7.0,,,,
275,mixed_evidence,confirmation,con,0.00048031732575858733,8.0,,,,
275,mixed_evidence,confirmation,con,6.851727784106618e-05,9.0,,,,
275,mixed_evidence,confirmation,con,9.770540086138062e-06,10.0,,,,
275,mixed_evidence,confirmation,con,1.2538709315925017e-05,11.0,,,,
275,mixed_evidence,confirmation,con,1.609113791248574e-05,12.0,,,,
276,mixed_evidence,confirmation,pro,0.7,0.0,,,,
276,mixed_evidence,confirmation,pro,0.6073662633834318,1.0,,,,
276,mixed_evidence,confirmation,pro,0.9022462843066209,2.0,,,,
276,mixed_evidence,confirmation,pro,0.8595301772579068,3.0,,,,
276,mixed_evidence,confirmation,pro,0.8022394528751208,4.0,,,,
276,mixed_evidence,confirmation,pro,0.7289510459669154,5.0,,,,
276,mixed_evidence,confirmation,pro,0.6406678709607112,6.0,,,,
276,mixed_evidence,confirmation,pro,0.9140756112871827,7.0,,,,
276,mixed_evidence,confirmation,pro,0.8758171786874009,8.0,,,,
276,mixed_evidence,confirmation,pro,0.9767876324272762,9.0,,,,
276,mixed_evidence,confirmation,pro,0.9960329814591812,10.0,,,,
276,mixed_evidence,confirmation,pro,0.9993329291961548,11.0,,,,
276,mixed_evidence,confirmation,pro,0.9998881375376741,12.0,,,,
277,mixed_evidence,confirmation,con,0.3,0.0,,,,
277,mixed_evidence,confirmation,con,0.3938589068037999,1.0,,,,
277,mixed_evidence,confirmation,con,0.09866321395699329,2.0,,,,
277,mixed_evidence,confirmation,con,0.018106469604661328,3.0,,,,
277,mixed_evidence,confirmation,con,0.0030968741592472494,4.0,,,,
277,mixed_evidence,confirmation,con,0.004687849224575485,5.0,,,,
277,mixed_evidence,confirmation,con,0.007090351871021366,6.0,,,,
277,mixed_evidence,confirmation,con,0.0012015369808298145,7.0,,,,
277,mixed_evidence,confirmation,con,0.0018205877380545294,8.0,,,,
277,mixed_evidence,confirmation,con,0.0027577025727197092,9.0,,,,
277,mixed_evidence,confirmation,con,0.0004656350706033523,10.0,,,,
277,mixed_evidence,confirmation,con,0.0007058055120147957,11.0,,,,
277,mixed_evidence,confirmation,con,0.00011897103201579595,12.0,,,,
278,mixed_evidence,confirmation,pro,0.7,0.0,,,,
278,mixed_evidence,confirmation,pro,0.937237549367213,1.0,,,,
278,mixed_evidence,confirmation,pro,0.9139334682912273,2.0,,,,
278,mixed_evidence,confirmation,pro,0.9854988369725691,3.0,,,,
278,mixed_evidence,confirmation,pro,0.9797268498488667,4.0,,,,
278,mixed_evidence,confirmation,pro,0.9967771410797204,5.0,,,,
278,mixed_evidence,confirmation,pro,0.9954737084241668,6.0,,,,
278,mixed_evidence,confirmation,pro,0.9936464838165461,7.0,,,,
278,mixed_evidence,confirmation,pro,0.9910882280223097,8.0,,,,
278,mixed_evidence,confirmation,pro,0.9985969634412587,9.0,,,,
278,mixed_evidence,confirmation,pro,0.9980280721926704,10.0,,,,
278,mixed_evidence,confirmation,pro,0.9996913678285081,11.0,,,,
278,mixed_evidence,confirmation,pro,0.9999517628876908,12.0,,,,
279,mixed_evidence,confirmation,con,0.3,0.0,,,,
279,mixed_evidence,confirmation,con,0.06698214030091926,1.0,,,,
279,mixed_evidence,confirmation,con,0.011882923930456774,2.0,,,,
279,mixed_evidence,confirmation,con,0.017807376409303764,3.0,,,,
279,mixed_evidence,confirmation,con,0.0030278346371637155,4.0,,,,
279,mixed_evidence,confirmation,con,0.0005084802417297225,5.0,,,,
279,mixed_evidence,confirmation,con,0.0007663909357652355,6.0,,,,
279,mixed_evidence,confirmation,con,0.00012846161620427274,7.0,,,,
279,mixed_evidence,confirmation,con,2.152116006672815e-05,8.0,,,,
279,mixed_evidence,confirmation,con,3.244511303796588e-05,9.0,,,,
279,mixed_evidence,confirmation,con,4.891369794429414e-05,10.0,,,,
279,mixed_evidence,confirmation,con,7.374083867632025e-05,11.0,,,,
279,mixed_evidence,confirmation,con,0.00011116809792150267,12.0,,,,
280,mixed_evidence,confirmation,pro,0.7,0.0,,,,
280,mixed_evidence,confirmation,pro,0.932929709126704,1.0,,,,
280,mixed_evidence,confirmation,pro,0.98808392706056,2.0,,,,
280,mixed_evidence,confirmation,pro,0.9979810773674964,3.0,,,,
280,mixed_evidence,confirmation,pro,0.9969550965318404,4.0,,,,
280,mixed_evidence,confirmation,pro,0.9954101282833587,5.0,,,,
280,mixed_evidence,confirmation,pro,0.9930866871072412,6.0,,,,
280,mixed_evidence,confirmation,pro,0.9988335926569136,7.0,,,,
280,mixed_evidence,confirmation,pro,0.9982400810414875,8.0,,,,
280,mixed_evidence,confirmation,pro,0.9997043435915348,9.0,,,,
280,mixed_evidence,confirmation,pro,0.9999503919421785,10.0,,,,
280,mixed_evidence,confirmation,pro,0.9999251069006153,11.0,,,,
280,mixed_evidence,confirmation,pro,0.9998869356251313,12.0,,,,
281,mixed_evidence,confirmation,con,0.3,0.0,,,,
281,mixed_evidence,confirmation,con,0.06780379326656465,1.0,,,,
281,mixed_evidence,confirmation,con,0.09999070050807446,2.0,,,,
281,mixed_evidence,confirmation,con,0.018506466342747774,3.0,,,,
281,mixed_evidence,confirmation,con,0.0279943759834259,4.0,,,,
281,mixed_evidence,confirmation,con,0.004864159710868805,5.0,,,,
281,mixed_evidence,confirmation,con,0.007410729970683817,6.0,,,,
281,mixed_evidence,confirmation,con,0.011275419234962478,7.0,,,,
281,mixed_evidence,confirmation,con,0.017120777218771237,8.0,,,,
281,mixed_evidence,confirmation,con,0.025917029716369767,9.0,,,,
281,mixed_evidence,confirmation,con,0.004495272749581172,10.0,,,,
281,mixed_evidence,confirmation,con,0.000765779021830179,11.0,,,,
281,mixed_evidence,confirmation,con,0.00013004783545827813,12.0,,,,
282,mixed_evidence,confirmation,pro,0.7,0.0,,,,
282,mixed_evidence,confirmation,pro,0.5876053209466112,1.0,,,,
282,mixed_evidence,confirmation,pro,0.46526888140896255,2.0,,,,
282,mixed_evidence,confirmation,pro,0.13667918195191,3.0,,,,
282,mixed_evidence,confirmation,pro,0.20588235294117646,4.0,,,,
282,mixed_evidence,confirmation,pro,0.04504818952374735,5.0,,,,
282,mixed_evidence,confirmation,pro,0.07171060594140728,6.0,,,,
282,mixed_evidence,confirmation,pro,0.11229783909236321,7.0,,,,
282,mixed_evidence,confirmation,pro,0.022499998958688185,8.0,,,,
282,mixed_evidence,confirmation,pro,0.03632458244952564,9.0,,,,
282,mixed_evidence,confirmation,pro,0.05813814582248379,10.0,,,,
282,mixed_evidence,confirmation,pro,0.09180324510799388,11.0,,,,
282,mixed_evidence,confirmation,pro,0.01806028184598438,12.0,,,,
283,mixed_evidence,confirmation,con,0.3,0.0,,,,
283,mixed_evidence,confirmation,con,0.08611704418157706,1.0,,,,
283,mixed_evidence,confirmation,con,0.020298668825563974,2.0,,,,
283,mixed_evidence,confirmation,con,0.039385889114531544,3.0,,,,
283,mixed_evidence,confirmation,con,0.008934482049618048,4.0,,,,
283,mixed_evidence,confirmation,con,0.017526916102734005,5.0,,,,
283,mixed_evidence,confirmation,con,0.003907149169859268,6.0,,,,
283,mixed_evidence,confirmation,con,0.007702292184485295,7.0,,,,
283,mixed_evidence,confirmation,con,0.015127797870922326,8.0,,,,
283,mixed_evidence,confirmation,con,0.0033659439466805444,9.0,,,,
283,mixed_evidence,confirmation,con,0.00663890015203241,10.0,,,,
283,mixed_evidence,confirmation,con,0.013052712663954809,11.0,,,,
283,mixed_evidence,confirmation,con,0.002899486443928028,12.0,,,,
284,mixed_evidence,confirmation,pro,0.7,0.0,,,,
284,mixed_evidence,confirmation,pro,0.5220725721038942,1.0,,,,
284,mixed_evidence,confirmation,pro,0.3383619568875643,2.0,,,,
284,mixed_evidence,confirmation,pro,0.5220725721038942,3.0,,,,
284,mixed_evidence,confirmation,pro,0.3383619568875643,4.0,,,,
284,mixed_evidence,confirmation,pro,0.5220725721038942,5.0,,,,
284,mixed_evidence,confirmation,pro,0.8215115544992336,6.0,,,,
284,mixed_evidence,confirmation,pro,0.683017081852807,7.0,,,,
284,mixed_evidence,confirmation,pro,0.9007822308558403,8.0,,,,
284,mixed_evidence,confirmation,pro,0.9745242115274987,9.0,,,,
284,mixed_evidence,confirmation,pro,0.9938338492420375,10.0,,,,
284,mixed_evidence,confirmation,pro,0.986920522438084,11.0,,,,
284,mixed_evidence,confirmation,pro,0.9724708580105244,12.0,,,,
285,mixed_evidence,confirmation,con,0.3,0.0,,,,
285,mixed_evidence,confirmation,con,0.3979620022474264,1.0,,,,
285,mixed_evidence,confirmation,con,0.5048422969394327,2.0,,,,
285,mixed_evidence,confirmation,con,0.8560990102614247,3.0,,,,
285,mixed_evidence,confirmation,con,0.7941176470588235,4.0,,,,
285,mixed_evidence,confirmation,con,0.7143473752332761,5.0,,,,
285,mixed_evidence,confirmation,con,0.6185171591970597,6.0,,,,
285,mixed_evidence,confirmation,con,0.9044044001801027,7.0,,,,
285,mixed_evidence,confirmation,con,0.8598224386420312,8.0,,,,
285,mixed_evidence,confirmation,con,0.9728197111490433,9.0,,,,
285,mixed_evidence,confirmation,con,0.9952346022694484,10.0,,,,
285,mixed_evidence,confirmation,con,0.9926688422127614,11.0,,,,
285,mixed_evidence,confirmation,con,0.9887372726096665,12.0,,,,
286,mixed_evidence,confirmation,pro,0.7,0.0,,,,
286,mixed_evidence,confirmation,pro,0.5805738841825878,1.0,,,,
286,mixed_evidence,confirmation,pro,0.4508991324829643,2.0,,,,
286,mixed_evidence,confirmation,pro,0.5805738841825877,3.0,,,,
286,mixed_evidence,confirmation,pro,0.4508991324829642,4.0,,,,
286,mixed_evidence,confirmation,pro,0.13329951193443906,5.0,,,,
286,mixed_evidence,confirmation,pro,0.027999999999999962,6.0,,,,
286,mixed_evidence,confirmation,pro,0.046309895452942465,7.0,,,,
286,mixed_evidence,confirmation,pro,0.07566107763990211,8.0,,,,
286,mixed_evidence,confirmation,pro,0.12124990929272832,9.0,,,,
286,mixed_evidence,confirmation,pro,0.02519226716862954,10.0,,,,
286,mixed_evidence,confirmation,pro,0.04174496998145633,11.0,,,,
286,mixed_evidence,confirmation,pro,0.06841044475084372,12.0,,,,
287,mixed_evidence,confirmation,con,0.3,0.0,,,,
287,mixed_evidence,confirmation,con,0.06477910499926559,1.0,,,,
287,mixed_evidence,confirmation,con,0.011070912552030474,2.0,,,,
287,mixed_evidence,confirmation,con,0.01602297896216448,3.0,,,,
287,mixed_evidence,confirmation,con,0.0026249095976187417,4.0,,,,
287,mixed_evidence,confirmation,con,0.003813611718525234,5.0,,,,
287,mixed_evidence,confirmation,con,0.005537634138716427,6.0,,,,
287,mixed_evidence,confirmation,con,0.008034750619376415,7.0,,,,
287,mixed_evidence,confirmation,con,0.0013073904460493186,8.0,,,,
287,mixed_evidence,confirmation,con,0.00021153348317298553,9.0,,,,
287,mixed_evidence,confirmation,con,0.000307664506747869,10.0,,,,
287,mixed_evidence,confirmation,con,4.973784457300292e-05,11.0,,,,
287,mixed_evidence,confirmation,con,7.234644214229968e-05,12.0,,,,
288,mixed_evidence,confirmation,pro,0.7,0.0,,,,
288,mixed_evidence,confirmation,pro,0.6305429383175188,1.0,,,,
288,mixed_evidence,confirmation,pro,0.5552227021131784,2.0,,,,
288,mixed_evidence,confirmation,pro,0.8915110048303968,3.0,,,,
288,mixed_evidence,confirmation,pro,0.8573580410052951,4.0,,,,
288,mixed_evidence,confirmation,pro,0.9753493237435144,5.0,,,,
288,mixed_evidence,confirmation,pro,0.9666003667921836,6.0,,,,
288,mixed_evidence,confirmation,pro,0.9947783871973083,7.0,,,,
288,mixed_evidence,confirmation,pro,0.9928747699742357,8.0,,,,
288,mixed_evidence,confirmation,pro,0.9989110327825661,9.0,,,,
288,mixed_evidence,confirmation,pro,0.998511779510147,10.0,,,,
288,mixed_evidence,confirmation,pro,0.9997736401744342,11.0,,,,
288,mixed_evidence,confirmation,pro,0.9999656072966875,12.0,,,,
289,mixed_evidence,confirmation,con,0.3,0.0,,,,
289,mixed_evidence,confirmation,con,0.07235945391391906,1.0,,,,
289,mixed_evidence,confirmation,con,0.11329935433953663,2.0,,,,
289,mixed_evidence,confirmation,con,0.17308061698375563,3.0,,,,
289,mixed_evidence,confirmation,con,0.03669781045635575,4.0,,,,
289,mixed_evidence,confirmation,con,0.006886032039206913,5.0,,,,
289,mixed_evidence,confirmation,con,0.011230519705268947,6.0,,,,
289,mixed_evidence,confirmation,con,0.01826558843967531,7.0,,,,
289,mixed_evidence,confirmation,con,0.00337492252627521,8.0,,,,
289,mixed_evidence,confirmation,con,0.0006159660087534368,9.0,,,,
289,mixed_evidence,confirmation,con,0.00011216773917395346,10.0,,,,
289,mixed_evidence,confirmation,con,0.00018372647249204047,11.0,,,,
289,mixed_evidence,confirmation,con,0.00030092320525470584,12.0,,,,
290,mixed_evidence,confirmation,pro,0.7,0.0,,,,
290,mixed_evidence,confirmation,pro,0.8877478950466129,1.0,,,,
290,mixed_evidence,confirmation,pro,0.7486374696456053,2.0,,,,
290,mixed_evidence,confirmation,pro,0.9098661134667565,3.0,,,,
290,mixed_evidence,confirmation,pro,0.7917356462295768,4.0,,,,
290,mixed_evidence,confirmation,pro,0.5887589809738587,5.0,,,,
290,mixed_evidence,confirmation,pro,0.8291308744919662,6.0,,,,
290,mixed_evidence,confirmation,pro,0.9426824574018157,7.0,,,,
290,mixed_evidence,confirmation,pro,0.982376915903865,8.0,,,,
290,mixed_evidence,confirmation,pro,0.9947350673379136,9.0,,,,
290,mixed_evidence,confirmation,pro,0.9861404760110846,10.0,,,,
290,mixed_evidence,confirmation,pro,0.9640233101459695,11.0,,,,
290,mixed_evidence,confirmation,pro,0.9098383137787258,12.0,,,,
291,mixed_evidence,confirmation,con,0.3,0.0,,,,
291,mixed_evidence,confirmation,con,0.38189821287243625,1.0,,,,
291,mixed_evidence,confirmation,con,0.47110717248468886,2.0,,,,
291,mixed_evidence,confirmation,con,0.5622007746700866,3.0,,,,
291,mixed_evidence,confirmation,con,0.4711071724846889,4.0,,,,
291,mixed_evidence,confirmation,con,0.12486708167120428,5.0,,,,
291,mixed_evidence,confirmation,con,0.022345055877670123,6.0,,,,
291,mixed_evidence,confirmation,con,0.0036477967516967895,7.0,,,,
291,mixed_evidence,confirmation,con,0.005250442581619369,8.0,,,,
291,mixed_evidence,confirmation,con,0.007551867987587644,9.0,,,,
291,mixed_evidence,confirmation,con,0.010851072555912172,10.0,,,,
291,mixed_evidence,confirmation,con,0.0017541648024006005,11.0,,,,
291,mixed_evidence,confirmation,con,0.0002814054850060203,12.0,,,,
292,mixed_evidence,confirmation,pro,0.7,0.0,,,,
292,mixed_evidence,confirmation,pro,0.5638102148925707,1.0,,,,
292,mixed_evidence,confirmation,pro,0.8656703400391033,2.0,,,,
292,mixed_evidence,confirmation,pro,0.7811788916684764,3.0,,,,
292,mixed_evidence,confirmation,pro,0.946804388833262,4.0,,,,
292,mixed_evidence,confirmation,pro,0.9079166987743091,5.0,,,,
292,mixed_evidence,confirmation,pro,0.8452473692739976,6.0,,,,
292,mixed_evidence,confirmation,pro,0.964578368725073,7.0,,,,
292,mixed_evidence,confirmation,pro,0.9378308552473033,8.0,,,,
292,mixed_evidence,confirmation,pro,0.9868782791962286,9.0,,,,
292,mixed_evidence,confirmation,pro,0.9973402099436147,10.0,,,,
292,mixed_evidence,confirmation,pro,0.999465375804851,11.0,,,,
292,mixed_evidence,confirmation,pro,0.9990353249709675,12.0,,,,
293,mixed_evidence,confirmation,con,0.3,0.0,,,,
293,mixed_evidence,confirmation,con,0.47914535402358294,1.0,,,,
293,mixed_evidence,confirmation,con,0.6638198988966365,2.0,,,,
293,mixed_evidence,confirmation,con,0.47914535402358294,3.0,,,,
293,mixed_evidence,confirmation,con,0.6638198988966365,4.0,,,,
293,mixed_evidence,confirmation,con,0.47914535402358294,5.0,,,,
293,mixed_evidence,confirmation,con,0.6638198988966365,6.0,,,,
293,mixed_evidence,confirmation,con,0.47914535402358294,7.0,,,,
293,mixed_evidence,confirmation,con,0.17992425771094134,8.0,,,,
293,mixed_evidence,confirmation,con,0.32016146379108507,9.0,,,,
293,mixed_evidence,confirmation,con,0.5027002167803267,10.0,,,,
293,mixed_evidence,confirmation,con,0.32016146379108495,11.0,,,,
293,mixed_evidence,confirmation,con,0.10097629597817012,12.0,,,,
294,mixed_evidence,confirmation,pro,0.7,0.0,,,,
294,mixed_evidence,confirmation,pro,0.5963185765954344,1.0,,,,
294,mixed_evidence,confirmation,pro,0.48325631682167963,2.0,,,,
294,mixed_evidence,confirmation,pro,0.5963185765954344,3.0,,,,
294,mixed_evidence,confirmation,pro,0.48325631682167963,4.0,,,,
294,mixed_evidence,confirmation,pro,0.5963185765954344,5.0,,,,
294,mixed_evidence,confirmation,pro,0.8938063467473589,6.0,,,,
294,mixed_evidence,confirmation,pro,0.9795738271862734,7.0,,,,
294,mixed_evidence,confirmation,pro,0.9681130404981637,8.0,,,,
294,mixed_evidence,confirmation,pro,0.9942525071917477,9.0,,,,
294,mixed_evidence,confirmation,pro,0.9909516081570824,10.0,,,,
294,mixed_evidence,confirmation,pro,0.998400006458716,11.0,,,,
294,mixed_evidence,confirmation,pro,0.9974750492786223,12.0,,,,
295,mixed_evidence,confirmation,con,0.3,0.0,,,,
295,mixed_evidence,confirmation,con,0.4853369521758739,1.0,,,,
295,mixed_evidence,confirmation,con,0.1873587153055819,2.0,,,,
295,mixed_evidence,confirmation,con,0.053359848239100206,3.0,,,,
295,mixed_evidence,confirmation,con,0.013593776186193474,4.0,,,,
295,mixed_evidence,confirmation,con,0.029431188426055698,5.0,,,,
295,mixed_evidence,confirmation,con,0.007359160143209787,6.0,,,,
295,mixed_evidence,confirmation,con,0.016051136905723077,7.0,,,,
295,mixed_evidence,confirmation,con,0.034650923403711564,8.0,,,,
295,mixed_evidence,confirmation,con,0.07320039479853532,9.0,,,,
295,mixed_evidence,confirmation,con,0.01894418586506878,10.0,,,,
295,mixed_evidence,confirmation,con,0.004698847861152208,11.0,,,,
295,mixed_evidence,confirmation,con,0.010281247926163079,12.0,,,,
296,mixed_evidence,confirmation,pro,0.7,0.0,,,,
296,mixed_evidence,confirmation,pro,0.521240913445106,1.0,,,,
296,mixed_evidence,confirmation,pro,0.820532054035371,2.0,,,,
296,mixed_evidence,confirmation,pro,0.6808483730504696,3.0,,,,
296,mixed_evidence,confirmation,pro,0.8995843594336113,4.0,,,,
296,mixed_evidence,confirmation,pro,0.974107199302361,5.0,,,,
296,mixed_evidence,confirmation,pro,0.9937100849333577,6.0,,,,
296,mixed_evidence,confirmation,pro,0.9866159201014525,7.0,,,,
296,mixed_evidence,confirmation,pro,0.9717479887948346,8.0,,,,
296,mixed_evidence,confirmation,pro,0.9413456587887251,9.0,,,,
296,mixed_evidence,confirmation,pro,0.9853793293810881,10.0,,,,
296,mixed_evidence,confirmation,pro,0.9691806208977409,11.0,,,,
296,mixed_evidence,confirmation,pro,0.9924845373466809,12.0,,,,
297,mixed_evidence,confirmation,con,0.3,0.0,,,,
297,mixed_evidence,confirmation,con,0.47540606408348085,1.0,,,,
297,mixed_evidence,confirmation,con,0.17554355706799823,2.0,,,,
297,mixed_evidence,confirmation,con,0.04764232956249748,3.0,,,,
297,mixed_evidence,confirmation,con,0.011616997608955014,4.0,,,,
297,mixed_evidence,confirmation,con,0.024250745636037876,5.0,,,,
297,mixed_evidence,confirmation,con,0.005805424540552848,6.0,,,,
297,mixed_evidence,confirmation,con,0.012196948638107788,7.0,,,,
297,mixed_evidence,confirmation,con,0.0028926671834150195,8.0,,,,
297,mixed_evidence,confirmation,con,0.0006811399754632556,9.0,,,,
297,mixed_evidence,confirmation,con,0.0014392128549762305,10.0,,,,
297,mixed_evidence,confirmation,con,0.003038415636101903,11.0,,,,
297,mixed_evidence,confirmation,con,0.006403201637942551,12.0,,,,
298,mixed_evidence,confirmation,pro,0.7,0.0,,,,
298,mixed_evidence,confirmation,pro,0.9174446593130015,1.0,,,,
298,mixed_evidence,confirmation,pro,0.9814570562341745,2.0,,,,
298,mixed_evidence,confirmation,pro,0.9655287385605906,3.0,,,,
298,mixed_evidence,confirmation,pro,0.9367991320095517,4.0,,,,
298,mixed_evidence,confirmation,pro,0.8869292823572684,5.0,,,,
298,mixed_evidence,confirmation,pro,0.9739305875581211,6.0,,,,
298,mixed_evidence,confirmation,pro,0.9518542155769795,7.0,,,,
298,mixed_evidence,confirmation,pro,0.9127575496620535,8.0,,,,
298,mixed_evidence,confirmation,pro,0.9803263393987991,9.0,,,,
298,mixed_evidence,confirmation,pro,0.9958040483667502,10.0,,,,
298,mixed_evidence,confirmation,pro,0.9991160766317086,11.0,,,,
298,mixed_evidence,confirmation,pro,0.9983309943202083,12.0,,,,
299,mixed_evidence,confirmation,con,0.3,0.0,,,,
299,mixed_evidence,confirmation,con,0.5256475784264165,1.0,,,,
299,mixed_evidence,confirmation,con,0.30000000000000004,2.0,,,,
299,mixed_evidence,confirmation,con,0.5256475784264165,3.0,,,,
299,mixed_evidence,confirmation,con,0.7941176470588236,4.0,,,,
299,mixed_evidence,confirmation,con,0.9306794169557179,5.0,,,,
299,mixed_evidence,confirmation,con,0.8385115462298374,6.0,,,,
299,mixed_evidence,confirmation,con,0.947570949953592,7.0,,,,
299,mixed_evidence,confirmation,con,0.8748415985137663,8.0,,,,
299,mixed_evidence,confirmation,con,0.7299727644239493,9.0,,,,
299,mixed_evidence,confirmation,con,0.9039348498744267,10.0,,,,
299,mixed_evidence,confirmation,con,0.7844436509805249,11.0,,,,
299,mixed_evidence,confirmation,con,0.5846214064282649,12.0,,,,
0,cab_problem,base_rate_neglect,frequency,55.4,,41.4,,,
1,cab_problem,base_rate_neglect,probability,54.9,,41.4,,,
2,cab_problem,base_rate_neglect,frequency,58.2,,41.4,,,
3,cab_problem,base_rate_neglect,probability,79.0,,41.4,,,
4,cab_problem,base_rate_neglect,probability,74.5,,41.4,,,
5,cab_problem,base_rate_neglect,frequency,58.7,,41.4,,,
6,cab_problem,base_rate_neglect,frequency,53.6,,41.4,,,
7,cab_problem,base_rate_neglect,frequency,66.5,,41.4,,,
8,cab_problem,base_rate_neglect,probability,73.0,,41.4,,,
9,cab_problem,base_rate_neglect,frequency,57.7,,41.4,,,
10,cab_problem,base_rate_neglect,frequency,51.2,,41.4,,,
11,cab_problem,base_rate_neglect,probability,64.3,,41.4,,,
12,cab_problem,base_rate_neglect,frequency,60.9,,41.4,,,
13,cab_problem,base_rate_neglect,frequency,57.8,,41.4,,,
14,cab_problem,base_rate_neglect,probability,66.8,,41.4,,,
15,cab_problem,base_rate_neglect,probability,73.8,,41.4,,,
16,cab_problem,base_rate_neglect,frequency,61.5,,41.4,,,
17,cab_problem,base_rate_neglect,frequency,55.4,,41.4,,,
18,cab_problem,base_rate_neglect,frequency,54.7,,41.4,,,
19,cab_problem,base_rate_neglect,probability,74.0,,41.4,,,
20,cab_problem,base_rate_neglect,probability,64.1,,41.4,,,
21,cab_problem,base_rate_neglect,frequency,58.8,,41.4,,,
22,cab_problem,base_rate_neglect,frequency,58.9,,41.4,,,
23,cab_problem,base_rate_neglect,probability,65.4,,41.4,,,
24,cab_problem,base_rate_neglect,frequency,61.5,,41.4,,,
25,cab_problem,base_rate_neglect,probability,81.1,,41.4,,,
26,cab_problem,base_rate_neglect,frequency,58.7,,41.4,,,
27,cab_problem,base_rate_neglect,frequency,52.4,,41.4,,,
28,cab_problem,base_rate_neglect,probability,69.7,,41.4,,,
29,cab_problem,base_rate_neglect,frequency,50.4,,41.4,,,
30,cab_problem,base_rate_neglect,frequency,47.7,,41.4,,,
31,cab_problem,base_rate_neglect,probability,74.7,,41.4,,,
32,cab_problem,base_rate_neglect,frequency,52.9,,41.4,,,
33,cab_problem,base_rate_neglect,probability,65.2,,41.4,,,
34,cab_problem,base_rate_neglect,probability,59.2,,41.4,,,
35,cab_problem,base_rate_neglect,frequency,56.9,,41.4,,,
36,cab_problem,base_rate_neglect,probability,66.7,,41.4,,,
37,cab_problem,base_rate_neglect,frequency,63.5,,41.4,,,
38,cab_problem,base_rate_neglect,frequency,58.0,,41.4,,,
39,cab_problem,base_rate_neglect,probability,76.9,,41.4,,,
40,cab_problem,base_rate_neglect,probability,82.0,,41.4,,,
41,cab_problem,base_rate_neglect,frequency,58.3,,41.4,,,
42,cab_problem,base_rate_neglect,frequency,59.0,,41.4,,,
43,cab_problem,base_rate_neglect,frequency,53.7,,41.4,,,
44,cab_problem,base_rate_neglect,probability,82.8,,41.4,,,
45,cab_problem,base_rate_neglect,frequency,51.4,,41.4,,,
46,cab_problem,base_rate_neglect,probability,76.6,,41.4,,,
47,cab_problem,base_rate_neglect,probability,64.1,,41.4,,,
48,cab_problem,base_rate_neglect,probability,74.3,,41.4,,,
49,cab_problem,base_rate_neglect,probability,76.8,,41.4,,,
50,cab_problem,base_rate_neglect,frequency,67.0,,41.4,,,
51,cab_problem,base_rate_neglect,frequency,54.3,,41.4,,,
52,cab_problem,base_rate_neglect,frequency,51.9,,41.4,,,
53,cab_problem,base_rate_neglect,frequency,62.3,,41.4,,,
54,cab_problem,base_rate_neglect,probability,74.8,,41.4,,,
55,cab_problem,base_rate_neglect,probability,62.8,,41.4,,,
56,cab_problem,base_rate_neglect,probability,70.1,,41.4,,,
57,cab_problem,base_rate_neglect,frequency,46.3,,41.4,,,
58,cab_problem,base_rate_neglect,frequency,52.8,,41.4,,,
59,cab_problem,base_rate_neglect,probability,67.3,,41.4,,,
60,cab_problem,base_rate_neglect,frequency,54.4,,41.4,,,
61,cab_problem,base_rate_neglect,frequency,49.7,,41.4,,,
62,cab_problem,base_rate_neglect,probability,65.2,,41.4,,,
63,cab_problem,base_rate_neglect,probability,85.0,,41.4,,,
64,cab_problem,base_rate_neglect,probability,77.3,,41.4,,,
65,cab_problem,base_rate_neglect,frequency,46.0,,41.4,,,
66,cab_problem,base_rate_neglect,frequency,67.3,,41.4,,,
67,cab_problem,base_rate_neglect,probability,78.4,,41.4,,,
68,cab_problem,base_rate_neglect,frequency,60.0,,41.4,,,
69,cab_problem,base_rate_neglect,frequency,50.7,,41.4,,,
70,cab_problem,base_rate_neglect,probability,84.9,,41.4,,,
71,cab_problem,base_rate_neglect,frequency,47.9,,41.4,,,
72,cab_problem,base_rate_neglect,probability,69.3,,41.4,,,
73,cab_problem,base_rate_neglect,frequency,55.2,,41.4,,,
74,cab_problem,base_rate_neglect,probability,80.6,,41.4,,,
75,cab_problem,base_rate_neglect,frequency,55.3,,41.4,,,
76,cab_problem,base_rate_neglect,probability,76.8,,41.4,,,
77,cab_problem,base_rate_neglect,frequency,54.5,,41.4,,,
78,cab_problem,base_rate_neglect,frequency,56.5,,41.4,,,
79,cab_problem,base_rate_neglect,probability,66.4,,41.4,,,
80,cab_problem,base_rate_neglect,frequency,48.5,,41.4,,,
81,cab_problem,base_rate_neglect,probability,66.2,,41.4,,,
82,cab_problem,base_rate_neglect,probability,79.6,,41.4,,,
83,cab_problem,base_rate_neglect,probability,82.7,,41.4,,,
84,cab_problem,base_rate_neglect,probability,72.5,,41.4,,,
85,cab_problem,base_rate_neglect,frequency,59.0,,41.4,,,
86,cab_problem,base_rate_neglect,probability,74.6,,41.4,,,
87,cab_problem,base_rate_neglect,frequency,49.4,,41.4,,,
88,cab_problem,base_rate_neglect,frequency,42.2,,41.4,,,
89,cab_problem,base_rate_neglect,frequency,50.1,,41.4,,,
90,cab_problem,base_rate_neglect,probability,68.4,,41.4,,,
91,cab_problem,base_rate_neglect,probability,65.8,,41.4,,,
92,cab_problem,base_rate_neglect,frequency,53.4,,41.4,,,
93,cab_problem,base_rate_neglect,frequency,58.8,,41.4,,,
94,cab_problem,base_rate_neglect,frequency,59.0,,41.4,,,
95,cab_problem,base_rate_neglect,frequency,60.0,,41.4,,,
96,cab_problem,base_rate_neglect,probability,67.2,,41.4,,,
97,cab_problem,base_rate_neglect,frequency,47.9,,41.4,,,
98,cab_problem,base_rate_neglect,frequency,49.8,,41.4,,,
99,cab_problem,base_rate_neglect,frequency,58.0,,41.4,,,
100,cab_problem,base_rate_neglect,frequency,48.1,,41.4,,,
101,cab_problem,base_rate_neglect,frequency,54.1,,41.4,,,
102,cab_problem,base_rate_neglect,probability,74.7,,41.4,,,
103,cab_problem,base_rate_neglect,probability,82.9,,41.4,,,
104,cab_problem,base_rate_neglect,frequency,55.5,,41.4,,,
105,cab_problem,base_rate_neglect,frequency,54.1,,41.4,,,
106,cab_problem,base_rate_neglect,probability,78.2,,41.4,,,
107,cab_problem,base_rate_neglect,frequency,59.5,,41.4,,,
108,cab_problem,base_rate_neglect,frequency,59.5,,41.4,,,
109,cab_problem,base_rate_neglect,frequency,58.8,,41.4,,,
110,cab_problem,base_rate_neglect,frequency,60.1,,41.4,,,
111,cab_problem,base_rate_neglect,probability,86.7,,41.4,,,
112,cab_problem,base_rate_neglect,probability,72.5,,41.4,,,
113,cab_problem,base_rate_neglect,probability,74.8,,41.4,,,
114,cab_problem,base_rate_neglect,frequency,58.1,,41.4,,,
115,cab_problem,base_rate_neglect,frequency,63.6,,41.4,,,
116,cab_problem,base_rate_neglect,probability,70.7,,41.4,,,
117,cab_problem,base_rate_neglect,probability,72.1,,41.4,,,
118,cab_problem,base_rate_neglect,frequency,49.1,,41.4,,,
119,cab_problem,base_rate_neglect,frequency,58.8,,41.4,,,
120,cab_problem,base_rate_neglect,frequency,56.8,,41.4,,,
121,cab_problem,base_rate_neglect,probability,67.9,,41.4,,,
122,cab_problem,base_rate_neglect,frequency,58.0,,41.4,,,
123,cab_problem,base_rate_neglect,probability,82.3,,41.4,,,
124,cab_problem,base_rate_neglect,probability,61.1,,41.4,,,
125,cab_problem,base_rate_neglect,probability,72.7,,41.4,,,
126,cab_problem,base_rate_neglect,frequency,60.1,,41.4,,,
127,cab_problem,base_rate_neglect,frequency,55.8,,41.4,,,
128,cab_problem,base_rate_neglect,frequency,67.3,,41.4,,,
129,cab_problem,base_rate_neglect,frequency,59.5,,41.4,,,
130,cab_problem,base_rate_neglect,probability,75.2,,41.4,,,
131,cab_problem,base_rate_neglect,probability,72.1,,41.4,,,
132,cab_problem,base_rate_neglect,probability,74.9,,41.4,,,
133,cab_problem,base_rate_neglect,probability,83.0,,41.4,,,
134,cab_problem,base_rate_neglect,probability,71.8,,41.4,,,
135,cab_problem,base_rate_neglect,frequency,57.5,,41.4,,,
136,cab_problem,base_rate_neglect,frequency,49.6,,41.4,,,
137,cab_problem,base_rate_neglect,frequency,56.2,,41.4,,,
138,cab_problem,base_rate_neglect,probability,71.4,,41.4,,,
139,cab_problem,base_rate_neglect,probability,78.8,,41.4,,,
140,cab_problem,base_rate_neglect,frequency,54.8,,41.4,,,
141,cab_problem,base_rate_neglect,probability,70.3,,41.4,,,
142,cab_problem,base_rate_neglect,frequency,55.4,,41.4,,,
143,cab_problem,base_rate_neglect,probability,74.1,,41.4,,,
144,cab_problem,base_rate_neglect,probability,78.5,,41.4,,,
145,cab_problem,base_rate_neglect,probability,84.7,,41.4,,,
146,cab_problem,base_rate_neglect,frequency,58.4,,41.4,,,
147,cab_problem,base_rate_neglect,probability,79.8,,41.4,,,
148,cab_problem,base_rate_neglect,frequency,51.9,,41.4,,,
149,cab_problem,base_rate_neglect,probability,70.2,,41.4,,,
150,cab_problem,base_rate_neglect,probability,78.3,,41.4,,,
151,cab_problem,base_rate_neglect,frequency,58.6,,41.4,,,
152,cab_problem,base_rate_neglect,frequency,53.1,,41.4,,,
153,cab_problem,base_rate_neglect,frequency,56.6,,41.4,,,
154,cab_problem,base_rate_neglect,probability,72.4,,41.4,,,
155,cab_problem,base_rate_neglect,frequency,53.1,,41.4,,,
156,cab_problem,base_rate_neglect,probability,68.0,,41.4,,,
157,cab_problem,base_rate_neglect,probability,80.4,,41.4,,,
158,cab_problem,base_rate_neglect,frequency,52.8,,41.4,,,
159,cab_problem,base_rate_neglect,probability,74.2,,41.4,,,
160,cab_problem,base_rate_neglect,frequency,55.2,,41.4,,,
161,cab_problem,base_rate_neglect,frequency,51.1,,41.4,,,
162,cab_problem,base_rate_neglect,frequency,55.1,,41.4,,,
163,cab_problem,base_rate_neglect,probability,59.4,,41.4,,,
164,cab_problem,base_rate_neglect,frequency,51.9,,41.4,,,
165,cab_problem,base_rate_neglect,probability,64.6,,41.4,,,
166,cab_problem,base_rate_neglect,probability,74.2,,41.4,,,
167,cab_problem,base_rate_neglect,probability,74.3,,41.4,,,
168,cab_problem,base_rate_neglect,frequency,49.1,,41.4,,,
169,cab_problem,base_rate_neglect,frequency,62.8,,41.4,,,
170,cab_problem,base_rate_neglect,probability,70.4,,41.4,,,
171,cab_problem,base_rate_neglect,probability,74.4,,41.4,,,
172,cab_problem,base_rate_neglect,frequency,54.7,,41.4,,,
173,cab_problem,base_rate_neglect,probability,82.1,,41.4,,,
174,cab_problem,base_rate_neglect,frequency,51.8,,41.4,,,
175,cab_problem,base_rate_neglect,frequency,54.1,,41.4,,,
176,cab_problem,base_rate_neglect,frequency,49.4,,41.4,,,
177,cab_problem,base_rate_neglect,frequency,58.2,,41.4,,,
178,cab_problem,base_rate_neglect,frequency,53.8,,41.4,,,
179,cab_problem,base_rate_neglect,probability,75.7,,41.4,,,
180,cab_problem,base_rate_neglect,frequency,58.3,,41.4,,,
181,cab_problem,base_rate_neglect,probability,78.3,,41.4,,,
182,cab_problem,base_rate_neglect,frequency,57.2,,41.4,,,
183,cab_problem,base_rate_neglect,probability,70.7,,41.4,,,
184,cab_problem,base_rate_neglect,frequency,59.5,,41.4,,,
185,cab_problem,base_rate_neglect,probability,62.6,,41.4,,,
186,cab_problem,base_rate_neglect,frequency,56.6,,41.4,,,
187,cab_problem,base_rate_neglect,probability,84.2,,41.4,,,
188,cab_problem,base_rate_neglect,probability,71.9,,41.4,,,
189,cab_problem,base_rate_neglect,probability,61.2,,41.4,,,
190,cab_problem,base_rate_neglect,frequency,67.2,,41.4,,,
191,cab_problem,base_rate_neglect,probability,68.4,,41.4,,,
192,cab_problem,base_rate_neglect,probability,82.8,,41.4,,,
193,cab_problem,base_rate_neglect,frequency,49.9,,41.4,,,
194,cab_problem,base_rate_neglect,probability,81.2,,41.4,,,
195,cab_problem,base_rate_neglect,frequency,49.2,,41.4,,,
196,cab_problem,base_rate_neglect,frequency,54.8,,41.4,,,
197,cab_problem,base_rate_neglect,frequency,51.2,,41.4,,,
198,cab_problem,base_rate_neglect,probability,75.6,,41.4,,,
199,cab_problem,base_rate_neglect,frequency,58.8,,41.4,,,
200,cab_problem,base_rate_neglect,probability,70.2,,41.4,,,
201,cab_problem,base_rate_neglect,probability,76.4,,41.4,,,
202,cab_problem,base_rate_neglect,probability,72.9,,41.4,,,
203,cab_problem,base_rate_neglect,frequency,52.2,,41.4,,,
204,cab_problem,base_rate_neglect,frequency,57.0,,41.4,,,
205,cab_problem,base_rate_neglect,probability,75.4,,41.4,,,
206,cab_problem,base_rate_neglect,probability,70.5,,41.4,,,
207,cab_problem,base_rate_neglect,probability,68.3,,41.4,,,
208,cab_problem,base_rate_neglect,probability,77.0,,41.4,,,
209,cab_problem,base_rate_neglect,probability,81.2,,41.4,,,
210,cab_problem,base_rate_neglect,frequency,60.9,,41.4,,,
211,cab_problem,base_rate_neglect,frequency,57.9,,41.4,,,
212,cab_problem,base_rate_neglect,frequency,56.5,,41.4,,,
213,cab_problem,base_rate_neglect,frequency,59.1,,41.4,,,
214,cab_problem,base_rate_neglect,frequency,56.9,,41.4,,,
215,cab_problem,base_rate_neglect,probability,69.2,,41.4,,,
216,cab_problem,base_rate_neglect,frequency,62.5,,41.4,,,
217,cab_problem,base_rate_neglect,probability,74.5,,41.4,,,
218,cab_problem,base_rate_neglect,probability,65.0,,41.4,,,
219,cab_problem,base_rate_neglect,frequency,57.1,,41.4,,,
220,cab_problem,base_rate_neglect,probability,78.5,,41.4,,,
221,cab_problem,base_rate_neglect,frequency,60.7,,41.4,,,
222,cab_problem,base_rate_neglect,frequency,54.4,,41.4,,,
223,cab_problem,base_rate_neglect,probability,76.3,,41.4,,,
224,cab_problem,base_rate_neglect,frequency,51.9,,41.4,,,
225,cab_problem,base_rate_neglect,frequency,53.4,,41.4,,,
226,cab_problem,base_rate_neglect,frequency,47.3,,41.4,,,
227,cab_problem,base_rate_neglect,probability,62.3,,41.4,,,
228,cab_problem,base_rate_neglect,frequency,61.8,,41.4,,,
229,cab_problem,base_rate_neglect,frequency,58.7,,41.4,,,
230,cab_problem,base_rate_neglect,probability,74.3,,41.4,,,
231,cab_problem,base_rate_neglect,frequency,60.5,,41.4,,,
232,cab_problem,base_rate_neglect,frequency,55.6,,41.4,,,
233,cab_problem,base_rate_neglect,frequency,54.5,,41.4,,,
234,cab_problem,base_rate_neglect,frequency,42.6,,41.4,,,
235,cab_problem,base_rate_neglect,frequency,58.0,,41.4,,,
236,cab_problem,base_rate_neglect,probability,65.7,,41.4,,,
237,cab_problem,base_rate_neglect,frequency,61.0,,41.4,,,
238,cab_problem,base_rate_neglect,probability,76.6,,41.4,,,
239,cab_problem,base_rate_neglect,frequency,54.8,,41.4,,,
240,cab_problem,base_rate_neglect,probability,79.9,,41.4,,,
241,cab_problem,base_rate_neglect,frequency,58.2,,41.4,,,
242,cab_problem,base_rate_neglect,probability,65.1,,41.4,,,
243,cab_problem,base_rate_neglect,probability,75.2,,41.4,,,
244,cab_problem,base_rate_neglect,probability,75.9,,41.4,,,
245,cab_problem,base_rate_neglect,frequency,49.4,,41.4,,,
246,cab_problem,base_rate_neglect,probability,70.7,,41.4,,,
247,cab_problem,base_rate_neglect,probability,61.1,,41.4,,,
248,cab_problem,base_rate_neglect,probability,55.7,,41.4,,,
249,cab_problem,base_rate_neglect,frequency,57.2,,41.4,,,
250,cab_problem,base_rate_neglect,frequency,70.4,,41.4,,,
251,cab_problem,base_rate_neglect,frequency,47.4,,41.4,,,
252,cab_problem,base_rate_neglect,probability,65.2,,41.4,,,
253,cab_problem,base_rate_neglect,frequency,52.4,,41.4,,,
254,cab_problem,base_rate_neglect,frequency,55.3,,41.4,,,
255,cab_problem,base_rate_neglect,frequency,57.4,,41.4,,,
256,cab_problem,base_rate_neglect,probability,76.9,,41.4,,,
257,cab_problem,base_rate_neglect,frequency,49.6,,41.4,,,
258,cab_problem,base_rate_neglect,probability,80.4,,41.4,,,
259,cab_problem,base_rate_neglect,frequency,49.7,,41.4,,,
260,cab_problem,base_rate_neglect,frequency,47.8,,41.4,,,
261,cab_problem,base_rate_neglect,frequency,50.5,,41.4,,,
262,cab_problem,base_rate_neglect,probability,82.1,,41.4,,,
263,cab_problem,base_rate_neglect,frequency,53.5,,41.4,,,
264,cab_problem,base_rate_neglect,probability,79.6,,41.4,,,
265,cab_problem,base_rate_neglect,frequency,49.0,,41.4,,,
266,cab_problem,base_rate_neglect,frequency,53.2,,41.4,,,
267,cab_problem,base_rate_neglect,frequency,58.8,,41.4,,,
268,cab_problem,base_rate_neglect,frequency,59.3,,41.4,,,
269,cab_problem,base_rate_neglect,frequency,60.1,,41.4,,,
270,cab_problem,base_rate_neglect,frequency,57.5,,41.4,,,
271,cab_problem,base_rate_neglect,probability,79.8,,41.4,,,
272,cab_problem,base_rate_neglect,frequency,46.7,,41.4,,,
273,cab_problem,base_rate_neglect,frequency,53.8,,41.4,,,
274,cab_problem,base_rate_neglect,probability,74.1,,41.4,,,
275,cab_problem,base_rate_neglect,frequency,50.4,,41.4,,,
276,cab_problem,base_rate_neglect,probability,59.2,,41.4,,,
277,cab_problem,base_rate_neglect,probability,85.2,,41.4,,,
278,cab_problem,base_rate_neglect,frequency,51.8,,41.4,,,
279,cab_problem,base_rate_neglect,probability,70.4,,41.4,,,
280,cab_problem,base_rate_neglect,probability,67.2,,41.4,,,
281,cab_problem,base_rate_neglect,probability,70.7,,41.4,,,
282,cab_problem,base_rate_neglect,probability,61.5,,41.4,,,
283,cab_problem,base_rate_neglect,frequency,61.7,,41.4,,,
284,cab_problem,base_rate_neglect,probability,74.9,,41.4,,,
285,cab_problem,base_rate_neglect,probability,68.4,,41.4,,,
286,cab_problem,base_rate_neglect,frequency,47.3,,41.4,,,
287,cab_problem,base_rate_neglect,probability,66.1,,41.4,,,
288,cab_problem,base_rate_neglect,probability,78.4,,41.4,,,
289,cab_problem,base_rate_neglect,probability,73.7,,41.4,,,
290,cab_problem,base_rate_neglect,probability,76.0,,41.4,,,
291,cab_problem,base_rate_neglect,probability,61.3,,41.4,,,
292,cab_problem,base_rate_neglect,probability,66.3,,41.4,,,
293,cab_problem,base_rate_neglect,probability,70.6,,41.4,,,
294,cab_problem,base_rate_neglect,frequency,62.3,,41.4,,,
295,cab_problem,base_rate_neglect,frequency,58.2,,41.4,,,
296,cab_problem,base_rate_neglect,frequency,50.9,,41.4,,,
297,cab_problem,base_rate_neglect,frequency,46.2,,41.4,,,
298,cab_problem,base_rate_neglect,frequency,50.5,,41.4,,,
299,cab_problem,base_rate_neglect,frequency,47.9,,41.4,,,
0,trivia,overconfidence,baseline,,,,0.0,0.71,1.0
0,trivia,overconfidence,baseline,,,,1.0,0.86,1.0
0,trivia,overconfidence,baseline,,,,2.0,0.62,0.0
0,trivia,overconfidence,baseline,,,,3.0,0.86,1.0
0,trivia,overconfidence,baseline,,,,4.0,0.81,0.0
0,trivia,overconfidence,baseline,,,,5.0,1.0,1.0
0,trivia,overconfidence,baseline,,,,6.0,0.84,1.0
0,trivia,overconfidence,baseline,,,,7.0,0.53,1.0
0,trivia,overconfidence,baseline,,,,8.0,0.65,1.0
0,trivia,overconfidence,baseline,,,,9.0,0.73,0.0
0,trivia,overconfidence,baseline,,,,10.0,1.0,1.0
0,trivia,overconfidence,baseline,,,,11.0,0.72,0.0
0,trivia,overconfidence,baseline,,,,12.0,0.89,0.0
0,trivia,overconfidence,baseline,,,,13.0,0.61,0.0
0,trivia,overconfidence,baseline,,,,14.0,0.77,1.0
0,trivia,overconfidence,baseline,,,,15.0,0.84,1.0
0,trivia,overconfidence,baseline,,,,16.0,0.88,1.0
0,trivia,overconfidence,baseline,,,,17.0,0.93,1.0
0,trivia,overconfidence,baseline,,,,18.0,1.0,1.0
0,trivia,overconfidence,baseline,,,,19.0,1.0,1.0
1,trivia,overconfidence,baseline,,,,0.0,0.75,1.0
1,trivia,overconfidence,baseline,,,,1.0,0.73,0.0
1,trivia,overconfidence,baseline,,,,2.0,0.5,1.0
1,trivia,overconfidence,baseline,,,,3.0,0.61,0.0
1,trivia,overconfidence,baseline,,,,4.0,0.7,1.0
1,trivia,overconfidence,baseline,,,,5.0,0.82,1.0
1,trivia,overconfidence,baseline,,,,6.0,0.7,0.0
1,trivia,overconfidence,baseline,,,,7.0,0.61,0.0
1,trivia,overconfidence,baseline,,,,8.0,0.5,0.0
1,trivia,overconfidence,baseline,,,,9.0,0.7,0.0
1,trivia,overconfidence,baseline,,,,10.0,0.97,1.0
1,trivia,overconfidence,baseline,,,,11.0,0.5,0.0
1,trivia,overconfidence,baseline,,,,12.0,0.7,1.0
1,trivia,overconfidence,baseline,,,,13.0,0.61,0.0
1,trivia,overconfidence,baseline,,,,14.0,0.51,0.0
1,trivia,overconfidence,baseline,,,,15.0,0.67,1.0
1,trivia,overconfidence,baseline,,,,16.0,0.79,0.0
1,trivia,overconfidence,baseline,,,,17.0,0.87,1.0
1,trivia,overconfidence,baseline,,,,18.0,0.88,1.0
1,trivia,overconfidence,baseline,,,,19.0,1.0,1.0
2,trivia,overconfidence,baseline,,,,0.0,0.56,0.0
2,trivia,overconfidence,baseline,,,,1.0,0.61,0.0
2,trivia,overconfidence,baseline,,,,2.0,0.5,1.0
2,trivia,overconfidence,baseline,,,,3.0,0.94,1.0
2,trivia,overconfidence,baseline,,,,4.0,0.92,0.0
2,trivia,overconfidence,baseline,,,,5.0,0.96,1.0
2,trivia,overconfidence,baseline,,,,6.0,0.96,1.0
2,trivia,overconfidence,baseline,,,,7.0,0.7,1.0
2,trivia,overconfidence,baseline,,,,8.0,0.75,0.0
2,trivia,overconfidence,baseline,,,,9.0,0.76,0.0
2,trivia,overconfidence,baseline,,,,10.0,1.0,1.0
2,trivia,overconfidence,baseline,,,,11.0,0.82,1.0
2,trivia,overconfidence,baseline,,,,12.0,0.71,0.0
2,trivia,overconfidence,baseline,,,,13.0,0.65,0.0
2,trivia,overconfidence,baseline,,,,14.0,0.58,1.0
2,trivia,overconfidence,baseline,,,,15.0,0.99,1.0
2,trivia,overconfidence,baseline,,,,16.0,0.91,1.0
2,trivia,overconfidence,baseline,,,,17.0,0.92,1.0
2,trivia,overconfidence,baseline,,,,18.0,1.0,1.0
2,trivia,overconfidence,baseline,,,,19.0,0.95,1.0
3,trivia,overconfidence,baseline,,,,0.0,0.69,1.0
3,trivia,overconfidence,baseline,,,,1.0,0.72,0.0
3,trivia,overconfidence,baseline,,,,2.0,0.5,0.0
3,trivia,overconfidence,baseline,,,,3.0,0.67,0.0
3,trivia,overconfidence,baseline,,,,4.0,0.62,0.0
3,trivia,overconfidence,baseline,,,,5.0,0.75,1.0
3,trivia,overconfidence,baseline,,,,6.0,0.91,1.0
3,trivia,overconfidence,baseline,,,,7.0,0.6,1.0
3,trivia,overconfidence,baseline,,,,8.0,0.56,1.0
3,trivia,overconfidence,baseline,,,,9.0,0.81,0.0
3,trivia,overconfidence,baseline,,,,10.0,0.96,1.0
3,trivia,overconfidence,baseline,,,,11.0,0.62,1.0
3,trivia,overconfidence,baseline,,,,12.0,0.76,1.0
3,trivia,overconfidence,baseline,,,,13.0,0.59,1.0
3,trivia,overconfidence,baseline,,,,14.0,0.5,0.0
3,trivia,overconfidence,baseline,,,,15.0,0.8,1.0
3,trivia,overconfidence,baseline,,,,16.0,0.66,1.0
3,trivia,overconfidence,baseline,,,,17.0,0.86,1.0
3,trivia,overconfidence,baseline,,,,18.0,0.89,1.0
3,trivia,overconfidence,baseline,,,,19.0,1.0,1.0
4,trivia,overconfidence,baseline,,,,0.0,0.54,1.0
4,trivia,overconfidence,baseline,,,,1.0,0.65,1.0
4,trivia,overconfidence,baseline,,,,2.0,0.5,1.0
4,trivia,overconfidence,baseline,,,,3.0,0.78,1.0
4,trivia,overconfidence,baseline,,,,4.0,0.65,0.0
4,trivia,overconfidence,baseline,,,,5.0,1.0,1.0
4,trivia,overconfidence,baseline,,,,6.0,0.75,1.0
4,trivia,overconfidence,baseline,,,,7.0,0.58,0.0
4,trivia,overconfidence,baseline,,,,8.0,0.77,1.0
4,trivia,overconfidence,baseline,,,,9.0,0.74,1.0
4,trivia,overconfidence,baseline,,,,10.0,1.0,1.0
4,trivia,overconfidence,baseline,,,,11.0,0.72,0.0
4,trivia,overconfidence,baseline,,,,12.0,0.52,0.0
4,trivia,overconfidence,baseline,,,,13.0,0.55,0.0
4,trivia,overconfidence,baseline,,,,14.0,0.53,0.0
4,trivia,overconfidence,baseline,,,,15.0,0.79,0.0
4,trivia,overconfidence,baseline,,,,16.0,0.74,1.0
4,trivia,overconfidence,baseline,,,,17.0,0.93,0.0
4,trivia,overconfidence,baseline,,,,18.0,0.9,1.0
4,trivia,overconfidence,baseline,,,,19.0,1.0,1.0
5,trivia,overconfidence,baseline,,,,0.0,0.7,1.0
5,trivia,overconfidence,baseline,,,,1.0,0.83,1.0
5,trivia,overconfidence,baseline,,,,2.0,0.51,1.0
5,trivia,overconfidence,baseline,,,,3.0,0.75,1.0
5,trivia,overconfidence,baseline,,,,4.0,0.67,1.0
5,trivia,overconfidence,baseline,,,,5.0,0.89,0.0
5,trivia,overconfidence,baseline,,,,6.0,0.84,1.0
5,trivia,overconfidence,baseline,,,,7.0,0.57,1.0
5,trivia,overconfidence,baseline,,,,8.0,0.77,0.0
5,trivia,overconfidence,baseline,,,,9.0,0.68,0.0
5,trivia,overconfidence,baseline,,,,10.0,1.0,1.0
5,trivia,overconfidence,baseline,,,,11.0,0.5,1.0
5,trivia,overconfidence,baseline,,,,12.0,0.66,1.0
5,trivia,overconfidence,baseline,,,,13.0,0.67,1.0
5,trivia,overconfidence,baseline,,,,14.0,0.59,1.0
5,trivia,overconfidence,baseline,,,,15.0,0.7,1.0
5,trivia,overconfidence,baseline,,,,16.0,0.89,1.0
5,trivia,overconfidence,baseline,,,,17.0,0.88,1.0
5,trivia,overconfidence,baseline,,,,18.0,0.87,0.0
5,trivia,overconfidence,baseline,,,,19.0,1.0,1.0
6,trivia,overconfidence,baseline,,,,0.0,0.52,1.0
6,trivia,overconfidence,baseline,,,,1.0,0.74,1.0
6,trivia,overconfidence,baseline,,,,2.0,0.58,0.0
6,trivia,overconfidence,baseline,,,,3.0,0.87,1.0
6,trivia,overconfidence,baseline,,,,4.0,0.7,1.0
6,trivia,overconfidence,baseline,,,,5.0,0.91,1.0
6,trivia,overconfidence,baseline,,,,6.0,0.92,0.0
6,trivia,overconfidence,baseline,,,,7.0,0.67,0.0
6,trivia,overconfidence,baseline,,,,8.0,0.82,0.0
6,trivia,overconfidence,baseline,,,,9.0,0.75,1.0
6,trivia,overconfidence,baseline,,,,10.0,0.94,0.0
6,trivia,overconfidence,baseline,,,,11.0,0.68,1.0
6,trivia,overconfidence,baseline,,,,12.0,0.57,1.0
6,trivia,overconfidence,baseline,,,,13.0,0.64,1.0
6,trivia,overconfidence,baseline,,,,14.0,0.6,1.0
6,trivia,overconfidence,baseline,,,,15.0,0.78,1.0
6,trivia,overconfidence,baseline,,,,16.0,0.85,1.0
6,trivia,overconfidence,baseline,,,,17.0,0.96,1.0
6,trivia,overconfidence,baseline,,,,18.0,0.88,1.0
6,trivia,overconfidence,baseline,,,,19.0,0.99,1.0
7,trivia,overconfidence,baseline,,,,0.0,0.59,1.0
7,trivia,overconfidence,baseline,,,,1.0,0.9,0.0
7,trivia,overconfidence,baseline,,,,2.0,0.51,0.0
7,trivia,overconfidence,baseline,,,,3.0,0.83,0.0
7,trivia,overconfidence,baseline,,,,4.0,0.75,1.0
7,trivia,overconfidence,baseline,,,,5.0,1.0,1.0
7,trivia,overconfidence,baseline,,,,6.0,0.84,1.0
7,trivia,overconfidence,baseline,,,,7.0,0.74,1.0
7,trivia,overconfidence,baseline,,,,8.0,0.73,1.0
7,trivia,overconfidence,baseline,,,,9.0,0.89,1.0
7,trivia,overconfidence,baseline,,,,10.0,1.0,1.0
7,trivia,overconfidence,baseline,,,,11.0,0.72,0.0
7,trivia,overconfidence,baseline,,,,12.0,0.63,1.0
7,trivia,overconfidence,baseline,,,,13.0,0.84,0.0
7,trivia,overconfidence,baseline,,,,14.0,0.6,1.0
7,trivia,overconfidence,baseline,,,,15.0,0.81,1.0
7,trivia,overconfidence,baseline,,,,16.0,0.74,0.0
7,trivia,overconfidence,baseline,,,,17.0,0.92,1.0
7,trivia,overconfidence,baseline,,,,18.0,1.0,0.0
7,trivia,overconfidence,baseline,,,,19.0,1.0,1.0
8,trivia,overconfidence,baseline,,,,0.0,0.8,0.0
8,trivia,overconfidence,baseline,,,,1.0,0.73,1.0
8,trivia,overconfidence,baseline,,,,2.0,0.62,1.0
8,trivia,overconfidence,baseline,,,,3.0,1.0,0.0
8,trivia,overconfidence,baseline,,,,4.0,0.82,1.0
8,trivia,overconfidence,baseline,,,,5.0,1.0,1.0
8,trivia,overconfidence,baseline,,,,6.0,0.96,1.0
8,trivia,overconfidence,baseline,,,,7.0,0.85,1.0
8,trivia,overconfidence,baseline,,,,8.0,0.79,1.0
8,trivia,overconfidence,baseline,,,,9.0,0.64,0.0
8,trivia,overconfidence,baseline,,,,10.0,1.0,1.0
8,trivia,overconfidence,baseline,,,,11.0,0.76,1.0
8,trivia,overconfidence,baseline,,,,12.0,0.81,0.0
8,trivia,overconfidence,baseline,,,,13.0,0.72,0.0
8,trivia,overconfidence,baseline,,,,14.0,0.66,0.0
8,trivia,overconfidence,baseline,,,,15.0,1.0,0.0
8,trivia,overconfidence,baseline,,,,16.0,0.87,1.0
8,trivia,overconfidence,baseline,,,,17.0,1.0,1.0
8,trivia,overconfidence,baseline,,,,18.0,0.96,1.0
8,trivia,overconfidence,baseline,,,,19.0,1.0,1.0
9,trivia,overconfidence,baseline,,,,0.0,0.77,1.0
9,trivia,overconfidence,baseline,,,,1.0,0.99,1.0
9,trivia,overconfidence,baseline,,,,2.0,0.5,0.0
9,trivia,overconfidence,baseline,,,,3.0,0.99,0.0
9,trivia,overconfidence,baseline,,,,4.0,0.73,1.0
9,trivia,overconfidence,baseline,,,,5.0,0.97,1.0
9,trivia,overconfidence,baseline,,,,6.0,0.84,0.0
9,trivia,overconfidence,baseline,,,,7.0,0.95,1.0
9,trivia,overconfidence,baseline,,,,8.0,0.85,1.0
9,trivia,overconfidence,baseline,,,,9.0,0.88,1.0
9,trivia,overconfidence,baseline,,,,10.0,1.0,1.0
9,trivia,overconfidence,baseline,,,,11.0,0.58,1.0
9,trivia,overconfidence,baseline,,,,12.0,0.74,1.0
9,trivia,overconfidence,baseline,,,,13.0,0.67,0.0
9,trivia,overconfidence,baseline,,,,14.0,0.51,0.0
9,trivia,overconfidence,baseline,,,,15.0,0.9,0.0
9,trivia,overconfidence,baseline,,,,16.0,0.92,1.0
9,trivia,overconfidence,baseline,,,,17.0,1.0,0.0
9,trivia,overconfidence,baseline,,,,18.0,0.86,1.0
9,trivia,overconfidence,baseline,,,,19.0,1.0,1.0
10,trivia,overconfidence,baseline,,,,0.0,0.58,1.0
10,trivia,overconfidence,baseline,,,,1.0,0.82,0.0
10,trivia,overconfidence,baseline,,,,2.0,0.58,1.0
10,trivia,overconfidence,baseline,,,,3.0,0.78,1.0
10,trivia,overconfidence,baseline,,,,4.0,0.69,0.0
10,trivia,overconfidence,baseline,,,,5.0,1.0,0.0
10,trivia,overconfidence,baseline,,,,6.0,0.87,1.0
10,trivia,overconfidence,baseline,,,,7.0,0.77,0.0
10,trivia,overconfidence,baseline,,,,8.0,0.75,1.0
10,trivia,overconfidence,baseline,,,,9.0,0.62,1.0
10,trivia,overconfidence,baseline,,,,10.0,0.83,1.0
10,trivia,overconfidence,baseline,,,,11.0,0.63,1.0
10,trivia,overconfidence,baseline,,,,12.0,0.75,0.0
10,trivia,overconfidence,baseline,,,,13.0,0.57,0.0
10,trivia,overconfidence,baseline,,,,14.0,0.68,0.0
10,trivia,overconfidence,baseline,,,,15.0,0.9,1.0
10,trivia,overconfidence,baseline,,,,16.0,0.92,1.0
10,trivia,overconfidence,baseline,,,,17.0,0.95,1.0
10,trivia,overconfidence,baseline,,,,18.0,0.86,1.0
10,trivia,overconfidence,baseline,,,,19.0,1.0,1.0
11,trivia,overconfidence,baseline,,,,0.0,0.67,0.0
11,trivia,overconfidence,baseline,,,,1.0,0.58,1.0
11,trivia,overconfidence,baseline,,,,2.0,0.5,0.0
11,trivia,overconfidence,baseline,,,,3.0,0.69,0.0
11,trivia,overconfidence,baseline,,,,4.0,0.71,1.0
11,trivia,overconfidence,baseline,,,,5.0,0.82,1.0
11,trivia,overconfidence,baseline,,,,6.0,0.92,1.0
11,trivia,overconfidence,baseline,,,,7.0,0.77,1.0
11,trivia,overconfidence,baseline,,,,8.0,0.5,0.0
11,trivia,overconfidence,baseline,,,,9.0,0.77,1.0
11,trivia,overconfidence,baseline,,,,10.0,0.95,1.0
11,trivia,overconfidence,baseline,,,,11.0,0.72,1.0
11,trivia,overconfidence,baseline,,,,12.0,0.7,0.0
11,trivia,overconfidence,baseline,,,,13.0,0.61,0.0
11,trivia,overconfidence,baseline,,,,14.0,0.54,1.0
11,trivia,overconfidence,baseline,,,,15.0,0.69,0.0
11,trivia,overconfidence,baseline,,,,16.0,0.99,0.0
11,trivia,overconfidence,baseline,,,,17.0,0.86,1.0
11,trivia,overconfidence,baseline,,,,18.0,1.0,1.0
11,trivia,overconfidence,baseline,,,,19.0,1.0,1.0
12,trivia,overconfidence,baseline,,,,0.0,0.64,1.0
12,trivia,overconfidence,baseline,,,,1.0,0.7,1.0
12,trivia,overconfidence,baseline,,,,2.0,0.5,0.0
12,trivia,overconfidence,baseline,,,,3.0,0.79,0.0
12,trivia,overconfidence,baseline,,,,4.0,0.61,1.0
12,trivia,overconfidence,baseline,,,,5.0,1.0,1.0
12,trivia,overconfidence,baseline,,,,6.0,0.91,1.0
12,trivia,overconfidence,baseline,,,,7.0,0.71,1.0
12,trivia,overconfidence,baseline,,,,8.0,0.76,1.0
12,trivia,overconfidence,baseline,,,,9.0,0.81,1.0
12,trivia,overconfidence,baseline,,,,10.0,1.0,1.0
12,trivia,overconfidence,baseline,,,,11.0,0.68,1.0
12,trivia,overconfidence,baseline,,,,12.0,0.87,1.0
12,trivia,overconfidence,baseline,,,,13.0,0.74,0.0
12,trivia,overconfidence,baseline,,,,14.0,0.65,0.0
12,trivia,overconfidence,baseline,,,,15.0,0.83,0.0
12,trivia,overconfidence,baseline,,,,16.0,0.69,1.0
12,trivia,overconfidence,baseline,,,,17.0,1.0,1.0
12,trivia,overconfidence,baseline,,,,18.0,0.98,1.0
12,trivia,overconfidence,baseline,,,,19.0,1.0,1.0
13,trivia,overconfidence,baseline,,,,0.0,0.51,1.0
13,trivia,overconfidence,baseline,,,,1.0,0.5,0.0
13,trivia,overconfidence,baseline,,,,2.0,0.5,0.0
13,trivia,overconfidence,baseline,,,,3.0,0.71,0.0
13,trivia,overconfidence,baseline,,,,4.0,0.5,1.0
13,trivia,overconfidence,baseline,,,,5.0,0.85,1.0
13,trivia,overconfidence,baseline,,,,6.0,0.84,1.0
13,trivia,overconfidence,baseline,,,,7.0,0.59,1.0
13,trivia,overconfidence,baseline,,,,8.0,0.63,1.0
13,trivia,overconfidence,baseline,,,,9.0,0.55,1.0
13,trivia,overconfidence,baseline,,,,10.0,0.82,1.0
13,trivia,overconfidence,baseline,,,,11.0,0.5,1.0
13,trivia,overconfidence,baseline,,,,12.0,0.5,1.0
13,trivia,overconfidence,baseline,,,,13.0,0.5,0.0
13,trivia,overconfidence,baseline,,,,14.0,0.5,1.0
13,trivia,overconfidence,baseline,,,,15.0,0.67,0.0
13,trivia,overconfidence,baseline,,,,16.0,0.7,0.0
13,trivia,overconfidence,baseline,,,,17.0,0.94,1.0
13,trivia,overconfidence,baseline,,,,18.0,0.83,1.0
13,trivia,overconfidence,baseline,,,,19.0,1.0,1.0
14,trivia,overconfidence,baseline,,,,0.0,0.59,1.0
14,trivia,overconfidence,baseline,,,,1.0,0.88,1.0
14,trivia,overconfidence,baseline,,,,2.0,0.5,0.0
14,trivia,overconfidence,baseline,,,,3.0,0.78,1.0
14,trivia,overconfidence,baseline,,,,4.0,0.69,0.0
14,trivia,overconfidence,baseline,,,,5.0,0.82,0.0
14,trivia,overconfidence,baseline,,,,6.0,0.94,1.0
14,trivia,overconfidence,baseline,,,,7.0,0.8,0.0
14,trivia,overconfidence,baseline,,,,8.0,0.92,1.0
14,trivia,overconfidence,baseline,,,,9.0,0.85,1.0
14,trivia,overconfidence,baseline,,,,10.0,1.0,1.0
14,trivia,overconfidence,baseline,,,,11.0,0.7,0.0
14,trivia,overconfidence,baseline,,,,12.0,0.61,0.0
14,trivia,overconfidence,baseline,,,,13.0,0.66,1.0
14,trivia,overconfidence,baseline,,,,14.0,0.64,1.0
14,trivia,overconfidence,baseline,,,,15.0,0.95,1.0
14,trivia,overconfidence,baseline,,,,16.0,0.96,1.0
14,trivia,overconfidence,baseline,,,,17.0,1.0,1.0
14,trivia,overconfidence,baseline,,,,18.0,0.94,1.0
14,trivia,overconfidence,baseline,,,,19.0,1.0,1.0
15,trivia,overconfidence,baseline,,,,0.0,0.74,0.0
15,trivia,overconfidence,baseline,,,,1.0,0.6,1.0
15,trivia,overconfidence,baseline,,,,2.0,0.69,0.0
15,trivia,overconfidence,baseline,,,,3.0,0.73,1.0
15,trivia,overconfidence,baseline,,,,4.0,0.85,0.0
15,trivia,overconfidence,baseline,,,,5.0,0.89,1.0
15,trivia,overconfidence,baseline,,,,6.0,0.93,1.0
15,trivia,overconfidence,baseline,,,,7.0,0.62,0.0
15,trivia,overconfidence,baseline,,,,8.0,0.76,0.0
15,trivia,overconfidence,baseline,,,,9.0,0.65,0.0
15,trivia,overconfidence,baseline,,,,10.0,1.0,1.0
15,trivia,overconfidence,baseline,,,,11.0,0.6,0.0
15,trivia,overconfidence,baseline,,,,12.0,0.63,1.0
15,trivia,overconfidence,baseline,,,,13.0,0.62,0.0
15,trivia,overconfidence,baseline,,,,14.0,0.58,0.0
15,trivia,overconfidence,baseline,,,,15.0,0.91,1.0
15,trivia,overconfidence,baseline,,,,16.0,0.89,1.0
15,trivia,overconfidence,baseline,,,,17.0,1.0,1.0
15,trivia,overconfidence,baseline,,,,18.0,1.0,0.0
15,trivia,overconfidence,baseline,,,,19.0,1.0,1.0
16,trivia,overconfidence,baseline,,,,0.0,0.61,0.0
16,trivia,overconfidence,baseline,,,,1.0,0.56,0.0
16,trivia,overconfidence,baseline,,,,2.0,0.5,1.0
16,trivia,overconfidence,baseline,,,,3.0,0.75,1.0
16,trivia,overconfidence,baseline,,,,4.0,0.65,1.0
16,trivia,overconfidence,baseline,,,,5.0,0.9,0.0
16,trivia,overconfidence,baseline,,,,6.0,0.77,1.0
16,trivia,overconfidence,baseline,,,,7.0,0.74,1.0
16,trivia,overconfidence,baseline,,,,8.0,0.65,1.0
16,trivia,overconfidence,baseline,,,,9.0,0.67,1.0
16,trivia,overconfidence,baseline,,,,10.0,0.97,1.0
16,trivia,overconfidence,baseline,,,,11.0,0.74,1.0
16,trivia,overconfidence,baseline,,,,12.0,0.56,1.0
16,trivia,overconfidence,baseline,,,,13.0,0.57,1.0
16,trivia,overconfidence,baseline,,,,14.0,0.5,0.0
16,trivia,overconfidence,baseline,,,,15.0,0.75,1.0
16,trivia,overconfidence,baseline,,,,16.0,0.67,1.0
16,trivia,overconfidence,baseline,,,,17.0,0.94,1.0
16,trivia,overconfidence,baseline,,,,18.0,0.87,1.0
16,trivia,overconfidence,baseline,,,,19.0,1.0,1.0
17,trivia,overconfidence,baseline,,,,0.0,0.68,0.0
17,trivia,overconfidence,baseline,,,,1.0,0.77,1.0
17,trivia,overconfidence,baseline,,,,2.0,0.5,1.0
17,trivia,overconfidence,baseline,,,,3.0,0.73,0.0
17,trivia,overconfidence,baseline,,,,4.0,0.77,0.0
17,trivia,overconfidence,baseline,,,,5.0,0.78,1.0
17,trivia,overconfidence,baseline,,,,6.0,0.81,1.0
17,trivia,overconfidence,baseline,,,,7.0,0.56,1.0
17,trivia,overconfidence,baseline,,,,8.0,0.81,0.0
17,trivia,overconfidence,baseline,,,,9.0,0.81,0.0
17,trivia,overconfidence,baseline,,,,10.0,1.0,1.0
17,trivia,overconfidence,baseline,,,,11.0,0.66,0.0
17,trivia,overconfidence,baseline,,,,12.0,0.57,1.0
17,trivia,overconfidence,baseline,,,,13.0,0.68,0.0
17,trivia,overconfidence,baseline,,,,14.0,0.5,0.0
17,trivia,overconfidence,baseline,,,,15.0,0.73,1.0
17,trivia,overconfidence,baseline,,,,16.0,0.86,1.0
17,trivia,overconfidence,baseline,,,,17.0,0.9,1.0
17,trivia,overconfidence,baseline,,,,18.0,0.84,1.0
17,trivia,overconfidence,baseline,,,,19.0,1.0,1.0
18,trivia,overconfidence,baseline,,,,0.0,0.63,1.0
18,trivia,overconfidence,baseline,,,,1.0,0.85,1.0
18,trivia,overconfidence,baseline,,,,2.0,0.58,0.0
18,trivia,overconfidence,baseline,,,,3.0,0.89,0.0
18,trivia,overconfidence,baseline,,,,4.0,0.83,0.0
18,trivia,overconfidence,baseline,,,,5.0,1.0,1.0
18,trivia,overconfidence,baseline,,,,6.0,0.95,0.0
18,trivia,overconfidence,baseline,,,,7.0,0.73,1.0
18,trivia,overconfidence,baseline,,,,8.0,0.8,1.0
18,trivia,overconfidence,baseline,,,,9.0,0.87,1.0
18,trivia,overconfidence,baseline,,,,10.0,1.0,1.0
18,trivia,overconfidence,baseline,,,,11.0,0.79,1.0
18,trivia,overconfidence,baseline,,,,12.0,0.69,0.0
18,trivia,overconfidence,baseline,,,,13.0,1.0,0.0
18,trivia,overconfidence,baseline,,,,14.0,0.73,1.0
18,trivia,overconfidence,baseline,,,,15.0,0.84,1.0
18,trivia,overconfidence,baseline,,,,16.0,0.81,1.0
18,trivia,overconfidence,baseline,,,,17.0,0.96,1.0
18,trivia,overconfidence,baseline,,,,18.0,1.0,1.0
18,trivia,overconfidence,baseline,,,,19.0,1.0,1.0
19,trivia,overconfidence,baseline,,,,0.0,0.67,0.0
19,trivia,overconfidence,baseline,,,,1.0,0.69,1.0
19,trivia,overconfidence,baseline,,,,2.0,0.5,0.0
19,trivia,overconfidence,baseline,,,,3.0,0.88,1.0
19,trivia,overconfidence,baseline,,,,4.0,0.76,1.0
19,trivia,overconfidence,baseline,,,,5.0,0.9,0.0
19,trivia,overconfidence,baseline,,,,6.0,0.94,0.0
19,trivia,overconfidence,baseline,,,,7.0,0.78,1.0
19,trivia,overconfidence,baseline,,,,8.0,0.83,0.0
19,trivia,overconfidence,baseline,,,,9.0,0.83,1.0
19,trivia,overconfidence,baseline,,,,10.0,1.0,1.0
19,trivia,overconfidence,baseline,,,,11.0,0.84,0.0
19,trivia,overconfidence,baseline,,,,12.0,0.67,1.0
19,trivia,overconfidence,baseline,,,,13.0,0.68,1.0
19,trivia,overconfidence,baseline,,,,14.0,0.5,0.0
19,trivia,overconfidence,baseline,,,,15.0,0.88,0.0
19,trivia,overconfidence,baseline,,,,16.0,0.91,1.0
19,trivia,overconfidence,baseline,,,,17.0,1.0,0.0
19,trivia,overconfidence,baseline,,,,18.0,0.87,1.0
19,trivia,overconfidence,baseline,,,,19.0,1.0,1.0
20,trivia,overconfidence,baseline,,,,0.0,0.91,0.0
20,trivia,overconfidence,baseline,,,,1.0,0.6,1.0
20,trivia,overconfidence,baseline,,,,2.0,0.63,0.0
20,trivia,overconfidence,baseline,,,,3.0,0.76,0.0
20,trivia,overconfidence,baseline,,,,4.0,0.78,1.0
20,trivia,overconfidence,baseline,,,,5.0,1.0,1.0
20,trivia,overconfidence,baseline,,,,6.0,0.9,0.0
20,trivia,overconfidence,baseline,,,,7.0,0.8,0.0
20,trivia,overconfidence,baseline,,,,8.0,0.84,0.0
20,trivia,overconfidence,baseline,,,,9.0,0.85,0.0
20,trivia,overconfidence,baseline,,,,10.0,1.0,0.0
20,trivia,overconfidence,baseline,,,,11.0,0.71,0.0
20,trivia,overconfidence,baseline,,,,12.0,0.95,1.0
20,trivia,overconfidence,baseline,,,,13.0,0.69,1.0
20,trivia,overconfidence,baseline,,,,14.0,0.64,0.0
20,trivia,overconfidence,baseline,,,,15.0,0.91,1.0
20,trivia,overconfidence,baseline,,,,16.0,0.98,1.0
20,trivia,overconfidence,baseline,,,,17.0,1.0,1.0
20,trivia,overconfidence,baseline,,,,18.0,1.0,0.0
20,trivia,overconfidence,baseline,,,,19.0,1.0,1.0
21,trivia,overconfidence,baseline,,,,0.0,0.7,1.0
21,trivia,overconfidence,baseline,,,,1.0,0.84,1.0
21,trivia,overconfidence,baseline,,,,2.0,0.52,1.0
21,trivia,overconfidence,baseline,,,,3.0,0.8,1.0
21,trivia,overconfidence,baseline,,,,4.0,0.71,1.0
21,trivia,overconfidence,baseline,,,,5.0,0.97,1.0
21,trivia,overconfidence,baseline,,,,6.0,0.94,1.0
21,trivia,overconfidence,baseline,,,,7.0,0.77,1.0
21,trivia,overconfidence,baseline,,,,8.0,0.91,1.0
21,trivia,overconfidence,baseline,,,,9.0,0.73,1.0
21,trivia,overconfidence,baseline,,,,10.0,1.0,1.0
21,trivia,overconfidence,baseline,,,,11.0,0.68,0.0
21,trivia,overconfidence,baseline,,,,12.0,0.85,1.0
21,trivia,overconfidence,baseline,,,,13.0,0.71,1.0
21,trivia,overconfidence,baseline,,,,14.0,0.5,1.0
21,trivia,overconfidence,baseline,,,,15.0,0.82,1.0
21,trivia,overconfidence,baseline,,,,16.0,0.83,1.0
21,trivia,overconfidence,baseline,,,,17.0,0.9,1.0
21,trivia,overconfidence,baseline,,,,18.0,0.99,1.0
21,trivia,overconfidence,baseline,,,,19.0,1.0,1.0
22,trivia,overconfidence,baseline,,,,0.0,0.9,1.0
22,trivia,overconfidence,baseline,,,,1.0,0.85,0.0
22,trivia,overconfidence,baseline,,,,2.0,0.55,0.0
22,trivia,overconfidence,baseline,,,,3.0,0.77,0.0
22,trivia,overconfidence,baseline,,,,4.0,0.61,1.0
22,trivia,overconfidence,baseline,,,,5.0,1.0,0.0
22,trivia,overconfidence,baseline,,,,6.0,1.0,1.0
22,trivia,overconfidence,baseline,,,,7.0,0.76,1.0
22,trivia,overconfidence,baseline,,,,8.0,0.81,1.0
22,trivia,overconfidence,baseline,,,,9.0,1.0,1.0
22,trivia,overconfidence,baseline,,,,10.0,1.0,0.0
22,trivia,overconfidence,baseline,,,,11.0,0.78,1.0
22,trivia,overconfidence,baseline,,,,12.0,0.84,1.0
22,trivia,overconfidence,baseline,,,,13.0,0.75,1.0
22,trivia,overconfidence,baseline,,,,14.0,0.69,0.0
22,trivia,overconfidence,baseline,,,,15.0,0.8,1.0
22,trivia,overconfidence,baseline,,,,16.0,0.83,1.0
22,trivia,overconfidence,baseline,,,,17.0,1.0,1.0
22,trivia,overconfidence,baseline,,,,18.0,0.97,1.0
22,trivia,overconfidence,baseline,,,,19.0,1.0,1.0
23,trivia,overconfidence,baseline,,,,0.0,0.63,0.0
23,trivia,overconfidence,baseline,,,,1.0,0.89,1.0
23,trivia,overconfidence,baseline,,,,2.0,0.5,0.0
23,trivia,overconfidence,baseline,,,,3.0,0.75,1.0
23,trivia,overconfidence,baseline,,,,4.0,0.68,0.0
23,trivia,overconfidence,baseline,,,,5.0,1.0,1.0
23,trivia,overconfidence,baseline,,,,6.0,0.92,1.0
23,trivia,overconfidence,baseline,,,,7.0,0.84,1.0
23,trivia,overconfidence,baseline,,,,8.0,0.75,1.0
23,trivia,overconfidence,baseline,,,,9.0,0.74,1.0
23,trivia,overconfidence,baseline,,,,10.0,1.0,0.0
23,trivia,overconfidence,baseline,,,,11.0,0.84,1.0
23,trivia,overconfidence,baseline,,,,12.0,0.62,0.0
23,trivia,overconfidence,baseline,,,,13.0,0.71,0.0
23,trivia,overconfidence,baseline,,,,14.0,0.67,0.0
23,trivia,overconfidence,baseline,,,,15.0,1.0,0.0
23,trivia,overconfidence,baseline,,,,16.0,0.82,1.0
23,trivia,overconfidence,baseline,,,,17.0,0.92,1.0
23,trivia,overconfidence,baseline,,,,18.0,0.98,1.0
23,trivia,overconfidence,baseline,,,,19.0,1.0,0.0
24,trivia,overconfidence,baseline,,,,0.0,0.62,0.0
24,trivia,overconfidence,baseline,,,,1.0,0.73,1.0
24,trivia,overconfidence,baseline,,,,2.0,0.5,0.0
24,trivia,overconfidence,baseline,,,,3.0,0.7,0.0
24,trivia,overconfidence,baseline,,,,4.0,0.68,0.0
24,trivia,overconfidence,baseline,,,,5.0,0.75,1.0
24,trivia,overconfidence,baseline,,,,6.0,0.82,1.0
24,trivia,overconfidence,baseline,,,,7.0,0.62,1.0
24,trivia,overconfidence,baseline,,,,8.0,0.91,1.0
24,trivia,overconfidence,baseline,,,,9.0,0.72,1.0
24,trivia,overconfidence,baseline,,,,10.0,1.0,1.0
24,trivia,overconfidence,baseline,,,,11.0,0.67,0.0
24,trivia,overconfidence,baseline,,,,12.0,0.63,1.0
24,trivia,overconfidence,baseline,,,,13.0,0.7,0.0
24,trivia,overconfidence,baseline,,,,14.0,0.5,0.0
24,trivia,overconfidence,baseline,,,,15.0,0.76,1.0
24,trivia,overconfidence,baseline,,,,16.0,0.85,1.0
24,trivia,overconfidence,baseline,,,,17.0,0.77,1.0
24,trivia,overconfidence,baseline,,,,18.0,0.91,1.0
24,trivia,overconfidence,baseline,,,,19.0,1.0,1.0
25,trivia,overconfidence,baseline,,,,0.0,0.58,0.0
25,trivia,overconfidence,baseline,,,,1.0,0.61,1.0
25,trivia,overconfidence,baseline,,,,2.0,0.5,0.0
25,trivia,overconfidence,baseline,,,,3.0,0.6,0.0
25,trivia,overconfidence,baseline,,,,4.0,0.7,0.0
25,trivia,overconfidence,baseline,,,,5.0,0.73,1.0
25,trivia,overconfidence,baseline,,,,6.0,0.79,0.0
25,trivia,overconfidence,baseline,,,,7.0,0.69,1.0
25,trivia,overconfidence,baseline,,,,8.0,0.56,0.0
25,trivia,overconfidence,baseline,,,,9.0,0.61,1.0
25,trivia,overconfidence,baseline,,,,10.0,1.0,1.0
25,trivia,overconfidence,baseline,,,,11.0,0.59,0.0
25,trivia,overconfidence,baseline,,,,12.0,0.5,0.0
25,trivia,overconfidence,baseline,,,,13.0,0.54,1.0
25,trivia,overconfidence,baseline,,,,14.0,0.53,1.0
25,trivia,overconfidence,baseline,,,,15.0,0.83,0.0
25,trivia,overconfidence,baseline,,,,16.0,0.75,1.0
25,trivia,overconfidence,baseline,,,,17.0,0.93,0.0
25,trivia,overconfidence,baseline,,,,18.0,0.99,1.0
25,trivia,overconfidence,baseline,,,,19.0,1.0,1.0
26,trivia,overconfidence,baseline,,,,0.0,0.5,0.0
26,trivia,overconfidence,baseline,,,,1.0,0.52,0.0
26,trivia,overconfidence,baseline,,,,2.0,0.5,0.0
26,trivia,overconfidence,baseline,,,,3.0,0.66,0.0
26,trivia,overconfidence,baseline,,,,4.0,0.63,1.0
26,trivia,overconfidence,baseline,,,,5.0,0.74,0.0
26,trivia,overconfidence,baseline,,,,6.0,0.68,1.0
26,trivia,overconfidence,baseline,,,,7.0,0.5,0.0
26,trivia,overconfidence,baseline,,,,8.0,0.63,1.0
26,trivia,overconfidence,baseline,,,,9.0,0.5,1.0
26,trivia,overconfidence,baseline,,,,10.0,0.79,0.0
26,trivia,overconfidence,baseline,,,,11.0,0.57,1.0
26,trivia,overconfidence,baseline,,,,12.0,0.59,0.0
26,trivia,overconfidence,baseline,,,,13.0,0.62,0.0
26,trivia,overconfidence,baseline,,,,14.0,0.5,1.0
26,trivia,overconfidence,baseline,,,,15.0,0.63,1.0
26,trivia,overconfidence,baseline,,,,16.0,0.62,1.0
26,trivia,overconfidence,baseline,,,,17.0,0.67,1.0
26,trivia,overconfidence,baseline,,,,18.0,0.6,1.0
26,trivia,overconfidence,baseline,,,,19.0,0.96,1.0
27,trivia,overconfidence,baseline,,,,0.0,0.67,1.0
27,trivia,overconfidence,baseline,,,,1.0,0.71,0.0
27,trivia,overconfidence,baseline,,,,2.0,0.55,0.0
27,trivia,overconfidence,baseline,,,,3.0,0.83,0.0
27,trivia,overconfidence,baseline,,,,4.0,0.75,0.0
27,trivia,overconfidence,baseline,,,,5.0,0.95,1.0
27,trivia,overconfidence,baseline,,,,6.0,0.87,0.0
27,trivia,overconfidence,baseline,,,,7.0,0.79,0.0
27,trivia,overconfidence,baseline,,,,8.0,0.73,1.0
27,trivia,overconfidence,baseline,,,,9.0,0.73,1.0
27,trivia,overconfidence,baseline,,,,10.0,1.0,0.0
27,trivia,overconfidence,baseline,,,,11.0,0.73,0.0
27,trivia,overconfidence,baseline,,,,12.0,0.79,0.0
27,trivia,overconfidence,baseline,,,,13.0,0.82,1.0
27,trivia,overconfidence,baseline,,,,14.0,0.62,1.0
27,trivia,overconfidence,baseline,,,,15.0,1.0,0.0
27,trivia,overconfidence,baseline,,,,16.0,0.82,1.0
27,trivia,overconfidence,baseline,,,,17.0,0.97,1.0
27,trivia,overconfidence,baseline,,,,18.0,1.0,0.0
27,trivia,overconfidence,baseline,,,,19.0,1.0,1.0
28,trivia,overconfidence,baseline,,,,0.0,0.7,0.0
28,trivia,overconfidence,baseline,,,,1.0,0.99,0.0
28,trivia,overconfidence,baseline,,,,2.0,0.5,0.0
28,trivia,overconfidence,baseline,,,,3.0,0.89,0.0
28,trivia,overconfidence,baseline,,,,4.0,0.68,1.0
28,trivia,overconfidence,baseline,,,,5.0,0.99,1.0
28,trivia,overconfidence,baseline,,,,6.0,0.89,1.0
28,trivia,overconfidence,baseline,,,,7.0,0.73,0.0
28,trivia,overconfidence,baseline,,,,8.0,0.79,1.0
28,trivia,overconfidence,baseline,,,,9.0,0.79,0.0
28,trivia,overconfidence,baseline,,,,10.0,1.0,1.0
28,trivia,overconfidence,baseline,,,,11.0,0.56,1.0
28,trivia,overconfidence,baseline,,,,12.0,0.79,1.0
28,trivia,overconfidence,baseline,,,,13.0,0.55,0.0
28,trivia,overconfidence,baseline,,,,14.0,0.57,0.0
28,trivia,overconfidence,baseline,,,,15.0,0.89,1.0
28,trivia,overconfidence,baseline,,,,16.0,0.76,0.0
28,trivia,overconfidence,baseline,,,,17.0,1.0,1.0
28,trivia,overconfidence,baseline,,,,18.0,1.0,1.0
28,trivia,overconfidence,baseline,,,,19.0,1.0,1.0
29,trivia,overconfidence,baseline,,,,0.0,0.62,0.0
29,trivia,overconfidence,baseline,,,,1.0,0.63,1.0
29,trivia,overconfidence,baseline,,,,2.0,0.5,0.0
29,trivia,overconfidence,baseline,,,,3.0,0.64,0.0
29,trivia,overconfidence,baseline,,,,4.0,0.71,1.0
29,trivia,overconfidence,baseline,,,,5.0,0.78,0.0
29,trivia,overconfidence,baseline,,,,6.0,0.79,1.0
29,trivia,overconfidence,baseline,,,,7.0,0.67,1.0
29,trivia,overconfidence,baseline,,,,8.0,0.69,0.0
29,trivia,overconfidence,baseline,,,,9.0,0.77,0.0
29,trivia,overconfidence,baseline,,,,10.0,0.99,1.0
29,trivia,overconfidence,baseline,,,,11.0,0.51,1.0
29,trivia,overconfidence,baseline,,,,12.0,0.58,0.0
29,trivia,overconfidence,baseline,,,,13.0,0.6,0.0
29,trivia,overconfidence,baseline,,,,14.0,0.64,1.0
29,trivia,overconfidence,baseline,,,,15.0,0.89,1.0
29,trivia,overconfidence,baseline,,,,16.0,1.0,0.0
29,trivia,overconfidence,baseline,,,,17.0,0.92,1.0
29,trivia,overconfidence,baseline,,,,18.0,0.99,1.0
29,trivia,overconfidence,baseline,,,,19.0,1.0,1.0
30,trivia,overconfidence,baseline,,,,0.0,0.66,0.0
30,trivia,overconfidence,baseline,,,,1.0,0.71,1.0
30,trivia,overconfidence,baseline,,,,2.0,0.5,0.0
30,trivia,overconfidence,baseline,,,,3.0,0.68,1.0
30,trivia,overconfidence,baseline,,,,4.0,0.62,1.0
30,trivia,overconfidence,baseline,,,,5.0,0.78,1.0
30,trivia,overconfidence,baseline,,,,6.0,0.77,1.0
30,trivia,overconfidence,baseline,,,,7.0,0.58,1.0
30,trivia,overconfidence,baseline,,,,8.0,0.61,1.0
30,trivia,overconfidence,baseline,,,,9.0,0.77,0.0
30,trivia,overconfidence,baseline,,,,10.0,0.92,1.0
30,trivia,overconfidence,baseline,,,,11.0,0.55,1.0
30,trivia,overconfidence,baseline,,,,12.0,0.55,0.0
30,trivia,overconfidence,baseline,,,,13.0,0.5,1.0
30,trivia,overconfidence,baseline,,,,14.0,0.5,0.0
30,trivia,overconfidence,baseline,,,,15.0,0.71,0.0
30,trivia,overconfidence,baseline,,,,16.0,0.79,1.0
30,trivia,overconfidence,baseline,,,,17.0,0.82,1.0
30,trivia,overconfidence,baseline,,,,18.0,1.0,0.0
30,trivia,overconfidence,baseline,,,,19.0,0.83,1.0
31,trivia,overconfidence,baseline,,,,0.0,0.72,1.0
31,trivia,overconfidence,baseline,,,,1.0,0.94,1.0
31,trivia,overconfidence,baseline,,,,2.0,0.54,0.0
31,trivia,overconfidence,baseline,,,,3.0,0.92,0.0
31,trivia,overconfidence,baseline,,,,4.0,0.7,1.0
31,trivia,overconfidence,baseline,,,,5.0,0.84,0.0
31,trivia,overconfidence,baseline,,,,6.0,0.87,1.0
31,trivia,overconfidence,baseline,,,,7.0,0.69,1.0
31,trivia,overconfidence,baseline,,,,8.0,0.63,1.0
31,trivia,overconfidence,baseline,,,,9.0,0.8,0.0
31,trivia,overconfidence,baseline,,,,10.0,1.0,1.0
31,trivia,overconfidence,baseline,,,,11.0,0.81,0.0
31,trivia,overconfidence,baseline,,,,12.0,0.72,0.0
31,trivia,overconfidence,baseline,,,,13.0,0.59,1.0
31,trivia,overconfidence,baseline,,,,14.0,0.6,0.0
31,trivia,overconfidence,baseline,,,,15.0,0.88,1.0
31,trivia,overconfidence,baseline,,,,16.0,0.9,0.0
31,trivia,overconfidence,baseline,,,,17.0,1.0,1.0
31,trivia,overconfidence,baseline,,,,18.0,1.0,1.0
31,trivia,overconfidence,baseline,,,,19.0,1.0,1.0
32,trivia,overconfidence,baseline,,,,0.0,0.54,0.0
32,trivia,overconfidence,baseline,,,,1.0,0.59,1.0
32,trivia,overconfidence,baseline,,,,2.0,0.5,0.0
32,trivia,overconfidence,baseline,,,,3.0,0.71,1.0
32,trivia,overconfidence,baseline,,,,4.0,0.66,0.0
32,trivia,overconfidence,baseline,,,,5.0,0.88,0.0
32,trivia,overconfidence,baseline,,,,6.0,0.79,0.0
32,trivia,overconfidence,baseline,,,,7.0,0.62,0.0
32,trivia,overconfidence,baseline,,,,8.0,0.66,1.0
32,trivia,overconfidence,baseline,,,,9.0,0.65,1.0
32,trivia,overconfidence,baseline,,,,10.0,0.9,1.0
32,trivia,overconfidence,baseline,,,,11.0,0.53,1.0
32,trivia,overconfidence,baseline,,,,12.0,0.66,1.0
32,trivia,overconfidence,baseline,,,,13.0,0.5,0.0
32,trivia,overconfidence,baseline,,,,14.0,0.5,0.0
32,trivia,overconfidence,baseline,,,,15.0,0.83,0.0
32,trivia,overconfidence,baseline,,,,16.0,0.83,0.0
32,trivia,overconfidence,baseline,,,,17.0,0.73,1.0
32,trivia,overconfidence,baseline,,,,18.0,0.84,1.0
32,trivia,overconfidence,baseline,,,,19.0,0.99,1.0
33,trivia,overconfidence,baseline,,,,0.0,0.64,0.0
33,trivia,overconfidence,baseline,,,,1.0,0.86,1.0
33,trivia,overconfidence,baseline,,,,2.0,0.5,1.0
33,trivia,overconfidence,baseline,,,,3.0,0.85,1.0
33,trivia,overconfidence,baseline,,,,4.0,0.76,1.0
33,trivia,overconfidence,baseline,,,,5.0,0.9,0.0
33,trivia,overconfidence,baseline,,,,6.0,0.84,1.0
33,trivia,overconfidence,baseline,,,,7.0,0.73,0.0
33,trivia,overconfidence,baseline,,,,8.0,0.75,0.0
33,trivia,overconfidence,baseline,,,,9.0,0.65,0.0
33,trivia,overconfidence,baseline,,,,10.0,0.97,1.0
33,trivia,overconfidence,baseline,,,,11.0,0.72,0.0
33,trivia,overconfidence,baseline,,,,12.0,0.62,1.0
33,trivia,overconfidence,baseline,,,,13.0,0.73,1.0
33,trivia,overconfidence,baseline,,,,14.0,0.5,0.0
33,trivia,overconfidence,baseline,,,,15.0,0.85,1.0
33,trivia,overconfidence,baseline,,,,16.0,0.9,1.0
33,trivia,overconfidence,baseline,,,,17.0,0.93,1.0
33,trivia,overconfidence,baseline,,,,18.0,0.88,0.0
33,trivia,overconfidence,baseline,,,,19.0,1.0,1.0
34,trivia,overconfidence,baseline,,,,0.0,0.65,1.0
34,trivia,overconfidence,baseline,,,,1.0,0.64,1.0
34,trivia,overconfidence,baseline,,,,2.0,0.5,1.0
34,trivia,overconfidence,baseline,,,,3.0,0.57,0.0
34,trivia,overconfidence,baseline,,,,4.0,0.65,1.0
34,trivia,overconfidence,baseline,,,,5.0,0.7,1.0
34,trivia,overconfidence,baseline,,,,6.0,0.89,1.0
34,trivia,overconfidence,baseline,,,,7.0,0.61,1.0
34,trivia,overconfidence,baseline,,,,8.0,0.58,1.0
34,trivia,overconfidence,baseline,,,,9.0,0.64,0.0
34,trivia,overconfidence,baseline,,,,10.0,0.96,1.0
34,trivia,overconfidence,baseline,,,,11.0,0.56,0.0
34,trivia,overconfidence,baseline,,,,12.0,0.61,0.0
34,trivia,overconfidence,baseline,,,,13.0,0.5,0.0
34,trivia,overconfidence,baseline,,,,14.0,0.59,1.0
34,trivia,overconfidence,baseline,,,,15.0,0.72,1.0
34,trivia,overconfidence,baseline,,,,16.0,0.59,1.0
34,trivia,overconfidence,baseline,,,,17.0,0.89,1.0
34,trivia,overconfidence,baseline,,,,18.0,0.82,1.0
34,trivia,overconfidence,baseline,,,,19.0,1.0,1.0
35,trivia,overconfidence,baseline,,,,0.0,0.59,0.0
35,trivia,overconfidence,baseline,,,,1.0,0.7,0.0
35,trivia,overconfidence,baseline,,,,2.0,0.52,0.0
35,trivia,overconfidence,baseline,,,,3.0,0.81,0.0
35,trivia,overconfidence,baseline,,,,4.0,0.84,1.0
35,trivia,overconfidence,baseline,,,,5.0,0.85,1.0
35,trivia,overconfidence,baseline,,,,6.0,0.97,1.0
35,trivia,overconfidence,baseline,,,,7.0,0.77,1.0
35,trivia,overconfidence,baseline,,,,8.0,0.67,0.0
35,trivia,overconfidence,baseline,,,,9.0,0.7,1.0
35,trivia,overconfidence,baseline,,,,10.0,1.0,1.0
35,trivia,overconfidence,baseline,,,,11.0,0.68,1.0
35,trivia,overconfidence,baseline,,,,12.0,0.72,0.0
35,trivia,overconfidence,baseline,,,,13.0,0.61,1.0
35,trivia,overconfidence,baseline,,,,14.0,0.58,0.0
35,trivia,overconfidence,baseline,,,,15.0,0.84,1.0
35,trivia,overconfidence,baseline,,,,16.0,0.86,0.0
35,trivia,overconfidence,baseline,,,,17.0,0.92,1.0
35,trivia,overconfidence,baseline,,,,18.0,0.97,1.0
35,trivia,overconfidence,baseline,,,,19.0,1.0,1.0
36,trivia,overconfidence,baseline,,,,0.0,0.7,0.0
36,trivia,overconfidence,baseline,,,,1.0,0.69,1.0
36,trivia,overconfidence,baseline,,,,2.0,0.5,0.0
36,trivia,overconfidence,baseline,,,,3.0,0.85,0.0
36,trivia,overconfidence,baseline,,,,4.0,0.68,0.0
36,trivia,overconfidence,baseline,,,,5.0,0.99,1.0
36,trivia,overconfidence,baseline,,,,6.0,0.83,1.0
36,trivia,overconfidence,baseline,,,,7.0,0.5,1.0
36,trivia,overconfidence,baseline,,,,8.0,0.81,1.0
36,trivia,overconfidence,baseline,,,,9.0,0.76,1.0
36,trivia,overconfidence,baseline,,,,10.0,0.95,1.0
36,trivia,overconfidence,baseline,,,,11.0,0.5,0.0
36,trivia,overconfidence,baseline,,,,12.0,0.7,1.0
36,trivia,overconfidence,baseline,,,,13.0,0.59,0.0
36,trivia,overconfidence,baseline,,,,14.0,0.69,0.0
36,trivia,overconfidence,baseline,,,,15.0,0.91,0.0
36,trivia,overconfidence,baseline,,,,16.0,0.9,1.0
36,trivia,overconfidence,baseline,,,,17.0,0.94,0.0
36,trivia,overconfidence,baseline,,,,18.0,0.9,1.0
36,trivia,overconfidence,baseline,,,,19.0,1.0,1.0
37,trivia,overconfidence,baseline,,,,0.0,0.51,0.0
37,trivia,overconfidence,baseline,,,,1.0,0.64,1.0
37,trivia,overconfidence,baseline,,,,2.0,0.5,0.0
37,trivia,overconfidence,baseline,,,,3.0,0.77,1.0
37,trivia,overconfidence,baseline,,,,4.0,0.74,0.0
37,trivia,overconfidence,baseline,,,,5.0,0.88,1.0
37,trivia,overconfidence,baseline,,,,6.0,0.7,1.0
37,trivia,overconfidence,baseline,,,,7.0,0.76,0.0
37,trivia,overconfidence,baseline,,,,8.0,0.71,1.0
37,trivia,overconfidence,baseline,,,,9.0,0.7,0.0
37,trivia,overconfidence,baseline,,,,10.0,0.97,1.0
37,trivia,overconfidence,baseline,,,,11.0,0.5,0.0
37,trivia,overconfidence,baseline,,,,12.0,0.58,1.0
37,trivia,overconfidence,baseline,,,,13.0,0.64,1.0
37,trivia,overconfidence,baseline,,,,14.0,0.5,1.0
37,trivia,overconfidence,baseline,,,,15.0,0.64,0.0
37,trivia,overconfidence,baseline,,,,16.0,0.81,1.0
37,trivia,overconfidence,baseline,,,,17.0,0.94,1.0
37,trivia,overconfidence,baseline,,,,18.0,0.75,1.0
37,trivia,overconfidence,baseline,,,,19.0,1.0,1.0
38,trivia,overconfidence,baseline,,,,0.0,0.7,1.0
38,trivia,overconfidence,baseline,,,,1.0,0.76,1.0
38,trivia,overconfidence,baseline,,,,2.0,0.54,1.0
38,trivia,overconfidence,baseline,,,,3.0,0.75,1.0
38,trivia,overconfidence,baseline,,,,4.0,0.75,1.0
38,trivia,overconfidence,baseline,,,,5.0,0.98,1.0
38,trivia,overconfidence,baseline,,,,6.0,0.92,1.0
38,trivia,overconfidence,baseline,,,,7.0,0.68,1.0
38,trivia,overconfidence,baseline,,,,8.0,0.8,0.0
38,trivia,overconfidence,baseline,,,,9.0,0.7,0.0
38,trivia,overconfidence,baseline,,,,10.0,0.98,1.0
38,trivia,overconfidence,baseline,,,,11.0,0.76,1.0
38,trivia,overconfidence,baseline,,,,12.0,0.76,1.0
38,trivia,overconfidence,baseline,,,,13.0,0.62,1.0
38,trivia,overconfidence,baseline,,,,14.0,0.54,1.0
38,trivia,overconfidence,baseline,,,,15.0,0.81,1.0
38,trivia,overconfidence,baseline,,,,16.0,0.89,1.0
38,trivia,overconfidence,baseline,,,,17.0,1.0,1.0
38,trivia,overconfidence,baseline,,,,18.0,0.91,1.0
38,trivia,overconfidence,baseline,,,,19.0,1.0,1.0
39,trivia,overconfidence,baseline,,,,0.0,0.59,1.0
39,trivia,overconfidence,baseline,,,,1.0,0.62,1.0
39,trivia,overconfidence,baseline,,,,2.0,0.5,0.0
39,trivia,overconfidence,baseline,,,,3.0,0.73,1.0
39,trivia,overconfidence,baseline,,,,4.0,0.73,1.0
39,trivia,overconfidence,baseline,,,,5.0,0.92,0.0
39,trivia,overconfidence,baseline,,,,6.0,0.81,1.0
39,trivia,overconfidence,baseline,,,,7.0,0.66,0.0
39,trivia,overconfidence,baseline,,,,8.0,0.67,1.0
39,trivia,overconfidence,baseline,,,,9.0,0.66,0.0
39,trivia,overconfidence,baseline,,,,10.0,0.97,1.0
39,trivia,overconfidence,baseline,,,,11.0,0.5,0.0
39,trivia,overconfidence,baseline,,,,12.0,0.76,1.0
39,trivia,overconfidence,baseline,,,,13.0,0.6,1.0
39,trivia,overconfidence,baseline,,,,14.0,0.57,1.0
39,trivia,overconfidence,baseline,,,,15.0,0.75,1.0
39,trivia,overconfidence,baseline,,,,16.0,0.8,1.0
39,trivia,overconfidence,baseline,,,,17.0,0.97,1.0
39,trivia,overconfidence,baseline,,,,18.0,0.89,1.0
39,trivia,overconfidence,baseline,,,,19.0,1.0,1.0
40,trivia,overconfidence,baseline,,,,0.0,0.53,0.0
40,trivia,overconfidence,baseline,,,,1.0,0.85,1.0
40,trivia,overconfidence,baseline,,,,2.0,0.5,0.0
40,trivia,overconfidence,baseline,,,,3.0,0.69,0.0
40,trivia,overconfidence,baseline,,,,4.0,0.81,1.0
40,trivia,overconfidence,baseline,,,,5.0,0.92,0.0
40,trivia,overconfidence,baseline,,,,6.0,0.89,0.0
40,trivia,overconfidence,baseline,,,,7.0,0.56,0.0
40,trivia,overconfidence,baseline,,,,8.0,0.71,0.0
40,trivia,overconfidence,baseline,,,,9.0,0.63,1.0
40,trivia,overconfidence,baseline,,,,10.0,0.93,1.0
40,trivia,overconfidence,baseline,,,,11.0,0.8,1.0
40,trivia,overconfidence,baseline,,,,12.0,0.58,1.0
40,trivia,overconfidence,baseline,,,,13.0,0.65,1.0
40,trivia,overconfidence,baseline,,,,14.0,0.5,1.0
40,trivia,overconfidence,baseline,,,,15.0,0.75,1.0
40,trivia,overconfidence,baseline,,,,16.0,1.0,0.0
40,trivia,overconfidence,baseline,,,,17.0,0.95,1.0
40,trivia,overconfidence,baseline,,,,18.0,0.82,1.0
40,trivia,overconfidence,baseline,,,,19.0,1.0,1.0
41,trivia,overconfidence,baseline,,,,0.0,0.84,0.0
41,trivia,overconfidence,baseline,,,,1.0,0.88,1.0
41,trivia,overconfidence,baseline,,,,2.0,0.56,1.0
41,trivia,overconfidence,baseline,,,,3.0,0.83,1.0
41,trivia,overconfidence,baseline,,,,4.0,0.76,0.0
41,trivia,overconfidence,baseline,,,,5.0,0.91,1.0
41,trivia,overconfidence,baseline,,,,6.0,0.97,1.0
41,trivia,overconfidence,baseline,,,,7.0,0.75,1.0
41,trivia,overconfidence,baseline,,,,8.0,0.71,1.0
41,trivia,overconfidence,baseline,,,,9.0,0.84,1.0
41,trivia,overconfidence,baseline,,,,10.0,1.0,1.0
41,trivia,overconfidence,baseline,,,,11.0,0.78,0.0
41,trivia,overconfidence,baseline,,,,12.0,0.78,0.0
41,trivia,overconfidence,baseline,,,,13.0,0.68,0.0
41,trivia,overconfidence,baseline,,,,14.0,0.65,0.0
41,trivia,overconfidence,baseline,,,,15.0,0.93,1.0
41,trivia,overconfidence,baseline,,,,16.0,0.98,0.0
41,trivia,overconfidence,baseline,,,,17.0,1.0,1.0
41,trivia,overconfidence,baseline,,,,18.0,1.0,0.0
41,trivia,overconfidence,baseline,,,,19.0,1.0,1.0
42,trivia,overconfidence,baseline,,,,0.0,0.85,0.0
42,trivia,overconfidence,baseline,,,,1.0,0.71,0.0
42,trivia,overconfidence,baseline,,,,2.0,0.53,0.0
42,trivia,overconfidence,baseline,,,,3.0,0.79,0.0
42,trivia,overconfidence,baseline,,,,4.0,0.76,1.0
42,trivia,overconfidence,baseline,,,,5.0,0.84,1.0
42,trivia,overconfidence,baseline,,,,6.0,0.82,0.0
42,trivia,overconfidence,baseline,,,,7.0,0.72,1.0
42,trivia,overconfidence,baseline,,,,8.0,0.74,1.0
42,trivia,overconfidence,baseline,,,,9.0,0.83,1.0
42,trivia,overconfidence,baseline,,,,10.0,1.0,1.0
42,trivia,overconfidence,baseline,,,,11.0,0.75,0.0
42,trivia,overconfidence,baseline,,,,12.0,0.75,0.0
42,trivia,overconfidence,baseline,,,,13.0,0.71,1.0
42,trivia,overconfidence,baseline,,,,14.0,0.64,1.0
42,trivia,overconfidence,baseline,,,,15.0,0.89,1.0
42,trivia,overconfidence,baseline,,,,16.0,0.95,0.0
42,trivia,overconfidence,baseline,,,,17.0,0.8,1.0
42,trivia,overconfidence,baseline,,,,18.0,0.98,1.0
42,trivia,overconfidence,baseline,,,,19.0,1.0,1.0
43,trivia,overconfidence,baseline,,,,0.0,0.63,1.0
43,trivia,overconfidence,baseline,,,,1.0,0.69,1.0
43,trivia,overconfidence,baseline,,,,2.0,0.67,1.0
43,trivia,overconfidence,baseline,,,,3.0,0.87,0.0
43,trivia,overconfidence,baseline,,,,4.0,0.74,1.0
43,trivia,overconfidence,baseline,,,,5.0,0.88,1.0
43,trivia,overconfidence,baseline,,,,6.0,0.94,0.0
43,trivia,overconfidence,baseline,,,,7.0,0.71,0.0
43,trivia,overconfidence,baseline,,,,8.0,0.72,1.0
43,trivia,overconfidence,baseline,,,,9.0,0.78,1.0
43,trivia,overconfidence,baseline,,,,10.0,1.0,1.0
43,trivia,overconfidence,baseline,,,,11.0,0.72,1.0
43,trivia,overconfidence,baseline,,,,12.0,0.61,0.0
43,trivia,overconfidence,baseline,,,,13.0,0.67,1.0
43,trivia,overconfidence,baseline,,,,14.0,0.57,1.0
43,trivia,overconfidence,baseline,,,,15.0,0.93,0.0
43,trivia,overconfidence,baseline,,,,16.0,0.93,1.0
43,trivia,overconfidence,baseline,,,,17.0,1.0,1.0
43,trivia,overconfidence,baseline,,,,18.0,1.0,1.0
43,trivia,overconfidence,baseline,,,,19.0,1.0,1.0
44,trivia,overconfidence,baseline,,,,0.0,0.83,1.0
44,trivia,overconfidence,baseline,,,,1.0,0.86,0.0
44,trivia,overconfidence,baseline,,,,2.0,0.5,0.0
44,trivia,overconfidence,baseline,,,,3.0,0.65,1.0
44,trivia,overconfidence,baseline,,,,4.0,0.86,0.0
44,trivia,overconfidence,baseline,,,,5.0,0.91,1.0
44,trivia,overconfidence,baseline,,,,6.0,1.0,0.0
44,trivia,overconfidence,baseline,,,,7.0,0.64,1.0
44,trivia,overconfidence,baseline,,,,8.0,0.85,0.0
44,trivia,overconfidence,baseline,,,,9.0,0.84,1.0
44,trivia,overconfidence,baseline,,,,10.0,0.97,1.0
44,trivia,overconfidence,baseline,,,,11.0,0.75,1.0
44,trivia,overconfidence,baseline,,,,12.0,0.69,1.0
44,trivia,overconfidence,baseline,,,,13.0,0.68,1.0
44,trivia,overconfidence,baseline,,,,14.0,0.63,0.0
44,trivia,overconfidence,baseline,,,,15.0,0.85,0.0
44,trivia,overconfidence,baseline,,,,16.0,0.86,1.0
44,trivia,overconfidence,baseline,,,,17.0,0.99,0.0
44,trivia,overconfidence,baseline,,,,18.0,0.88,1.0
44,trivia,overconfidence,baseline,,,,19.0,1.0,1.0
45,trivia,overconfidence,baseline,,,,0.0,0.8,1.0
45,trivia,overconfidence,baseline,,,,1.0,0.7,0.0
45,trivia,overconfidence,baseline,,,,2.0,0.68,0.0
45,trivia,overconfidence,baseline,,,,3.0,0.96,0.0
45,trivia,overconfidence,baseline,,,,4.0,0.72,1.0
45,trivia,overconfidence,baseline,,,,5.0,0.93,1.0
45,trivia,overconfidence,baseline,,,,6.0,0.86,1.0
45,trivia,overconfidence,baseline,,,,7.0,0.64,1.0
45,trivia,overconfidence,baseline,,,,8.0,0.74,0.0
45,trivia,overconfidence,baseline,,,,9.0,0.77,1.0
45,trivia,overconfidence,baseline,,,,10.0,1.0,1.0
45,trivia,overconfidence,baseline,,,,11.0,0.71,0.0
45,trivia,overconfidence,baseline,,,,12.0,0.63,1.0
45,trivia,overconfidence,baseline,,,,13.0,0.7,0.0
45,trivia,overconfidence,baseline,,,,14.0,0.59,1.0
45,trivia,overconfidence,baseline,,,,15.0,0.79,1.0
45,trivia,overconfidence,baseline,,,,16.0,0.84,0.0
45,trivia,overconfidence,baseline,,,,17.0,1.0,1.0
45,trivia,overconfidence,baseline,,,,18.0,1.0,1.0
45,trivia,overconfidence,baseline,,,,19.0,1.0,1.0
46,trivia,overconfidence,baseline,,,,0.0,0.62,1.0
46,trivia,overconfidence,baseline,,,,1.0,0.73,1.0
46,trivia,overconfidence,baseline,,,,2.0,0.5,0.0
46,trivia,overconfidence,baseline,,,,3.0,0.79,0.0
46,trivia,overconfidence,baseline,,,,4.0,0.69,1.0
46,trivia,overconfidence,baseline,,,,5.0,0.91,1.0
46,trivia,overconfidence,baseline,,,,6.0,0.95,0.0
46,trivia,overconfidence,baseline,,,,7.0,0.61,1.0
46,trivia,overconfidence,baseline,,,,8.0,0.84,1.0
46,trivia,overconfidence,baseline,,,,9.0,0.8,0.0
46,trivia,overconfidence,baseline,,,,10.0,1.0,1.0
46,trivia,overconfidence,baseline,,,,11.0,0.74,1.0
46,trivia,overconfidence,baseline,,,,12.0,0.77,1.0
46,trivia,overconfidence,baseline,,,,13.0,0.64,0.0
46,trivia,overconfidence,baseline,,,,14.0,0.5,0.0
46,trivia,overconfidence,baseline,,,,15.0,0.8,0.0
46,trivia,overconfidence,baseline,,,,16.0,0.77,1.0
46,trivia,overconfidence,baseline,,,,17.0,0.84,1.0
46,trivia,overconfidence,baseline,,,,18.0,1.0,1.0
46,trivia,overconfidence,baseline,,,,19.0,1.0,1.0
47,trivia,overconfidence,baseline,,,,0.0,0.63,1.0
47,trivia,overconfidence,baseline,,,,1.0,0.94,0.0
47,trivia,overconfidence,baseline,,,,2.0,0.74,1.0
47,trivia,overconfidence,baseline,,,,3.0,0.7,1.0
47,trivia,overconfidence,baseline,,,,4.0,0.74,1.0
47,trivia,overconfidence,baseline,,,,5.0,0.93,1.0
47,trivia,overconfidence,baseline,,,,6.0,0.83,1.0
47,trivia,overconfidence,baseline,,,,7.0,0.81,1.0
47,trivia,overconfidence,baseline,,,,8.0,0.62,1.0
47,trivia,overconfidence,baseline,,,,9.0,0.94,1.0
47,trivia,overconfidence,baseline,,,,10.0,1.0,1.0
47,trivia,overconfidence,baseline,,,,11.0,0.87,1.0
47,trivia,overconfidence,baseline,,,,12.0,0.73,1.0
47,trivia,overconfidence,baseline,,,,13.0,0.64,0.0
47,trivia,overconfidence,baseline,,,,14.0,0.5,0.0
47,trivia,overconfidence,baseline,,,,15.0,0.97,0.0
47,trivia,overconfidence,baseline,,,,16.0,1.0,1.0
47,trivia,overconfidence,baseline,,,,17.0,1.0,1.0
47,trivia,overconfidence,baseline,,,,18.0,0.87,1.0
47,trivia,overconfidence,baseline,,,,19.0,1.0,1.0
48,trivia,overconfidence,baseline,,,,0.0,0.55,1.0
48,trivia,overconfidence,baseline,,,,1.0,0.64,0.0
48,trivia,overconfidence,baseline,,,,2.0,0.5,0.0
48,trivia,overconfidence,baseline,,,,3.0,0.63,1.0
48,trivia,overconfidence,baseline,,,,4.0,0.62,1.0
48,trivia,overconfidence,baseline,,,,5.0,0.75,1.0
48,trivia,overconfidence,baseline,,,,6.0,0.89,0.0
48,trivia,overconfidence,baseline,,,,7.0,0.66,0.0
48,trivia,overconfidence,baseline,,,,8.0,0.66,1.0
48,trivia,overconfidence,baseline,,,,9.0,0.65,0.0
48,trivia,overconfidence,baseline,,,,10.0,0.89,1.0
48,trivia,overconfidence,baseline,,,,11.0,0.62,1.0
48,trivia,overconfidence,baseline,,,,12.0,0.63,1.0
48,trivia,overconfidence,baseline,,,,13.0,0.63,0.0
48,trivia,overconfidence,baseline,,,,14.0,0.65,0.0
48,trivia,overconfidence,baseline,,,,15.0,0.72,0.0
48,trivia,overconfidence,baseline,,,,16.0,0.69,1.0
48,trivia,overconfidence,baseline,,,,17.0,0.96,1.0
48,trivia,overconfidence,baseline,,,,18.0,0.94,1.0
48,trivia,overconfidence,baseline,,,,19.0,1.0,1.0
49,trivia,overconfidence,baseline,,,,0.0,0.55,0.0
49,trivia,overconfidence,baseline,,,,1.0,0.87,0.0
49,trivia,overconfidence,baseline,,,,2.0,0.53,0.0
49,trivia,overconfidence,baseline,,,,3.0,0.74,1.0
49,trivia,overconfidence,baseline,,,,4.0,0.78,1.0
49,trivia,overconfidence,baseline,,,,5.0,0.97,1.0
49,trivia,overconfidence,baseline,,,,6.0,0.84,1.0
49,trivia,overconfidence,baseline,,,,7.0,0.58,0.0
49,trivia,overconfidence,baseline,,,,8.0,0.86,0.0
49,trivia,overconfidence,baseline,,,,9.0,0.73,1.0
49,trivia,overconfidence,baseline,,,,10.0,0.97,1.0
49,trivia,overconfidence,baseline,,,,11.0,0.64,1.0
49,trivia,overconfidence,baseline,,,,12.0,0.77,1.0
49,trivia,overconfidence,baseline,,,,13.0,0.62,0.0
49,trivia,overconfidence,baseline,,,,14.0,0.55,0.0
49,trivia,overconfidence,baseline,,,,15.0,0.89,1.0
49,trivia,overconfidence,baseline,,,,16.0,0.87,1.0
49,trivia,overconfidence,baseline,,,,17.0,0.96,0.0
49,trivia,overconfidence,baseline,,,,18.0,0.85,1.0
49,trivia,overconfidence,baseline,,,,19.0,1.0,1.0
50,trivia,overconfidence,baseline,,,,0.0,0.69,1.0
50,trivia,overconfidence,baseline,,,,1.0,0.6,0.0
50,trivia,overconfidence,baseline,,,,2.0,0.64,0.0
50,trivia,overconfidence,baseline,,,,3.0,0.62,0.0
50,trivia,overconfidence,baseline,,,,4.0,0.67,1.0
50,trivia,overconfidence,baseline,,,,5.0,0.87,0.0
50,trivia,overconfidence,baseline,,,,6.0,0.83,1.0
50,trivia,overconfidence,baseline,,,,7.0,0.66,0.0
50,trivia,overconfidence,baseline,,,,8.0,0.65,1.0
50,trivia,overconfidence,baseline,,,,9.0,0.79,1.0
50,trivia,overconfidence,baseline,,,,10.0,1.0,1.0
50,trivia,overconfidence,baseline,,,,11.0,0.7,0.0
50,trivia,overconfidence,baseline,,,,12.0,0.73,0.0
50,trivia,overconfidence,baseline,,,,13.0,0.62,0.0
50,trivia,overconfidence,baseline,,,,14.0,0.6,0.0
50,trivia,overconfidence,baseline,,,,15.0,0.89,1.0
50,trivia,overconfidence,baseline,,,,16.0,0.9,1.0
50,trivia,overconfidence,baseline,,,,17.0,0.95,1.0
50,trivia,overconfidence,baseline,,,,18.0,0.9,1.0
50,trivia,overconfidence,baseline,,,,19.0,0.97,1.0
51,trivia,overconfidence,baseline,,,,0.0,0.83,1.0
51,trivia,overconfidence,baseline,,,,1.0,0.89,1.0
51,trivia,overconfidence,baseline,,,,2.0,0.5,0.0
51,trivia,overconfidence,baseline,,,,3.0,0.77,1.0
51,trivia,overconfidence,baseline,,,,4.0,0.85,1.0
51,trivia,overconfidence,baseline,,,,5.0,0.83,0.0
51,trivia,overconfidence,baseline,,,,6.0,0.8,0.0
51,trivia,overconfidence,baseline,,,,7.0,0.83,1.0
51,trivia,overconfidence,baseline,,,,8.0,0.71,1.0
51,trivia,overconfidence,baseline,,,,9.0,0.69,1.0
51,trivia,overconfidence,baseline,,,,10.0,1.0,1.0
51,trivia,overconfidence,baseline,,,,11.0,0.63,0.0
51,trivia,overconfidence,baseline,,,,12.0,0.81,1.0
51,trivia,overconfidence,baseline,,,,13.0,0.64,0.0
51,trivia,overconfidence,baseline,,,,14.0,0.53,1.0
51,trivia,overconfidence,baseline,,,,15.0,0.81,1.0
51,trivia,overconfidence,baseline,,,,16.0,0.87,1.0
51,trivia,overconfidence,baseline,,,,17.0,0.98,1.0
51,trivia,overconfidence,baseline,,,,18.0,0.94,0.0
51,trivia,overconfidence,baseline,,,,19.0,1.0,1.0
52,trivia,overconfidence,baseline,,,,0.0,0.59,1.0
52,trivia,overconfidence,baseline,,,,1.0,0.59,1.0
52,trivia,overconfidence,baseline,,,,2.0,0.5,1.0
52,trivia,overconfidence,baseline,,,,3.0,0.5,1.0
52,trivia,overconfidence,baseline,,,,4.0,0.58,1.0
52,trivia,overconfidence,baseline,,,,5.0,0.77,1.0
52,trivia,overconfidence,baseline,,,,6.0,0.64,1.0
52,trivia,overconfidence,baseline,,,,7.0,0.5,1.0
52,trivia,overconfidence,baseline,,,,8.0,0.5,1.0
52,trivia,overconfidence,baseline,,,,9.0,0.5,0.0
52,trivia,overconfidence,baseline,,,,10.0,0.78,1.0
52,trivia,overconfidence,baseline,,,,11.0,0.5,0.0
52,trivia,overconfidence,baseline,,,,12.0,0.59,1.0
52,trivia,overconfidence,baseline,,,,13.0,0.5,0.0
52,trivia,overconfidence,baseline,,,,14.0,0.5,1.0
52,trivia,overconfidence,baseline,,,,15.0,0.5,1.0
52,trivia,overconfidence,baseline,,,,16.0,0.68,1.0
52,trivia,overconfidence,baseline,,,,17.0,0.87,0.0
52,trivia,overconfidence,baseline,,,,18.0,0.76,1.0
52,trivia,overconfidence,baseline,,,,19.0,0.93,1.0
53,trivia,overconfidence,baseline,,,,0.0,0.5,1.0
53,trivia,overconfidence,baseline,,,,1.0,0.72,1.0
53,trivia,overconfidence,baseline,,,,2.0,0.5,1.0
53,trivia,overconfidence,baseline,,,,3.0,0.62,0.0
53,trivia,overconfidence,baseline,,,,4.0,0.56,0.0
53,trivia,overconfidence,baseline,,,,5.0,0.75,1.0
53,trivia,overconfidence,baseline,,,,6.0,0.85,1.0
53,trivia,overconfidence,baseline,,,,7.0,0.58,1.0
53,trivia,overconfidence,baseline,,,,8.0,0.57,1.0
53,trivia,overconfidence,baseline,,,,9.0,0.68,0.0
53,trivia,overconfidence,baseline,,,,10.0,0.93,1.0
53,trivia,overconfidence,baseline,,,,11.0,0.64,1.0
53,trivia,overconfidence,baseline,,,,12.0,0.62,0.0
53,trivia,overconfidence,baseline,,,,13.0,0.52,0.0
53,trivia,overconfidence,baseline,,,,14.0,0.5,1.0
53,trivia,overconfidence,baseline,,,,15.0,0.62,0.0
53,trivia,overconfidence,baseline,,,,16.0,0.75,0.0
53,trivia,overconfidence,baseline,,,,17.0,0.81,0.0
53,trivia,overconfidence,baseline,,,,18.0,0.87,1.0
53,trivia,overconfidence,baseline,,,,19.0,1.0,1.0
54,trivia,overconfidence,baseline,,,,0.0,0.7,1.0
54,trivia,overconfidence,baseline,,,,1.0,0.74,1.0
54,trivia,overconfidence,baseline,,,,2.0,0.5,0.0
54,trivia,overconfidence,baseline,,,,3.0,0.82,0.0
54,trivia,overconfidence,baseline,,,,4.0,0.77,0.0
54,trivia,overconfidence,baseline,,,,5.0,1.0,1.0
54,trivia,overconfidence,baseline,,,,6.0,0.85,0.0
54,trivia,overconfidence,baseline,,,,7.0,0.71,1.0
54,trivia,overconfidence,baseline,,,,8.0,0.83,1.0
54,trivia,overconfidence,baseline,,,,9.0,0.87,1.0
54,trivia,overconfidence,baseline,,,,10.0,1.0,1.0
54,trivia,overconfidence,baseline,,,,11.0,0.76,1.0
54,trivia,overconfidence,baseline,,,,12.0,0.78,0.0
54,trivia,overconfidence,baseline,,,,13.0,0.68,1.0
54,trivia,overconfidence,baseline,,,,14.0,0.5,0.0
54,trivia,overconfidence,baseline,,,,15.0,0.78,1.0
54,trivia,overconfidence,baseline,,,,16.0,0.87,0.0
54,trivia,overconfidence,baseline,,,,17.0,1.0,1.0
54,trivia,overconfidence,baseline,,,,18.0,0.92,1.0
54,trivia,overconfidence,baseline,,,,19.0,1.0,1.0
55,trivia,overconfidence,baseline,,,,0.0,0.58,1.0
55,trivia,overconfidence,baseline,,,,1.0,0.84,1.0
55,trivia,overconfidence,baseline,,,,2.0,0.5,0.0
55,trivia,overconfidence,baseline,,,,3.0,0.66,1.0
55,trivia,overconfidence,baseline,,,,4.0,0.72,1.0
55,trivia,overconfidence,baseline,,,,5.0,0.9,1.0
55,trivia,overconfidence,baseline,,,,6.0,0.81,0.0
55,trivia,overconfidence,baseline,,,,7.0,0.5,0.0
55,trivia,overconfidence,baseline,,,,8.0,0.64,0.0
55,trivia,overconfidence,baseline,,,,9.0,0.84,0.0
55,trivia,overconfidence,baseline,,,,10.0,0.89,1.0
55,trivia,overconfidence,baseline,,,,11.0,0.54,1.0
55,trivia,overconfidence,baseline,,,,12.0,0.74,1.0
55,trivia,overconfidence,baseline,,,,13.0,0.55,1.0
55,trivia,overconfidence,baseline,,,,14.0,0.5,1.0
55,trivia,overconfidence,baseline,,,,15.0,0.69,1.0
55,trivia,overconfidence,baseline,,,,16.0,0.71,1.0
55,trivia,overconfidence,baseline,,,,17.0,0.94,1.0
55,trivia,overconfidence,baseline,,,,18.0,0.87,1.0
55,trivia,overconfidence,baseline,,,,19.0,0.99,1.0
56,trivia,overconfidence,baseline,,,,0.0,0.61,0.0
56,trivia,overconfidence,baseline,,,,1.0,0.64,1.0
56,trivia,overconfidence,baseline,,,,2.0,0.62,0.0
56,trivia,overconfidence,baseline,,,,3.0,0.64,1.0
56,trivia,overconfidence,baseline,,,,4.0,0.65,1.0
56,trivia,overconfidence,baseline,,,,5.0,0.84,1.0
56,trivia,overconfidence,baseline,,,,6.0,0.78,1.0
56,trivia,overconfidence,baseline,,,,7.0,0.58,1.0
56,trivia,overconfidence,baseline,,,,8.0,0.81,0.0
56,trivia,overconfidence,baseline,,,,9.0,0.91,0.0
56,trivia,overconfidence,baseline,,,,10.0,1.0,1.0
56,trivia,overconfidence,baseline,,,,11.0,0.66,1.0
56,trivia,overconfidence,baseline,,,,12.0,0.54,0.0
56,trivia,overconfidence,baseline,,,,13.0,0.71,1.0
56,trivia,overconfidence,baseline,,,,14.0,0.5,1.0
56,trivia,overconfidence,baseline,,,,15.0,0.68,1.0
56,trivia,overconfidence,baseline,,,,16.0,0.84,1.0
56,trivia,overconfidence,baseline,,,,17.0,1.0,1.0
56,trivia,overconfidence,baseline,,,,18.0,1.0,1.0
56,trivia,overconfidence,baseline,,,,19.0,1.0,1.0
57,trivia,overconfidence,baseline,,,,0.0,0.67,1.0
57,trivia,overconfidence,baseline,,,,1.0,0.8,0.0
57,trivia,overconfidence,baseline,,,,2.0,0.53,1.0
57,trivia,overconfidence,baseline,,,,3.0,0.86,1.0
57,trivia,overconfidence,baseline,,,,4.0,0.79,0.0
57,trivia,overconfidence,baseline,,,,5.0,0.83,1.0
57,trivia,overconfidence,baseline,,,,6.0,0.85,0.0
57,trivia,overconfidence,baseline,,,,7.0,0.86,1.0
57,trivia,overconfidence,baseline,,,,8.0,0.83,0.0
57,trivia,overconfidence,baseline,,,,9.0,0.9,1.0
57,trivia,overconfidence,baseline,,,,10.0,1.0,1.0
57,trivia,overconfidence,baseline,,,,11.0,0.77,1.0
57,trivia,overconfidence,baseline,,,,12.0,0.53,1.0
57,trivia,overconfidence,baseline,,,,13.0,0.75,0.0
57,trivia,overconfidence,baseline,,,,14.0,0.64,1.0
57,trivia,overconfidence,baseline,,,,15.0,0.81,1.0
57,trivia,overconfidence,baseline,,,,16.0,0.89,1.0
57,trivia,overconfidence,baseline,,,,17.0,1.0,1.0
57,trivia,overconfidence,baseline,,,,18.0,1.0,1.0
57,trivia,overconfidence,baseline,,,,19.0,1.0,1.0
58,trivia,overconfidence,baseline,,,,0.0,0.69,0.0
58,trivia,overconfidence,baseline,,,,1.0,0.65,0.0
58,trivia,overconfidence,baseline,,,,2.0,0.57,0.0
58,trivia,overconfidence,baseline,,,,3.0,0.86,1.0
58,trivia,overconfidence,baseline,,,,4.0,0.66,1.0
58,trivia,overconfidence,baseline,,,,5.0,0.84,1.0
58,trivia,overconfidence,baseline,,,,6.0,0.83,0.0
58,trivia,overconfidence,baseline,,,,7.0,0.69,1.0
58,trivia,overconfidence,baseline,,,,8.0,0.69,0.0
58,trivia,overconfidence,baseline,,,,9.0,0.84,1.0
58,trivia,overconfidence,baseline,,,,10.0,1.0,1.0
58,trivia,overconfidence,baseline,,,,11.0,0.7,0.0
58,trivia,overconfidence,baseline,,,,12.0,0.65,0.0
58,trivia,overconfidence,baseline,,,,13.0,0.63,1.0
58,trivia,overconfidence,baseline,,,,14.0,0.6,1.0
58,trivia,overconfidence,baseline,,,,15.0,0.84,0.0
58,trivia,overconfidence,baseline,,,,16.0,0.84,1.0
58,trivia,overconfidence,baseline,,,,17.0,1.0,0.0
58,trivia,overconfidence,baseline,,,,18.0,0.91,1.0
58,trivia,overconfidence,baseline,,,,19.0,1.0,1.0
59,trivia,overconfidence,baseline,,,,0.0,0.73,1.0
59,trivia,overconfidence,baseline,,,,1.0,0.78,1.0
59,trivia,overconfidence,baseline,,,,2.0,0.5,0.0
59,trivia,overconfidence,baseline,,,,3.0,0.77,1.0
59,trivia,overconfidence,baseline,,,,4.0,0.79,1.0
59,trivia,overconfidence,baseline,,,,5.0,0.99,1.0
59,trivia,overconfidence,baseline,,,,6.0,0.9,0.0
59,trivia,overconfidence,baseline,,,,7.0,0.66,0.0
59,trivia,overconfidence,baseline,,,,8.0,0.79,1.0
59,trivia,overconfidence,baseline,,,,9.0,0.77,1.0
59,trivia,overconfidence,baseline,,,,10.0,0.95,1.0
59,trivia,overconfidence,baseline,,,,11.0,0.79,1.0
59,trivia,overconfidence,baseline,,,,12.0,0.63,0.0
59,trivia,overconfidence,baseline,,,,13.0,0.66,0.0
59,trivia,overconfidence,baseline,,,,14.0,0.63,1.0
59,trivia,overconfidence,baseline,,,,15.0,1.0,1.0
59,trivia,overconfidence,baseline,,,,16.0,0.76,1.0
59,trivia,overconfidence,baseline,,,,17.0,1.0,1.0
59,trivia,overconfidence,baseline,,,,18.0,1.0,1.0
59,trivia,overconfidence,baseline,,,,19.0,1.0,1.0
60,trivia,overconfidence,baseline,,,,0.0,0.77,1.0
60,trivia,overconfidence,baseline,,,,1.0,0.75,0.0
60,trivia,overconfidence,baseline,,,,2.0,0.5,0.0
60,trivia,overconfidence,baseline,,,,3.0,0.85,0.0
60,trivia,overconfidence,baseline,,,,4.0,0.85,1.0
60,trivia,overconfidence,baseline,,,,5.0,0.79,0.0
60,trivia,overconfidence,baseline,,,,6.0,0.78,1.0
60,trivia,overconfidence,baseline,,,,7.0,0.73,1.0
60,trivia,overconfidence,baseline,,,,8.0,0.82,0.0
60,trivia,overconfidence,baseline,,,,9.0,0.83,0.0
60,trivia,overconfidence,baseline,,,,10.0,1.0,1.0
60,trivia,overconfidence,baseline,,,,11.0,0.82,0.0
60,trivia,overconfidence,baseline,,,,12.0,0.69,0.0
60,trivia,overconfidence,baseline,,,,13.0,0.59,1.0
60,trivia,overconfidence,baseline,,,,14.0,0.56,1.0
60,trivia,overconfidence,baseline,,,,15.0,0.89,0.0
60,trivia,overconfidence,baseline,,,,16.0,0.84,1.0
60,trivia,overconfidence,baseline,,,,17.0,1.0,0.0
60,trivia,overconfidence,baseline,,,,18.0,0.92,1.0
60,trivia,overconfidence,baseline,,,,19.0,1.0,1.0
61,trivia,overconfidence,baseline,,,,0.0,0.76,0.0
61,trivia,overconfidence,baseline,,,,1.0,0.88,0.0
61,trivia,overconfidence,baseline,,,,2.0,0.5,1.0
61,trivia,overconfidence,baseline,,,,3.0,0.76,1.0
61,trivia,overconfidence,baseline,,,,4.0,0.74,0.0
61,trivia,overconfidence,baseline,,,,5.0,0.84,0.0
61,trivia,overconfidence,baseline,,,,6.0,0.92,0.0
61,trivia,overconfidence,baseline,,,,7.0,0.75,1.0
61,trivia,overconfidence,baseline,,,,8.0,0.78,0.0
61,trivia,overconfidence,baseline,,,,9.0,0.78,1.0
61,trivia,overconfidence,baseline,,,,10.0,1.0,1.0
61,trivia,overconfidence,baseline,,,,11.0,0.67,0.0
61,trivia,overconfidence,baseline,,,,12.0,0.81,0.0
61,trivia,overconfidence,baseline,,,,13.0,0.62,1.0
61,trivia,overconfidence,baseline,,,,14.0,0.52,1.0
61,trivia,overconfidence,baseline,,,,15.0,0.88,1.0
61,trivia,overconfidence,baseline,,,,16.0,0.87,0.0
61,trivia,overconfidence,baseline,,,,17.0,1.0,1.0
61,trivia,overconfidence,baseline,,,,18.0,0.83,1.0
61,trivia,overconfidence,baseline,,,,19.0,1.0,1.0
62,trivia,overconfidence,baseline,,,,0.0,0.83,1.0
62,trivia,overconfidence,baseline,,,,1.0,0.7,1.0
62,trivia,overconfidence,baseline,,,,2.0,0.58,0.0
62,trivia,overconfidence,baseline,,,,3.0,1.0,0.0
62,trivia,overconfidence,baseline,,,,4.0,0.91,1.0
62,trivia,overconfidence,baseline,,,,5.0,0.85,1.0
62,trivia,overconfidence,baseline,,,,6.0,0.94,0.0
62,trivia,overconfidence,baseline,,,,7.0,0.78,1.0
62,trivia,overconfidence,baseline,,,,8.0,0.79,0.0
62,trivia,overconfidence,baseline,,,,9.0,0.68,0.0
62,trivia,overconfidence,baseline,,,,10.0,1.0,1.0
62,trivia,overconfidence,baseline,,,,11.0,0.7,0.0
62,trivia,overconfidence,baseline,,,,12.0,0.6,1.0
62,trivia,overconfidence,baseline,,,,13.0,0.62,1.0
62,trivia,overconfidence,baseline,,,,14.0,0.61,1.0
62,trivia,overconfidence,baseline,,,,15.0,0.85,1.0
62,trivia,overconfidence,baseline,,,,16.0,0.9,1.0
62,trivia,overconfidence,baseline,,,,17.0,0.98,1.0
62,trivia,overconfidence,baseline,,,,18.0,0.98,1.0
62,trivia,overconfidence,baseline,,,,19.0,1.0,1.0
63,trivia,overconfidence,baseline,,,,0.0,0.69,0.0
63,trivia,overconfidence,baseline,,,,1.0,0.53,0.0
63,trivia,overconfidence,baseline,,,,2.0,0.5,0.0
63,trivia,overconfidence,baseline,,,,3.0,0.61,0.0
63,trivia,overconfidence,baseline,,,,4.0,0.64,0.0
63,trivia,overconfidence,baseline,,,,5.0,0.71,1.0
63,trivia,overconfidence,baseline,,,,6.0,0.85,1.0
63,trivia,overconfidence,baseline,,,,7.0,0.52,0.0
63,trivia,overconfidence,baseline,,,,8.0,0.69,1.0
63,trivia,overconfidence,baseline,,,,9.0,0.56,1.0
63,trivia,overconfidence,baseline,,,,10.0,0.79,1.0
63,trivia,overconfidence,baseline,,,,11.0,0.54,0.0
63,trivia,overconfidence,baseline,,,,12.0,0.59,1.0
63,trivia,overconfidence,baseline,,,,13.0,0.7,1.0
63,trivia,overconfidence,baseline,,,,14.0,0.5,1.0
63,trivia,overconfidence,baseline,,,,15.0,0.65,1.0
63,trivia,overconfidence,baseline,,,,16.0,0.78,1.0
63,trivia,overconfidence,baseline,,,,17.0,0.99,1.0
63,trivia,overconfidence,baseline,,,,18.0,0.78,1.0
63,trivia,overconfidence,baseline,,,,19.0,1.0,1.0
64,trivia,overconfidence,baseline,,,,0.0,0.74,1.0
64,trivia,overconfidence,baseline,,,,1.0,0.78,1.0
64,trivia,overconfidence,baseline,,,,2.0,0.5,0.0
64,trivia,overconfidence,baseline,,,,3.0,0.76,1.0
64,trivia,overconfidence,baseline,,,,4.0,0.74,1.0
64,trivia,overconfidence,baseline,,,,5.0,0.99,1.0
64,trivia,overconfidence,baseline,,,,6.0,0.8,0.0
64,trivia,overconfidence,baseline,,,,7.0,0.75,1.0
64,trivia,overconfidence,baseline,,,,8.0,0.7,0.0
64,trivia,overconfidence,baseline,,,,9.0,0.72,0.0
64,trivia,overconfidence,baseline,,,,10.0,1.0,1.0
64,trivia,overconfidence,baseline,,,,11.0,0.5,0.0
64,trivia,overconfidence,baseline,,,,12.0,0.52,1.0
64,trivia,overconfidence,baseline,,,,13.0,0.5,0.0
64,trivia,overconfidence,baseline,,,,14.0,0.6,0.0
64,trivia,overconfidence,baseline,,,,15.0,0.81,1.0
64,trivia,overconfidence,baseline,,,,16.0,0.76,1.0
64,trivia,overconfidence,baseline,,,,17.0,0.97,1.0
64,trivia,overconfidence,baseline,,,,18.0,1.0,0.0
64,trivia,overconfidence,baseline,,,,19.0,0.97,1.0
65,trivia,overconfidence,baseline,,,,0.0,0.68,0.0
65,trivia,overconfidence,baseline,,,,1.0,0.67,1.0
65,trivia,overconfidence,baseline,,,,2.0,0.72,0.0
65,trivia,overconfidence,baseline,,,,3.0,0.79,1.0
65,trivia,overconfidence,baseline,,,,4.0,0.85,0.0
65,trivia,overconfidence,baseline,,,,5.0,1.0,1.0
65,trivia,overconfidence,baseline,,,,6.0,0.85,1.0
65,trivia,overconfidence,baseline,,,,7.0,0.85,0.0
65,trivia,overconfidence,baseline,,,,8.0,0.58,1.0
65,trivia,overconfidence,baseline,,,,9.0,0.74,0.0
65,trivia,overconfidence,baseline,,,,10.0,1.0,1.0
65,trivia,overconfidence,baseline,,,,11.0,0.72,1.0
65,trivia,overconfidence,baseline,,,,12.0,0.74,1.0
65,trivia,overconfidence,baseline,,,,13.0,0.77,0.0
65,trivia,overconfidence,baseline,,,,14.0,0.6,0.0
65,trivia,overconfidence,baseline,,,,15.0,1.0,1.0
65,trivia,overconfidence,baseline,,,,16.0,0.87,0.0
65,trivia,overconfidence,baseline,,,,17.0,1.0,1.0
65,trivia,overconfidence,baseline,,,,18.0,1.0,0.0
65,trivia,overconfidence,baseline,,,,19.0,1.0,1.0
66,trivia,overconfidence,baseline,,,,0.0,0.5,1.0
66,trivia,overconfidence,baseline,,,,1.0,0.58,1.0
66,trivia,overconfidence,baseline,,,,2.0,0.5,0.0
66,trivia,overconfidence,baseline,,,,3.0,0.77,0.0
66,trivia,overconfidence,baseline,,,,4.0,0.74,1.0
66,trivia,overconfidence,baseline,,,,5.0,0.81,1.0
66,trivia,overconfidence,baseline,,,,6.0,0.71,1.0
66,trivia,overconfidence,baseline,,,,7.0,0.57,1.0
66,trivia,overconfidence,baseline,,,,8.0,0.63,1.0
66,trivia,overconfidence,baseline,,,,9.0,0.64,1.0
66,trivia,overconfidence,baseline,,,,10.0,1.0,1.0
66,trivia,overconfidence,baseline,,,,11.0,0.54,1.0
66,trivia,overconfidence,baseline,,,,12.0,0.52,1.0
66,trivia,overconfidence,baseline,,,,13.0,0.51,0.0
66,trivia,overconfidence,baseline,,,,14.0,0.5,1.0
66,trivia,overconfidence,baseline,,,,15.0,0.84,1.0
66,trivia,overconfidence,baseline,,,,16.0,0.65,1.0
66,trivia,overconfidence,baseline,,,,17.0,0.91,1.0
66,trivia,overconfidence,baseline,,,,18.0,0.88,1.0
66,trivia,overconfidence,baseline,,,,19.0,1.0,1.0
67,trivia,overconfidence,baseline,,,,0.0,0.65,1.0
67,trivia,overconfidence,baseline,,,,1.0,0.79,0.0
67,trivia,overconfidence,baseline,,,,2.0,0.58,1.0
67,trivia,overconfidence,baseline,,,,3.0,0.75,1.0
67,trivia,overconfidence,baseline,,,,4.0,0.75,1.0
67,trivia,overconfidence,baseline,,,,5.0,0.92,1.0
67,trivia,overconfidence,baseline,,,,6.0,0.82,1.0
67,trivia,overconfidence,baseline,,,,7.0,0.61,1.0
67,trivia,overconfidence,baseline,,,,8.0,0.7,0.0
67,trivia,overconfidence,baseline,,,,9.0,0.74,0.0
67,trivia,overconfidence,baseline,,,,10.0,0.94,1.0
67,trivia,overconfidence,baseline,,,,11.0,0.73,0.0
67,trivia,overconfidence,baseline,,,,12.0,0.77,0.0
67,trivia,overconfidence,baseline,,,,13.0,0.63,1.0
67,trivia,overconfidence,baseline,,,,14.0,0.59,1.0
67,trivia,overconfidence,baseline,,,,15.0,0.82,1.0
67,trivia,overconfidence,baseline,,,,16.0,0.84,1.0
67,trivia,overconfidence,baseline,,,,17.0,1.0,1.0
67,trivia,overconfidence,baseline,,,,18.0,1.0,1.0
67,trivia,overconfidence,baseline,,,,19.0,1.0,1.0
68,trivia,overconfidence,baseline,,,,0.0,0.66,0.0
68,trivia,overconfidence,baseline,,,,1.0,0.84,0.0
68,trivia,overconfidence,baseline,,,,2.0,0.51,0.0
68,trivia,overconfidence,baseline,,,,3.0,0.71,1.0
68,trivia,overconfidence,baseline,,,,4.0,0.78,0.0
68,trivia,overconfidence,baseline,,,,5.0,0.83,0.0
68,trivia,overconfidence,baseline,,,,6.0,0.93,1.0
68,trivia,overconfidence,baseline,,,,7.0,0.77,0.0
68,trivia,overconfidence,baseline,,,,8.0,0.73,1.0
68,trivia,overconfidence,baseline,,,,9.0,0.77,1.0
68,trivia,overconfidence,baseline,,,,10.0,1.0,1.0
68,trivia,overconfidence,baseline,,,,11.0,0.88,1.0
68,trivia,overconfidence,baseline,,,,12.0,0.74,1.0
68,trivia,overconfidence,baseline,,,,13.0,0.52,0.0
68,trivia,overconfidence,baseline,,,,14.0,0.58,0.0
68,trivia,overconfidence,baseline,,,,15.0,0.92,1.0
68,trivia,overconfidence,baseline,,,,16.0,0.86,0.0
68,trivia,overconfidence,baseline,,,,17.0,1.0,1.0
68,trivia,overconfidence,baseline,,,,18.0,1.0,1.0
68,trivia,overconfidence,baseline,,,,19.0,1.0,1.0
69,trivia,overconfidence,baseline,,,,0.0,0.5,0.0
69,trivia,overconfidence,baseline,,,,1.0,0.62,0.0
69,trivia,overconfidence,baseline,,,,2.0,0.5,0.0
69,trivia,overconfidence,baseline,,,,3.0,0.64,0.0
69,trivia,overconfidence,baseline,,,,4.0,0.7,1.0
69,trivia,overconfidence,baseline,,,,5.0,0.75,1.0
69,trivia,overconfidence,baseline,,,,6.0,0.63,1.0
69,trivia,overconfidence,baseline,,,,7.0,0.57,1.0
69,trivia,overconfidence,baseline,,,,8.0,0.59,1.0
69,trivia,overconfidence,baseline,,,,9.0,0.69,0.0
69,trivia,overconfidence,baseline,,,,10.0,0.88,1.0
69,trivia,overconfidence,baseline,,,,11.0,0.58,0.0
69,trivia,overconfidence,baseline,,,,12.0,0.58,1.0
69,trivia,overconfidence,baseline,,,,13.0,0.65,1.0
69,trivia,overconfidence,baseline,,,,14.0,0.5,0.0
69,trivia,overconfidence,baseline,,,,15.0,0.81,1.0
69,trivia,overconfidence,baseline,,,,16.0,0.75,1.0
69,trivia,overconfidence,baseline,,,,17.0,0.99,1.0
69,trivia,overconfidence,baseline,,,,18.0,1.0,1.0
69,trivia,overconfidence,baseline,,,,19.0,1.0,1.0
70,trivia,overconfidence,baseline,,,,0.0,0.59,1.0
70,trivia,overconfidence,baseline,,,,1.0,0.71,1.0
70,trivia,overconfidence,baseline,,,,2.0,0.5,0.0
70,trivia,overconfidence,baseline,,,,3.0,0.79,1.0
70,trivia,overconfidence,baseline,,,,4.0,0.74,1.0
70,trivia,overconfidence,baseline,,,,5.0,1.0,0.0
70,trivia,overconfidence,baseline,,,,6.0,0.99,0.0
70,trivia,overconfidence,baseline,,,,7.0,0.62,0.0
70,trivia,overconfidence,baseline,,,,8.0,0.79,1.0
70,trivia,overconfidence,baseline,,,,9.0,0.77,1.0
70,trivia,overconfidence,baseline,,,,10.0,1.0,1.0
70,trivia,overconfidence,baseline,,,,11.0,0.7,1.0
70,trivia,overconfidence,baseline,,,,12.0,0.81,0.0
70,trivia,overconfidence,baseline,,,,13.0,0.61,0.0
70,trivia,overconfidence,baseline,,,,14.0,0.58,0.0
70,trivia,overconfidence,baseline,,,,15.0,0.89,1.0
70,trivia,overconfidence,baseline,,,,16.0,0.86,1.0
70,trivia,overconfidence,baseline,,,,17.0,1.0,1.0
70,trivia,overconfidence,baseline,,,,18.0,0.9,0.0
70,trivia,overconfidence,baseline,,,,19.0,1.0,1.0
71,trivia,overconfidence,baseline,,,,0.0,0.65,1.0
71,trivia,overconfidence,baseline,,,,1.0,0.68,0.0
71,trivia,overconfidence,baseline,,,,2.0,0.5,0.0
71,trivia,overconfidence,baseline,,,,3.0,0.78,0.0
71,trivia,overconfidence,baseline,,,,4.0,0.75,0.0
71,trivia,overconfidence,baseline,,,,5.0,1.0,1.0
71,trivia,overconfidence,baseline,,,,6.0,0.97,1.0
71,trivia,overconfidence,baseline,,,,7.0,0.69,1.0
71,trivia,overconfidence,baseline,,,,8.0,0.89,1.0
71,trivia,overconfidence,baseline,,,,9.0,0.9,1.0
71,trivia,overconfidence,baseline,,,,10.0,0.97,1.0
71,trivia,overconfidence,baseline,,,,11.0,0.87,1.0
71,trivia,overconfidence,baseline,,,,12.0,0.68,0.0
71,trivia,overconfidence,baseline,,,,13.0,0.67,0.0
71,trivia,overconfidence,baseline,,,,14.0,0.7,0.0
71,trivia,overconfidence,baseline,,,,15.0,0.74,0.0
71,trivia,overconfidence,baseline,,,,16.0,0.84,0.0
71,trivia,overconfidence,baseline,,,,17.0,1.0,1.0
71,trivia,overconfidence,baseline,,,,18.0,1.0,1.0
71,trivia,overconfidence,baseline,,,,19.0,1.0,1.0
72,trivia,overconfidence,baseline,,,,0.0,0.62,0.0
72,trivia,overconfidence,baseline,,,,1.0,0.97,1.0
72,trivia,overconfidence,baseline,,,,2.0,0.59,0.0
72,trivia,overconfidence,baseline,,,,3.0,0.88,1.0
72,trivia,overconfidence,baseline,,,,4.0,0.7,1.0
72,trivia,overconfidence,baseline,,,,5.0,1.0,1.0
72,trivia,overconfidence,baseline,,,,6.0,0.91,0.0
72,trivia,overconfidence,baseline,,,,7.0,0.73,0.0
72,trivia,overconfidence,baseline,,,,8.0,0.91,1.0
72,trivia,overconfidence,baseline,,,,9.0,0.75,0.0
72,trivia,overconfidence,baseline,,,,10.0,1.0,1.0
72,trivia,overconfidence,baseline,,,,11.0,0.71,0.0
72,trivia,overconfidence,baseline,,,,12.0,0.82,1.0
72,trivia,overconfidence,baseline,,,,13.0,0.78,1.0
72,trivia,overconfidence,baseline,,,,14.0,0.63,0.0
72,trivia,overconfidence,baseline,,,,15.0,1.0,1.0
72,trivia,overconfidence,baseline,,,,16.0,0.92,1.0
72,trivia,overconfidence,baseline,,,,17.0,1.0,1.0
72,trivia,overconfidence,baseline,,,,18.0,1.0,1.0
72,trivia,overconfidence,baseline,,,,19.0,1.0,1.0
73,trivia,overconfidence,baseline,,,,0.0,0.58,1.0
73,trivia,overconfidence,baseline,,,,1.0,0.84,0.0
73,trivia,overconfidence,baseline,,,,2.0,0.5,0.0
73,trivia,overconfidence,baseline,,,,3.0,0.94,0.0
73,trivia,overconfidence,baseline,,,,4.0,0.77,1.0
73,trivia,overconfidence,baseline,,,,5.0,1.0,1.0
73,trivia,overconfidence,baseline,,,,6.0,1.0,1.0
73,trivia,overconfidence,baseline,,,,7.0,0.89,1.0
73,trivia,overconfidence,baseline,,,,8.0,0.75,1.0
73,trivia,overconfidence,baseline,,,,9.0,0.86,1.0
73,trivia,overconfidence,baseline,,,,10.0,1.0,1.0
73,trivia,overconfidence,baseline,,,,11.0,0.88,1.0
73,trivia,overconfidence,baseline,,,,12.0,0.88,1.0
73,trivia,overconfidence,baseline,,,,13.0,0.77,0.0
73,trivia,overconfidence,baseline,,,,14.0,0.71,0.0
73,trivia,overconfidence,baseline,,,,15.0,0.94,1.0
73,trivia,overconfidence,baseline,,,,16.0,0.95,0.0
73,trivia,overconfidence,baseline,,,,17.0,1.0,0.0
73,trivia,overconfidence,baseline,,,,18.0,1.0,1.0
73,trivia,overconfidence,baseline,,,,19.0,1.0,1.0
74,trivia,overconfidence,baseline,,,,0.0,0.62,0.0
74,trivia,overconfidence,baseline,,,,1.0,0.7,0.0
74,trivia,overconfidence,baseline,,,,2.0,0.53,0.0
74,trivia,overconfidence,baseline,,,,3.0,0.6,0.0
74,trivia,overconfidence,baseline,,,,4.0,0.5,1.0
74,trivia,overconfidence,baseline,,,,5.0,0.74,1.0
74,trivia,overconfidence,baseline,,,,6.0,0.76,0.0
74,trivia,overconfidence,baseline,,,,7.0,0.55,0.0
74,trivia,overconfidence,baseline,,,,8.0,0.59,1.0
74,trivia,overconfidence,baseline,,,,9.0,0.59,1.0
74,trivia,overconfidence,baseline,,,,10.0,0.93,1.0
74,trivia,overconfidence,baseline,,,,11.0,0.5,1.0
74,trivia,overconfidence,baseline,,,,12.0,0.62,0.0
74,trivia,overconfidence,baseline,,,,13.0,0.56,0.0
74,trivia,overconfidence,baseline,,,,14.0,0.54,0.0
74,trivia,overconfidence,baseline,,,,15.0,0.97,0.0
74,trivia,overconfidence,baseline,,,,16.0,0.54,1.0
74,trivia,overconfidence,baseline,,,,17.0,0.91,1.0
74,trivia,overconfidence,baseline,,,,18.0,0.89,1.0
74,trivia,overconfidence,baseline,,,,19.0,0.96,1.0
75,trivia,overconfidence,baseline,,,,0.0,0.66,0.0
75,trivia,overconfidence,baseline,,,,1.0,0.71,1.0
75,trivia,overconfidence,baseline,,,,2.0,0.56,0.0
75,trivia,overconfidence,baseline,,,,3.0,0.87,1.0
75,trivia,overconfidence,baseline,,,,4.0,0.65,0.0
75,trivia,overconfidence,baseline,,,,5.0,0.97,1.0
75,trivia,overconfidence,baseline,,,,6.0,0.99,0.0
75,trivia,overconfidence,baseline,,,,7.0,0.66,0.0
75,trivia,overconfidence,baseline,,,,8.0,0.56,1.0
75,trivia,overconfidence,baseline,,,,9.0,0.71,0.0
75,trivia,overconfidence,baseline,,,,10.0,0.96,1.0
75,trivia,overconfidence,baseline,,,,11.0,0.63,0.0
75,trivia,overconfidence,baseline,,,,12.0,0.86,0.0
75,trivia,overconfidence,baseline,,,,13.0,0.82,1.0
75,trivia,overconfidence,baseline,,,,14.0,0.71,0.0
75,trivia,overconfidence,baseline,,,,15.0,0.84,1.0
75,trivia,overconfidence,baseline,,,,16.0,0.97,0.0
75,trivia,overconfidence,baseline,,,,17.0,0.84,1.0
75,trivia,overconfidence,baseline,,,,18.0,0.89,0.0
75,trivia,overconfidence,baseline,,,,19.0,1.0,1.0
76,trivia,overconfidence,baseline,,,,0.0,0.61,1.0
76,trivia,overconfidence,baseline,,,,1.0,0.63,1.0
76,trivia,overconfidence,baseline,,,,2.0,0.52,0.0
76,trivia,overconfidence,baseline,,,,3.0,0.79,0.0
76,trivia,overconfidence,baseline,,,,4.0,0.75,0.0
76,trivia,overconfidence,baseline,,,,5.0,0.96,1.0
76,trivia,overconfidence,baseline,,,,6.0,0.88,1.0
76,trivia,overconfidence,baseline,,,,7.0,0.67,0.0
76,trivia,overconfidence,baseline,,,,8.0,0.73,1.0
76,trivia,overconfidence,baseline,,,,9.0,0.82,0.0
76,trivia,overconfidence,baseline,,,,10.0,1.0,1.0
76,trivia,overconfidence,baseline,,,,11.0,0.63,1.0
76,trivia,overconfidence,baseline,,,,12.0,0.62,1.0
76,trivia,overconfidence,baseline,,,,13.0,0.62,1.0
76,trivia,overconfidence,baseline,,,,14.0,0.67,0.0
76,trivia,overconfidence,baseline,,,,15.0,0.89,1.0
76,trivia,overconfidence,baseline,,,,16.0,0.93,1.0
76,trivia,overconfidence,baseline,,,,17.0,0.96,0.0
76,trivia,overconfidence,baseline,,,,18.0,0.96,0.0
76,trivia,overconfidence,baseline,,,,19.0,1.0,1.0
77,trivia,overconfidence,baseline,,,,0.0,0.68,1.0
77,trivia,overconfidence,baseline,,,,1.0,0.67,1.0
77,trivia,overconfidence,baseline,,,,2.0,0.5,1.0
77,trivia,overconfidence,baseline,,,,3.0,0.82,1.0
77,trivia,overconfidence,baseline,,,,4.0,0.67,0.0
77,trivia,overconfidence,baseline,,,,5.0,0.81,1.0
77,trivia,overconfidence,baseline,,,,6.0,0.92,1.0
77,trivia,overconfidence,baseline,,,,7.0,0.71,1.0
77,trivia,overconfidence,baseline,,,,8.0,0.58,0.0
77,trivia,overconfidence,baseline,,,,9.0,0.72,1.0
77,trivia,overconfidence,baseline,,,,10.0,1.0,1.0
77,trivia,overconfidence,baseline,,,,11.0,0.67,1.0
77,trivia,overconfidence,baseline,,,,12.0,0.65,0.0
77,trivia,overconfidence,baseline,,,,13.0,0.51,1.0
77,trivia,overconfidence,baseline,,,,14.0,0.5,0.0
77,trivia,overconfidence,baseline,,,,15.0,0.86,1.0
77,trivia,overconfidence,baseline,,,,16.0,0.71,1.0
77,trivia,overconfidence,baseline,,,,17.0,0.97,1.0
77,trivia,overconfidence,baseline,,,,18.0,0.9,0.0
77,trivia,overconfidence,baseline,,,,19.0,1.0,1.0
78,trivia,overconfidence,baseline,,,,0.0,0.63,0.0
78,trivia,overconfidence,baseline,,,,1.0,0.76,0.0
78,trivia,overconfidence,baseline,,,,2.0,0.56,0.0
78,trivia,overconfidence,baseline,,,,3.0,0.74,1.0
78,trivia,overconfidence,baseline,,,,4.0,0.78,1.0
78,trivia,overconfidence,baseline,,,,5.0,1.0,1.0
78,trivia,overconfidence,baseline,,,,6.0,0.87,1.0
78,trivia,overconfidence,baseline,,,,7.0,0.74,1.0
78,trivia,overconfidence,baseline,,,,8.0,0.62,1.0
78,trivia,overconfidence,baseline,,,,9.0,0.74,1.0
78,trivia,overconfidence,baseline,,,,10.0,0.89,1.0
78,trivia,overconfidence,baseline,,,,11.0,0.62,0.0
78,trivia,overconfidence,baseline,,,,12.0,0.67,0.0
78,trivia,overconfidence,baseline,,,,13.0,0.77,1.0
78,trivia,overconfidence,baseline,,,,14.0,0.5,0.0
78,trivia,overconfidence,baseline,,,,15.0,0.83,1.0
78,trivia,overconfidence,baseline,,,,16.0,0.74,1.0
78,trivia,overconfidence,baseline,,,,17.0,0.96,1.0
78,trivia,overconfidence,baseline,,,,18.0,0.98,0.0
78,trivia,overconfidence,baseline,,,,19.0,1.0,1.0
79,trivia,overconfidence,baseline,,,,0.0,0.72,1.0
79,trivia,overconfidence,baseline,,,,1.0,0.78,1.0
79,trivia,overconfidence,baseline,,,,2.0,0.5,1.0
79,trivia,overconfidence,baseline,,,,3.0,0.98,0.0
79,trivia,overconfidence,baseline,,,,4.0,0.78,1.0
79,trivia,overconfidence,baseline,,,,5.0,0.85,1.0
79,trivia,overconfidence,baseline,,,,6.0,1.0,1.0
79,trivia,overconfidence,baseline,,,,7.0,0.64,0.0
79,trivia,overconfidence,baseline,,,,8.0,0.92,1.0
79,trivia,overconfidence,baseline,,,,9.0,0.74,1.0
79,trivia,overconfidence,baseline,,,,10.0,1.0,1.0
79,trivia,overconfidence,baseline,,,,11.0,0.68,1.0
79,trivia,overconfidence,baseline,,,,12.0,0.74,1.0
79,trivia,overconfidence,baseline,,,,13.0,0.82,0.0
79,trivia,overconfidence,baseline,,,,14.0,0.58,1.0
79,trivia,overconfidence,baseline,,,,15.0,0.97,1.0
79,trivia,overconfidence,baseline,,,,16.0,0.94,1.0
79,trivia,overconfidence,baseline,,,,17.0,1.0,1.0
79,trivia,overconfidence,baseline,,,,18.0,1.0,0.0
79,trivia,overconfidence,baseline,,,,19.0,1.0,1.0
80,trivia,overconfidence,baseline,,,,0.0,0.57,0.0
80,trivia,overconfidence,baseline,,,,1.0,0.69,1.0
80,trivia,overconfidence,baseline,,,,2.0,0.5,0.0
80,trivia,overconfidence,baseline,,,,3.0,0.66,0.0
80,trivia,overconfidence,baseline,,,,4.0,0.64,1.0
80,trivia,overconfidence,baseline,,,,5.0,0.89,1.0
80,trivia,overconfidence,baseline,,,,6.0,0.75,1.0
80,trivia,overconfidence,baseline,,,,7.0,0.59,0.0
80,trivia,overconfidence,baseline,,,,8.0,0.66,0.0
80,trivia,overconfidence,baseline,,,,9.0,0.65,0.0
80,trivia,overconfidence,baseline,,,,10.0,0.86,1.0
80,trivia,overconfidence,baseline,,,,11.0,0.63,1.0
80,trivia,overconfidence,baseline,,,,12.0,0.6,1.0
80,trivia,overconfidence,baseline,,,,13.0,0.5,0.0
80,trivia,overconfidence,baseline,,,,14.0,0.5,0.0
80,trivia,overconfidence,baseline,,,,15.0,0.6,1.0
80,trivia,overconfidence,baseline,,,,16.0,0.77,1.0
80,trivia,overconfidence,baseline,,,,17.0,0.83,1.0
80,trivia,overconfidence,baseline,,,,18.0,0.73,1.0
80,trivia,overconfidence,baseline,,,,19.0,0.96,1.0
81,trivia,overconfidence,baseline,,,,0.0,0.64,1.0
81,trivia,overconfidence,baseline,,,,1.0,0.63,0.0
81,trivia,overconfidence,baseline,,,,2.0,0.5,1.0
81,trivia,overconfidence,baseline,,,,3.0,0.68,1.0
81,trivia,overconfidence,baseline,,,,4.0,0.68,0.0
81,trivia,overconfidence,baseline,,,,5.0,0.88,1.0
81,trivia,overconfidence,baseline,,,,6.0,0.87,0.0
81,trivia,overconfidence,baseline,,,,7.0,0.71,0.0
81,trivia,overconfidence,baseline,,,,8.0,0.69,0.0
81,trivia,overconfidence,baseline,,,,9.0,0.65,0.0
81,trivia,overconfidence,baseline,,,,10.0,1.0,1.0
81,trivia,overconfidence,baseline,,,,11.0,0.6,0.0
81,trivia,overconfidence,baseline,,,,12.0,0.5,0.0
81,trivia,overconfidence,baseline,,,,13.0,0.61,0.0
81,trivia,overconfidence,baseline,,,,14.0,0.56,1.0
81,trivia,overconfidence,baseline,,,,15.0,0.77,1.0
81,trivia,overconfidence,baseline,,,,16.0,0.67,0.0
81,trivia,overconfidence,baseline,,,,17.0,0.82,1.0
81,trivia,overconfidence,baseline,,,,18.0,0.89,1.0
81,trivia,overconfidence,baseline,,,,19.0,1.0,1.0
82,trivia,overconfidence,baseline,,,,0.0,0.57,0.0
82,trivia,overconfidence,baseline,,,,1.0,0.54,0.0
82,trivia,overconfidence,baseline,,,,2.0,0.5,0.0
82,trivia,overconfidence,baseline,,,,3.0,0.75,0.0
82,trivia,overconfidence,baseline,,,,4.0,0.5,0.0
82,trivia,overconfidence,baseline,,,,5.0,0.75,1.0
82,trivia,overconfidence,baseline,,,,6.0,0.56,1.0
82,trivia,overconfidence,baseline,,,,7.0,0.63,1.0
82,trivia,overconfidence,baseline,,,,8.0,0.5,0.0
82,trivia,overconfidence,baseline,,,,9.0,0.63,0.0
82,trivia,overconfidence,baseline,,,,10.0,0.87,0.0
82,trivia,overconfidence,baseline,,,,11.0,0.5,0.0
82,trivia,overconfidence,baseline,,,,12.0,0.56,1.0
82,trivia,overconfidence,baseline,,,,13.0,0.5,1.0
82,trivia,overconfidence,baseline,,,,14.0,0.5,1.0
82,trivia,overconfidence,baseline,,,,15.0,0.63,1.0
82,trivia,overconfidence,baseline,,,,16.0,0.69,1.0
82,trivia,overconfidence,baseline,,,,17.0,0.82,1.0
82,trivia,overconfidence,baseline,,,,18.0,0.82,1.0
82,trivia,overconfidence,baseline,,,,19.0,1.0,1.0
83,trivia,overconfidence,baseline,,,,0.0,0.72,1.0
83,trivia,overconfidence,baseline,,,,1.0,0.78,1.0
83,trivia,overconfidence,baseline,,,,2.0,0.61,0.0
83,trivia,overconfidence,baseline,,,,3.0,0.79,0.0
83,trivia,overconfidence,baseline,,,,4.0,0.78,1.0
83,trivia,overconfidence,baseline,,,,5.0,1.0,1.0
83,trivia,overconfidence,baseline,,,,6.0,0.93,1.0
83,trivia,overconfidence,baseline,,,,7.0,0.82,0.0
83,trivia,overconfidence,baseline,,,,8.0,0.75,0.0
83,trivia,overconfidence,baseline,,,,9.0,0.87,1.0
83,trivia,overconfidence,baseline,,,,10.0,1.0,1.0
83,trivia,overconfidence,baseline,,,,11.0,0.72,0.0
83,trivia,overconfidence,baseline,,,,12.0,0.62,0.0
83,trivia,overconfidence,baseline,,,,13.0,0.62,1.0
83,trivia,overconfidence,baseline,,,,14.0,0.5,0.0
83,trivia,overconfidence,baseline,,,,15.0,0.76,0.0
83,trivia,overconfidence,baseline,,,,16.0,1.0,0.0
83,trivia,overconfidence,baseline,,,,17.0,1.0,1.0
83,trivia,overconfidence,baseline,,,,18.0,1.0,1.0
83,trivia,overconfidence,baseline,,,,19.0,1.0,1.0
84,trivia,overconfidence,baseline,,,,0.0,0.67,0.0
84,trivia,overconfidence,baseline,,,,1.0,0.69,0.0
84,trivia,overconfidence,baseline,,,,2.0,0.5,0.0
84,trivia,overconfidence,baseline,,,,3.0,0.66,1.0
84,trivia,overconfidence,baseline,,,,4.0,0.74,1.0
84,trivia,overconfidence,baseline,,,,5.0,0.94,1.0
84,trivia,overconfidence,baseline,,,,6.0,0.85,0.0
84,trivia,overconfidence,baseline,,,,7.0,0.67,0.0
84,trivia,overconfidence,baseline,,,,8.0,0.76,1.0
84,trivia,overconfidence,baseline,,,,9.0,0.66,1.0
84,trivia,overconfidence,baseline,,,,10.0,1.0,1.0
84,trivia,overconfidence,baseline,,,,11.0,0.79,0.0
84,trivia,overconfidence,baseline,,,,12.0,0.63,1.0
84,trivia,overconfidence,baseline,,,,13.0,0.6,0.0
84,trivia,overconfidence,baseline,,,,14.0,0.66,0.0
84,trivia,overconfidence,baseline,,,,15.0,0.83,1.0
84,trivia,overconfidence,baseline,,,,16.0,0.88,1.0
84,trivia,overconfidence,baseline,,,,17.0,1.0,1.0
84,trivia,overconfidence,baseline,,,,18.0,0.98,1.0
84,trivia,overconfidence,baseline,,,,19.0,1.0,1.0
85,trivia,overconfidence,baseline,,,,0.0,0.5,1.0
85,trivia,overconfidence,baseline,,,,1.0,0.67,0.0
85,trivia,overconfidence,baseline,,,,2.0,0.5,1.0
85,trivia,overconfidence,baseline,,,,3.0,0.63,1.0
85,trivia,overconfidence,baseline,,,,4.0,0.51,1.0
85,trivia,overconfidence,baseline,,,,5.0,0.84,0.0
85,trivia,overconfidence,baseline,,,,6.0,0.72,0.0
85,trivia,overconfidence,baseline,,,,7.0,0.56,0.0
85,trivia,overconfidence,baseline,,,,8.0,0.73,1.0
85,trivia,overconfidence,baseline,,,,9.0,0.71,0.0
85,trivia,overconfidence,baseline,,,,10.0,1.0,1.0
85,trivia,overconfidence,baseline,,,,11.0,0.75,1.0
85,trivia,overconfidence,baseline,,,,12.0,0.67,0.0
85,trivia,overconfidence,baseline,,,,13.0,0.5,1.0
85,trivia,overconfidence,baseline,,,,14.0,0.5,0.0
85,trivia,overconfidence,baseline,,,,15.0,0.69,1.0
85,trivia,overconfidence,baseline,,,,16.0,0.75,0.0
85,trivia,overconfidence,baseline,,,,17.0,0.84,1.0
85,trivia,overconfidence,baseline,,,,18.0,0.78,1.0
85,trivia,overconfidence,baseline,,,,19.0,1.0,1.0
86,trivia,overconfidence,baseline,,,,0.0,0.57,0.0
86,trivia,overconfidence,baseline,,,,1.0,0.71,1.0
86,trivia,overconfidence,baseline,,,,2.0,0.5,1.0
86,trivia,overconfidence,baseline,,,,3.0,0.56,1.0
86,trivia,overconfidence,baseline,,,,4.0,0.78,0.0
86,trivia,overconfidence,baseline,,,,5.0,0.77,1.0
86,trivia,overconfidence,baseline,,,,6.0,0.69,0.0
86,trivia,overconfidence,baseline,,,,7.0,0.59,1.0
86,trivia,overconfidence,baseline,,,,8.0,0.6,0.0
86,trivia,overconfidence,baseline,,,,9.0,0.8,1.0
86,trivia,overconfidence,baseline,,,,10.0,0.98,1.0
86,trivia,overconfidence,baseline,,,,11.0,0.57,0.0
86,trivia,overconfidence,baseline,,,,12.0,0.51,1.0
86,trivia,overconfidence,baseline,,,,13.0,0.6,1.0
86,trivia,overconfidence,baseline,,,,14.0,0.5,0.0
86,trivia,overconfidence,baseline,,,,15.0,0.6,0.0
86,trivia,overconfidence,baseline,,,,16.0,0.81,0.0
86,trivia,overconfidence,baseline,,,,17.0,0.95,1.0
86,trivia,overconfidence,baseline,,,,18.0,0.83,1.0
86,trivia,overconfidence,baseline,,,,19.0,1.0,1.0
87,trivia,overconfidence,baseline,,,,0.0,0.56,0.0
87,trivia,overconfidence,baseline,,,,1.0,0.71,1.0
87,trivia,overconfidence,baseline,,,,2.0,0.5,0.0
87,trivia,overconfidence,baseline,,,,3.0,0.76,1.0
87,trivia,overconfidence,baseline,,,,4.0,0.62,0.0
87,trivia,overconfidence,baseline,,,,5.0,1.0,1.0
87,trivia,overconfidence,baseline,,,,6.0,0.8,1.0
87,trivia,overconfidence,baseline,,,,7.0,0.56,1.0
87,trivia,overconfidence,baseline,,,,8.0,0.75,0.0
87,trivia,overconfidence,baseline,,,,9.0,0.92,1.0
87,trivia,overconfidence,baseline,,,,10.0,0.88,1.0
87,trivia,overconfidence,baseline,,,,11.0,0.6,1.0
87,trivia,overconfidence,baseline,,,,12.0,0.76,0.0
87,trivia,overconfidence,baseline,,,,13.0,0.63,1.0
87,trivia,overconfidence,baseline,,,,14.0,0.5,0.0
87,trivia,overconfidence,baseline,,,,15.0,0.83,0.0
87,trivia,overconfidence,baseline,,,,16.0,0.96,1.0
87,trivia,overconfidence,baseline,,,,17.0,1.0,1.0
87,trivia,overconfidence,baseline,,,,18.0,1.0,1.0
87,trivia,overconfidence,baseline,,,,19.0,1.0,1.0
88,trivia,overconfidence,baseline,,,,0.0,0.6,0.0
88,trivia,overconfidence,baseline,,,,1.0,0.78,0.0
88,trivia,overconfidence,baseline,,,,2.0,0.5,0.0
88,trivia,overconfidence,baseline,,,,3.0,0.73,1.0
88,trivia,overconfidence,baseline,,,,4.0,0.65,0.0
88,trivia,overconfidence,baseline,,,,5.0,0.95,0.0
88,trivia,overconfidence,baseline,,,,6.0,0.89,1.0
88,trivia,overconfidence,baseline,,,,7.0,0.62,1.0
88,trivia,overconfidence,baseline,,,,8.0,0.8,0.0
88,trivia,overconfidence,baseline,,,,9.0,0.86,0.0
88,trivia,overconfidence,baseline,,,,10.0,0.96,1.0
88,trivia,overconfidence,baseline,,,,11.0,0.69,0.0
88,trivia,overconfidence,baseline,,,,12.0,0.79,1.0
88,trivia,overconfidence,baseline,,,,13.0,0.63,1.0
88,trivia,overconfidence,baseline,,,,14.0,0.53,0.0
88,trivia,overconfidence,baseline,,,,15.0,0.82,1.0
88,trivia,overconfidence,baseline,,,,16.0,0.77,1.0
88,trivia,overconfidence,baseline,,,,17.0,1.0,1.0
88,trivia,overconfidence,baseline,,,,18.0,1.0,1.0
88,trivia,overconfidence,baseline,,,,19.0,1.0,1.0
89,trivia,overconfidence,baseline,,,,0.0,0.62,0.0
89,trivia,overconfidence,baseline,,,,1.0,0.71,0.0
89,trivia,overconfidence,baseline,,,,2.0,0.5,0.0
89,trivia,overconfidence,baseline,,,,3.0,0.82,1.0
89,trivia,overconfidence,baseline,,,,4.0,0.65,0.0
89,trivia,overconfidence,baseline,,,,5.0,1.0,1.0
89,trivia,overconfidence,baseline,,,,6.0,0.81,1.0
89,trivia,overconfidence,baseline,,,,7.0,0.88,1.0
89,trivia,overconfidence,baseline,,,,8.0,0.52,0.0
89,trivia,overconfidence,baseline,,,,9.0,0.63,0.0
89,trivia,overconfidence,baseline,,,,10.0,0.95,1.0
89,trivia,overconfidence,baseline,,,,11.0,0.71,0.0
89,trivia,overconfidence,baseline,,,,12.0,0.7,0.0
89,trivia,overconfidence,baseline,,,,13.0,0.58,1.0
89,trivia,overconfidence,baseline,,,,14.0,0.58,0.0
89,trivia,overconfidence,baseline,,,,15.0,0.81,0.0
89,trivia,overconfidence,baseline,,,,16.0,0.89,0.0
89,trivia,overconfidence,baseline,,,,17.0,0.92,1.0
89,trivia,overconfidence,baseline,,,,18.0,0.98,0.0
89,trivia,overconfidence,baseline,,,,19.0,1.0,1.0
90,trivia,overconfidence,baseline,,,,0.0,0.69,1.0
90,trivia,overconfidence,baseline,,,,1.0,0.8,0.0
90,trivia,overconfidence,baseline,,,,2.0,0.52,1.0
90,trivia,overconfidence,baseline,,,,3.0,0.86,1.0
90,trivia,overconfidence,baseline,,,,4.0,0.75,1.0
90,trivia,overconfidence,baseline,,,,5.0,1.0,1.0
90,trivia,overconfidence,baseline,,,,6.0,0.91,0.0
90,trivia,overconfidence,baseline,,,,7.0,0.82,1.0
90,trivia,overconfidence,baseline,,,,8.0,0.72,1.0
90,trivia,overconfidence,baseline,,,,9.0,0.72,1.0
90,trivia,overconfidence,baseline,,,,10.0,1.0,1.0
90,trivia,overconfidence,baseline,,,,11.0,0.71,0.0
90,trivia,overconfidence,baseline,,,,12.0,0.56,0.0
90,trivia,overconfidence,baseline,,,,13.0,0.61,0.0
90,trivia,overconfidence,baseline,,,,14.0,0.64,1.0
90,trivia,overconfidence,baseline,,,,15.0,0.87,0.0
90,trivia,overconfidence,baseline,,,,16.0,0.8,1.0
90,trivia,overconfidence,baseline,,,,17.0,1.0,1.0
90,trivia,overconfidence,baseline,,,,18.0,1.0,0.0
90,trivia,overconfidence,baseline,,,,19.0,1.0,1.0
91,trivia,overconfidence,baseline,,,,0.0,0.63,1.0
91,trivia,overconfidence,baseline,,,,1.0,0.73,0.0
91,trivia,overconfidence,baseline,,,,2.0,0.5,0.0
91,trivia,overconfidence,baseline,,,,3.0,0.8,1.0
91,trivia,overconfidence,baseline,,,,4.0,0.6,0.0
91,trivia,overconfidence,baseline,,,,5.0,0.75,1.0
91,trivia,overconfidence,baseline,,,,6.0,0.69,1.0
91,trivia,overconfidence,baseline,,,,7.0,0.72,1.0
91,trivia,overconfidence,baseline,,,,8.0,0.53,1.0
91,trivia,overconfidence,baseline,,,,9.0,0.66,1.0
91,trivia,overconfidence,baseline,,,,10.0,0.92,0.0
91,trivia,overconfidence,baseline,,,,11.0,0.61,1.0
91,trivia,overconfidence,baseline,,,,12.0,0.58,0.0
91,trivia,overconfidence,baseline,,,,13.0,0.65,0.0
91,trivia,overconfidence,baseline,,,,14.0,0.62,0.0
91,trivia,overconfidence,baseline,,,,15.0,0.84,1.0
91,trivia,overconfidence,baseline,,,,16.0,0.74,0.0
91,trivia,overconfidence,baseline,,,,17.0,0.95,1.0
91,trivia,overconfidence,baseline,,,,18.0,0.81,1.0
91,trivia,overconfidence,baseline,,,,19.0,1.0,1.0
92,trivia,overconfidence,baseline,,,,0.0,0.65,1.0
92,trivia,overconfidence,baseline,,,,1.0,0.7,1.0
92,trivia,overconfidence,baseline,,,,2.0,0.5,0.0
92,trivia,overconfidence,baseline,,,,3.0,0.85,0.0
92,trivia,overconfidence,baseline,,,,4.0,0.89,1.0
92,trivia,overconfidence,baseline,,,,5.0,1.0,1.0
92,trivia,overconfidence,baseline,,,,6.0,0.74,1.0
92,trivia,overconfidence,baseline,,,,7.0,0.81,0.0
92,trivia,overconfidence,baseline,,,,8.0,0.69,1.0
92,trivia,overconfidence,baseline,,,,9.0,1.0,1.0
92,trivia,overconfidence,baseline,,,,10.0,0.96,1.0
92,trivia,overconfidence,baseline,,,,11.0,0.59,1.0
92,trivia,overconfidence,baseline,,,,12.0,0.81,0.0
92,trivia,overconfidence,baseline,,,,13.0,0.64,1.0
92,trivia,overconfidence,baseline,,,,14.0,0.58,1.0
92,trivia,overconfidence,baseline,,,,15.0,0.82,1.0
92,trivia,overconfidence,baseline,,,,16.0,0.82,1.0
92,trivia,overconfidence,baseline,,,,17.0,1.0,0.0
92,trivia,overconfidence,baseline,,,,18.0,0.92,1.0
92,trivia,overconfidence,baseline,,,,19.0,1.0,1.0
93,trivia,overconfidence,baseline,,,,0.0,0.56,1.0
93,trivia,overconfidence,baseline,,,,1.0,0.73,0.0
93,trivia,overconfidence,baseline,,,,2.0,0.5,0.0
93,trivia,overconfidence,baseline,,,,3.0,0.79,1.0
93,trivia,overconfidence,baseline,,,,4.0,0.76,0.0
93,trivia,overconfidence,baseline,,,,5.0,1.0,0.0
93,trivia,overconfidence,baseline,,,,6.0,1.0,1.0
93,trivia,overconfidence,baseline,,,,7.0,0.62,1.0
93,trivia,overconfidence,baseline,,,,8.0,0.77,0.0
93,trivia,overconfidence,baseline,,,,9.0,0.71,0.0
93,trivia,overconfidence,baseline,,,,10.0,1.0,1.0
93,trivia,overconfidence,baseline,,,,11.0,0.7,0.0
93,trivia,overconfidence,baseline,,,,12.0,0.71,1.0
93,trivia,overconfidence,baseline,,,,13.0,0.68,1.0
93,trivia,overconfidence,baseline,,,,14.0,0.57,0.0
93,trivia,overconfidence,baseline,,,,15.0,0.8,1.0
93,trivia,overconfidence,baseline,,,,16.0,0.82,1.0
93,trivia,overconfidence,baseline,,,,17.0,1.0,1.0
93,trivia,overconfidence,baseline,,,,18.0,0.9,1.0
93,trivia,overconfidence,baseline,,,,19.0,1.0,1.0
94,trivia,overconfidence,baseline,,,,0.0,0.65,1.0
94,trivia,overconfidence,baseline,,,,1.0,0.64,1.0
94,trivia,overconfidence,baseline,,,,2.0,0.54,0.0
94,trivia,overconfidence,baseline,,,,3.0,0.87,1.0
94,trivia,overconfidence,baseline,,,,4.0,0.7,0.0
94,trivia,overconfidence,baseline,,,,5.0,1.0,0.0
94,trivia,overconfidence,baseline,,,,6.0,0.95,1.0
94,trivia,overconfidence,baseline,,,,7.0,0.83,1.0
94,trivia,overconfidence,baseline,,,,8.0,0.81,1.0
94,trivia,overconfidence,baseline,,,,9.0,0.8,1.0
94,trivia,overconfidence,baseline,,,,10.0,1.0,1.0
94,trivia,overconfidence,baseline,,,,11.0,0.75,1.0
94,trivia,overconfidence,baseline,,,,12.0,0.77,0.0
94,trivia,overconfidence,baseline,,,,13.0,0.64,1.0
94,trivia,overconfidence,baseline,,,,14.0,0.61,0.0
94,trivia,overconfidence,baseline,,,,15.0,1.0,1.0
94,trivia,overconfidence,baseline,,,,16.0,0.89,1.0
94,trivia,overconfidence,baseline,,,,17.0,1.0,1.0
94,trivia,overconfidence,baseline,,,,18.0,1.0,1.0
94,trivia,overconfidence,baseline,,,,19.0,1.0,1.0
95,trivia,overconfidence,baseline,,,,0.0,0.68,1.0
95,trivia,overconfidence,baseline,,,,1.0,0.83,1.0
95,trivia,overconfidence,baseline,,,,2.0,0.58,1.0
95,trivia,overconfidence,baseline,,,,3.0,0.8,0.0
95,trivia,overconfidence,baseline,,,,4.0,0.77,0.0
95,trivia,overconfidence,baseline,,,,5.0,0.91,1.0
95,trivia,overconfidence,baseline,,,,6.0,0.79,0.0
95,trivia,overconfidence,baseline,,,,7.0,0.76,0.0
95,trivia,overconfidence,baseline,,,,8.0,0.63,0.0
95,trivia,overconfidence,baseline,,,,9.0,0.7,0.0
95,trivia,overconfidence,baseline,,,,10.0,1.0,1.0
95,trivia,overconfidence,baseline,,,,11.0,0.67,0.0
95,trivia,overconfidence,baseline,,,,12.0,0.77,0.0
95,trivia,overconfidence,baseline,,,,13.0,0.73,0.0
95,trivia,overconfidence,baseline,,,,14.0,0.76,0.0
95,trivia,overconfidence,baseline,,,,15.0,0.74,1.0
95,trivia,overconfidence,baseline,,,,16.0,0.88,0.0
95,trivia,overconfidence,baseline,,,,17.0,1.0,1.0
95,trivia,overconfidence,baseline,,,,18.0,1.0,1.0
95,trivia,overconfidence,baseline,,,,19.0,1.0,1.0
96,trivia,overconfidence,baseline,,,,0.0,0.7,1.0
96,trivia,overconfidence,baseline,,,,1.0,0.82,0.0
96,trivia,overconfidence,baseline,,,,2.0,0.5,1.0
96,trivia,overconfidence,baseline,,,,3.0,0.88,0.0
96,trivia,overconfidence,baseline,,,,4.0,0.72,1.0
96,trivia,overconfidence,baseline,,,,5.0,0.86,0.0
96,trivia,overconfidence,baseline,,,,6.0,0.85,1.0
96,trivia,overconfidence,baseline,,,,7.0,0.6,1.0
96,trivia,overconfidence,baseline,,,,8.0,0.64,0.0
96,trivia,overconfidence,baseline,,,,9.0,0.73,0.0
96,trivia,overconfidence,baseline,,,,10.0,0.97,1.0
96,trivia,overconfidence,baseline,,,,11.0,0.76,1.0
96,trivia,overconfidence,baseline,,,,12.0,0.65,0.0
96,trivia,overconfidence,baseline,,,,13.0,0.53,0.0
96,trivia,overconfidence,baseline,,,,14.0,0.55,0.0
96,trivia,overconfidence,baseline,,,,15.0,0.84,1.0
96,trivia,overconfidence,baseline,,,,16.0,0.81,1.0
96,trivia,overconfidence,baseline,,,,17.0,0.89,1.0
96,trivia,overconfidence,baseline,,,,18.0,1.0,1.0
96,trivia,overconfidence,baseline,,,,19.0,0.97,1.0
97,trivia,overconfidence,baseline,,,,0.0,0.61,1.0
97,trivia,overconfidence,baseline,,,,1.0,0.59,0.0
97,trivia,overconfidence,baseline,,,,2.0,0.52,0.0
97,trivia,overconfidence,baseline,,,,3.0,0.74,1.0
97,trivia,overconfidence,baseline,,,,4.0,0.69,0.0
97,trivia,overconfidence,baseline,,,,5.0,0.84,1.0
97,trivia,overconfidence,baseline,,,,6.0,0.91,0.0
97,trivia,overconfidence,baseline,,,,7.0,0.61,0.0
97,trivia,overconfidence,baseline,,,,8.0,0.82,1.0
97,trivia,overconfidence,baseline,,,,9.0,0.64,0.0
97,trivia,overconfidence,baseline,,,,10.0,0.96,1.0
97,trivia,overconfidence,baseline,,,,11.0,0.67,1.0
97,trivia,overconfidence,baseline,,,,12.0,0.67,0.0
97,trivia,overconfidence,baseline,,,,13.0,0.56,1.0
97,trivia,overconfidence,baseline,,,,14.0,0.5,0.0
97,trivia,overconfidence,baseline,,,,15.0,0.8,0.0
97,trivia,overconfidence,baseline,,,,16.0,0.74,1.0
97,trivia,overconfidence,baseline,,,,17.0,0.88,0.0
97,trivia,overconfidence,baseline,,,,18.0,0.96,1.0
97,trivia,overconfidence,baseline,,,,19.0,0.93,1.0
98,trivia,overconfidence,baseline,,,,0.0,0.63,0.0
98,trivia,overconfidence,baseline,,,,1.0,0.51,1.0
98,trivia,overconfidence,baseline,,,,2.0,0.51,0.0
98,trivia,overconfidence,baseline,,,,3.0,0.8,0.0
98,trivia,overconfidence,baseline,,,,4.0,0.71,0.0
98,trivia,overconfidence,baseline,,,,5.0,0.86,0.0
98,trivia,overconfidence,baseline,,,,6.0,0.95,1.0
98,trivia,overconfidence,baseline,,,,7.0,0.78,0.0
98,trivia,overconfidence,baseline,,,,8.0,0.73,0.0
98,trivia,overconfidence,baseline,,,,9.0,0.87,0.0
98,trivia,overconfidence,baseline,,,,10.0,0.93,1.0
98,trivia,overconfidence,baseline,,,,11.0,0.64,1.0
98,trivia,overconfidence,baseline,,,,12.0,0.5,1.0
98,trivia,overconfidence,baseline,,,,13.0,0.51,1.0
98,trivia,overconfidence,baseline,,,,14.0,0.5,0.0
98,trivia,overconfidence,baseline,,,,15.0,0.86,1.0
98,trivia,overconfidence,baseline,,,,16.0,0.72,0.0
98,trivia,overconfidence,baseline,,,,17.0,0.82,1.0
98,trivia,overconfidence,baseline,,,,18.0,0.88,0.0
98,trivia,overconfidence,baseline,,,,19.0,1.0,1.0
99,trivia,overconfidence,baseline,,,,0.0,0.61,0.0
99,trivia,overconfidence,baseline,,,,1.0,0.79,1.0
99,trivia,overconfidence,baseline,,,,2.0,0.57,0.0
99,trivia,overconfidence,baseline,,,,3.0,0.7,0.0
99,trivia,overconfidence,baseline,,,,4.0,0.83,1.0
99,trivia,overconfidence,baseline,,,,5.0,0.9,1.0
99,trivia,overconfidence,baseline,,,,6.0,0.87,1.0
99,trivia,overconfidence,baseline,,,,7.0,0.78,1.0
99,trivia,overconfidence,baseline,,,,8.0,0.74,1.0
99,trivia,overconfidence,baseline,,,,9.0,0.73,1.0
99,trivia,overconfidence,baseline,,,,10.0,1.0,1.0
99,trivia,overconfidence,baseline,,,,11.0,0.81,1.0
99,trivia,overconfidence,baseline,,,,12.0,0.82,0.0
99,trivia,overconfidence,baseline,,,,13.0,0.63,1.0
99,trivia,overconfidence,baseline,,,,14.0,0.55,1.0
99,trivia,overconfidence,baseline,,,,15.0,0.83,0.0
99,trivia,overconfidence,baseline,,,,16.0,0.96,0.0
99,trivia,overconfidence,baseline,,,,17.0,0.98,0.0
99,trivia,overconfidence,baseline,,,,18.0,1.0,1.0
99,trivia,overconfidence,baseline,,,,19.0,1.0,1.0
100,trivia,overconfidence,baseline,,,,0.0,0.68,1.0
100,trivia,overconfidence,baseline,,,,1.0,0.7,1.0
100,trivia,overconfidence,baseline,,,,2.0,0.52,0.0
100,trivia,overconfidence,baseline,,,,3.0,0.7,1.0
100,trivia,overconfidence,baseline,,,,4.0,0.63,0.0
100,trivia,overconfidence,baseline,,,,5.0,0.98,1.0
100,trivia,overconfidence,baseline,,,,6.0,0.88,1.0
100,trivia,overconfidence,baseline,,,,7.0,0.77,0.0
100,trivia,overconfidence,baseline,,,,8.0,0.77,0.0
100,trivia,overconfidence,baseline,,,,9.0,0.73,1.0
100,trivia,overconfidence,baseline,,,,10.0,1.0,1.0
100,trivia,overconfidence,baseline,,,,11.0,0.65,0.0
100,trivia,overconfidence,baseline,,,,12.0,0.81,0.0
100,trivia,overconfidence,baseline,,,,13.0,0.6,1.0
100,trivia,overconfidence,baseline,,,,14.0,0.5,0.0
100,trivia,overconfidence,baseline,,,,15.0,0.98,1.0
100,trivia,overconfidence,baseline,,,,16.0,0.8,1.0
100,trivia,overconfidence,baseline,,,,17.0,0.97,1.0
100,trivia,overconfidence,baseline,,,,18.0,0.87,1.0
100,trivia,overconfidence,baseline,,,,19.0,1.0,1.0
101,trivia,overconfidence,baseline,,,,0.0,0.51,0.0
101,trivia,overconfidence,baseline,,,,1.0,0.79,1.0
101,trivia,overconfidence,baseline,,,,2.0,0.5,0.0
101,trivia,overconfidence,baseline,,,,3.0,0.63,0.0
101,trivia,overconfidence,baseline,,,,4.0,0.67,0.0
101,trivia,overconfidence,baseline,,,,5.0,1.0,1.0
101,trivia,overconfidence,baseline,,,,6.0,0.81,1.0
101,trivia,overconfidence,baseline,,,,7.0,0.61,1.0
101,trivia,overconfidence,baseline,,,,8.0,0.67,0.0
101,trivia,overconfidence,baseline,,,,9.0,0.77,1.0
101,trivia,overconfidence,baseline,,,,10.0,1.0,1.0
101,trivia,overconfidence,baseline,,,,11.0,0.64,1.0
101,trivia,overconfidence,baseline,,,,12.0,0.71,1.0
101,trivia,overconfidence,baseline,,,,13.0,0.58,0.0
101,trivia,overconfidence,baseline,,,,14.0,0.5,0.0
101,trivia,overconfidence,baseline,,,,15.0,0.79,0.0
101,trivia,overconfidence,baseline,,,,16.0,0.73,1.0
101,trivia,overconfidence,baseline,,,,17.0,1.0,0.0
101,trivia,overconfidence,baseline,,,,18.0,0.85,1.0
101,trivia,overconfidence,baseline,,,,19.0,0.92,1.0
102,trivia,overconfidence,baseline,,,,0.0,0.51,0.0
102,trivia,overconfidence,baseline,,,,1.0,0.73,0.0
102,trivia,overconfidence,baseline,,,,2.0,0.5,0.0
102,trivia,overconfidence,baseline,,,,3.0,0.79,1.0
102,trivia,overconfidence,baseline,,,,4.0,0.68,1.0
102,trivia,overconfidence,baseline,,,,5.0,0.95,1.0
102,trivia,overconfidence,baseline,,,,6.0,0.68,1.0
102,trivia,overconfidence,baseline,,,,7.0,0.61,1.0
102,trivia,overconfidence,baseline,,,,8.0,0.62,1.0
102,trivia,overconfidence,baseline,,,,9.0,0.93,0.0
102,trivia,overconfidence,baseline,,,,10.0,0.95,1.0
102,trivia,overconfidence,baseline,,,,11.0,0.52,1.0
102,trivia,overconfidence,baseline,,,,12.0,0.68,1.0
102,trivia,overconfidence,baseline,,,,13.0,0.51,1.0
102,trivia,overconfidence,baseline,,,,14.0,0.62,0.0
102,trivia,overconfidence,baseline,,,,15.0,0.9,1.0
102,trivia,overconfidence,baseline,,,,16.0,0.72,0.0
102,trivia,overconfidence,baseline,,,,17.0,1.0,1.0
102,trivia,overconfidence,baseline,,,,18.0,0.86,0.0
102,trivia,overconfidence,baseline,,,,19.0,1.0,1.0
103,trivia,overconfidence,baseline,,,,0.0,0.83,0.0
103,trivia,overconfidence,baseline,,,,1.0,0.85,1.0
103,trivia,overconfidence,baseline,,,,2.0,0.55,1.0
103,trivia,overconfidence,baseline,,,,3.0,0.75,1.0
103,trivia,overconfidence,baseline,,,,4.0,0.95,1.0
103,trivia,overconfidence,baseline,,,,5.0,1.0,1.0
103,trivia,overconfidence,baseline,,,,6.0,1.0,1.0
103,trivia,overconfidence,baseline,,,,7.0,0.65,1.0
103,trivia,overconfidence,baseline,,,,8.0,0.86,0.0
103,trivia,overconfidence,baseline,,,,9.0,1.0,0.0
103,trivia,overconfidence,baseline,,,,10.0,1.0,1.0
103,trivia,overconfidence,baseline,,,,11.0,0.71,1.0
103,trivia,overconfidence,baseline,,,,12.0,0.77,0.0
103,trivia,overconfidence,baseline,,,,13.0,0.65,0.0
103,trivia,overconfidence,baseline,,,,14.0,0.54,1.0
103,trivia,overconfidence,baseline,,,,15.0,0.88,1.0
103,trivia,overconfidence,baseline,,,,16.0,0.96,0.0
103,trivia,overconfidence,baseline,,,,17.0,0.99,1.0
103,trivia,overconfidence,baseline,,,,18.0,0.96,1.0
103,trivia,overconfidence,baseline,,,,19.0,1.0,1.0
104,trivia,overconfidence,baseline,,,,0.0,0.59,0.0
104,trivia,overconfidence,baseline,,,,1.0,0.7,1.0
104,trivia,overconfidence,baseline,,,,2.0,0.5,0.0
104,trivia,overconfidence,baseline,,,,3.0,0.68,0.0
104,trivia,overconfidence,baseline,,,,4.0,0.68,1.0
104,trivia,overconfidence,baseline,,,,5.0,0.92,1.0
104,trivia,overconfidence,baseline,,,,6.0,0.8,1.0
104,trivia,overconfidence,baseline,,,,7.0,0.59,0.0
104,trivia,overconfidence,baseline,,,,8.0,0.67,1.0
104,trivia,overconfidence,baseline,,,,9.0,0.74,1.0
104,trivia,overconfidence,baseline,,,,10.0,0.9,1.0
104,trivia,overconfidence,baseline,,,,11.0,0.72,1.0
104,trivia,overconfidence,baseline,,,,12.0,0.67,1.0
104,trivia,overconfidence,baseline,,,,13.0,0.57,1.0
104,trivia,overconfidence,baseline,,,,14.0,0.5,0.0
104,trivia,overconfidence,baseline,,,,15.0,0.88,1.0
104,trivia,overconfidence,baseline,,,,16.0,0.92,1.0
104,trivia,overconfidence,baseline,,,,17.0,0.95,1.0
104,trivia,overconfidence,baseline,,,,18.0,1.0,0.0
104,trivia,overconfidence,baseline,,,,19.0,1.0,1.0
105,trivia,overconfidence,baseline,,,,0.0,0.66,0.0
105,trivia,overconfidence,baseline,,,,1.0,0.81,0.0
105,trivia,overconfidence,baseline,,,,2.0,0.54,1.0
105,trivia,overconfidence,baseline,,,,3.0,0.67,0.0
105,trivia,overconfidence,baseline,,,,4.0,0.68,0.0
105,trivia,overconfidence,baseline,,,,5.0,1.0,1.0
105,trivia,overconfidence,baseline,,,,6.0,0.91,0.0
105,trivia,overconfidence,baseline,,,,7.0,0.85,1.0
105,trivia,overconfidence,baseline,,,,8.0,0.76,1.0
105,trivia,overconfidence,baseline,,,,9.0,0.81,0.0
105,trivia,overconfidence,baseline,,,,10.0,0.97,1.0
105,trivia,overconfidence,baseline,,,,11.0,0.77,1.0
105,trivia,overconfidence,baseline,,,,12.0,0.53,0.0
105,trivia,overconfidence,baseline,,,,13.0,0.64,1.0
105,trivia,overconfidence,baseline,,,,14.0,0.62,0.0
105,trivia,overconfidence,baseline,,,,15.0,0.87,1.0
105,trivia,overconfidence,baseline,,,,16.0,0.83,0.0
105,trivia,overconfidence,baseline,,,,17.0,0.98,0.0
105,trivia,overconfidence,baseline,,,,18.0,0.96,1.0
105,trivia,overconfidence,baseline,,,,19.0,1.0,1.0
106,trivia,overconfidence,baseline,,,,0.0,0.7,0.0
106,trivia,overconfidence,baseline,,,,1.0,0.7,1.0
106,trivia,overconfidence,baseline,,,,2.0,0.5,0.0
106,trivia,overconfidence,baseline,,,,3.0,0.7,0.0
106,trivia,overconfidence,baseline,,,,4.0,0.98,0.0
106,trivia,overconfidence,baseline,,,,5.0,0.96,1.0
106,trivia,overconfidence,baseline,,,,6.0,0.78,1.0
106,trivia,overconfidence,baseline,,,,7.0,0.72,1.0
106,trivia,overconfidence,baseline,,,,8.0,0.84,0.0
106,trivia,overconfidence,baseline,,,,9.0,0.81,1.0
106,trivia,overconfidence,baseline,,,,10.0,1.0,1.0
106,trivia,overconfidence,baseline,,,,11.0,0.63,0.0
106,trivia,overconfidence,baseline,,,,12.0,0.73,1.0
106,trivia,overconfidence,baseline,,,,13.0,0.71,0.0
106,trivia,overconfidence,baseline,,,,14.0,0.66,0.0
106,trivia,overconfidence,baseline,,,,15.0,0.88,1.0
106,trivia,overconfidence,baseline,,,,16.0,0.86,1.0
106,trivia,overconfidence,baseline,,,,17.0,1.0,0.0
106,trivia,overconfidence,baseline,,,,18.0,1.0,1.0
106,trivia,overconfidence,baseline,,,,19.0,1.0,1.0
107,trivia,overconfidence,baseline,,,,0.0,0.86,0.0
107,trivia,overconfidence,baseline,,,,1.0,0.69,1.0
107,trivia,overconfidence,baseline,,,,2.0,0.57,0.0
107,trivia,overconfidence,baseline,,,,3.0,0.85,1.0
107,trivia,overconfidence,baseline,,,,4.0,0.71,0.0
107,trivia,overconfidence,baseline,,,,5.0,0.86,1.0
107,trivia,overconfidence,baseline,,,,6.0,0.86,0.0
107,trivia,overconfidence,baseline,,,,7.0,0.83,1.0
107,trivia,overconfidence,baseline,,,,8.0,0.87,0.0
107,trivia,overconfidence,baseline,,,,9.0,0.88,0.0
107,trivia,overconfidence,baseline,,,,10.0,1.0,1.0
107,trivia,overconfidence,baseline,,,,11.0,0.81,0.0
107,trivia,overconfidence,baseline,,,,12.0,0.7,1.0
107,trivia,overconfidence,baseline,,,,13.0,0.71,1.0
107,trivia,overconfidence,baseline,,,,14.0,0.64,0.0
107,trivia,overconfidence,baseline,,,,15.0,0.87,1.0
107,trivia,overconfidence,baseline,,,,16.0,0.94,1.0
107,trivia,overconfidence,baseline,,,,17.0,1.0,1.0
107,trivia,overconfidence,baseline,,,,18.0,0.95,1.0
107,trivia,overconfidence,baseline,,,,19.0,1.0,1.0
108,trivia,overconfidence,baseline,,,,0.0,0.66,1.0
108,trivia,overconfidence,baseline,,,,1.0,0.5,1.0
108,trivia,overconfidence,baseline,,,,2.0,0.5,0.0
108,trivia,overconfidence,baseline,,,,3.0,0.77,0.0
108,trivia,overconfidence,baseline,,,,4.0,0.7,0.0
108,trivia,overconfidence,baseline,,,,5.0,0.9,1.0
108,trivia,overconfidence,baseline,,,,6.0,0.8,0.0
108,trivia,overconfidence,baseline,,,,7.0,0.69,1.0
108,trivia,overconfidence,baseline,,,,8.0,0.58,0.0
108,trivia,overconfidence,baseline,,,,9.0,0.64,1.0
108,trivia,overconfidence,baseline,,,,10.0,1.0,1.0
108,trivia,overconfidence,baseline,,,,11.0,0.67,0.0
108,trivia,overconfidence,baseline,,,,12.0,0.72,1.0
108,trivia,overconfidence,baseline,,,,13.0,0.69,1.0
108,trivia,overconfidence,baseline,,,,14.0,0.65,0.0
108,trivia,overconfidence,baseline,,,,15.0,0.73,1.0
108,trivia,overconfidence,baseline,,,,16.0,0.69,1.0
108,trivia,overconfidence,baseline,,,,17.0,1.0,1.0
108,trivia,overconfidence,baseline,,,,18.0,0.86,1.0
108,trivia,overconfidence,baseline,,,,19.0,1.0,1.0
109,trivia,overconfidence,baseline,,,,0.0,0.81,0.0
109,trivia,overconfidence,baseline,,,,1.0,0.84,0.0
109,trivia,overconfidence,baseline,,,,2.0,0.64,1.0
109,trivia,overconfidence,baseline,,,,3.0,0.79,0.0
109,trivia,overconfidence,baseline,,,,4.0,0.83,0.0
109,trivia,overconfidence,baseline,,,,5.0,1.0,1.0
109,trivia,overconfidence,baseline,,,,6.0,1.0,1.0
109,trivia,overconfidence,baseline,,,,7.0,0.89,0.0
109,trivia,overconfidence,baseline,,,,8.0,0.78,1.0
109,trivia,overconfidence,baseline,,,,9.0,0.78,1.0
109,trivia,overconfidence,baseline,,,,10.0,1.0,1.0
109,trivia,overconfidence,baseline,,,,11.0,0.64,1.0
109,trivia,overconfidence,baseline,,,,12.0,0.84,0.0
109,trivia,overconfidence,baseline,,,,13.0,0.79,1.0
109,trivia,overconfidence,baseline,,,,14.0,0.62,0.0
109,trivia,overconfidence,baseline,,,,15.0,0.75,1.0
109,trivia,overconfidence,baseline,,,,16.0,1.0,1.0
109,trivia,overconfidence,baseline,,,,17.0,1.0,0.0
109,trivia,overconfidence,baseline,,,,18.0,0.87,0.0
109,trivia,overconfidence,baseline,,,,19.0,1.0,1.0
110,trivia,overconfidence,baseline,,,,0.0,0.98,0.0
110,trivia,overconfidence,baseline,,,,1.0,0.84,1.0
110,trivia,overconfidence,baseline,,,,2.0,0.71,1.0
110,trivia,overconfidence,baseline,,,,3.0,0.99,0.0
110,trivia,overconfidence,baseline,,,,4.0,0.94,0.0
110,trivia,overconfidence,baseline,,,,5.0,1.0,1.0
110,trivia,overconfidence,baseline,,,,6.0,0.99,1.0
110,trivia,overconfidence,baseline,,,,7.0,0.77,1.0
110,trivia,overconfidence,baseline,,,,8.0,0.79,1.0
110,trivia,overconfidence,baseline,,,,9.0,1.0,1.0
110,trivia,overconfidence,baseline,,,,10.0,1.0,1.0
110,trivia,overconfidence,baseline,,,,11.0,0.89,1.0
110,trivia,overconfidence,baseline,,,,12.0,0.85,0.0
110,trivia,overconfidence,baseline,,,,13.0,0.79,1.0
110,trivia,overconfidence,baseline,,,,14.0,0.77,0.0
110,trivia,overconfidence,baseline,,,,15.0,1.0,1.0
110,trivia,overconfidence,baseline,,,,16.0,0.91,1.0
110,trivia,overconfidence,baseline,,,,17.0,1.0,1.0
110,trivia,overconfidence,baseline,,,,18.0,1.0,1.0
110,trivia,overconfidence,baseline,,,,19.0,1.0,1.0
111,trivia,overconfidence,baseline,,,,0.0,0.91,1.0
111,trivia,overconfidence,baseline,,,,1.0,0.73,1.0
111,trivia,overconfidence,baseline,,,,2.0,0.58,0.0
111,trivia,overconfidence,baseline,,,,3.0,0.88,1.0
111,trivia,overconfidence,baseline,,,,4.0,0.97,1.0
111,trivia,overconfidence,baseline,,,,5.0,0.93,1.0
111,trivia,overconfidence,baseline,,,,6.0,1.0,1.0
111,trivia,overconfidence,baseline,,,,7.0,0.78,1.0
111,trivia,overconfidence,baseline,,,,8.0,0.82,1.0
111,trivia,overconfidence,baseline,,,,9.0,0.92,0.0
111,trivia,overconfidence,baseline,,,,10.0,1.0,1.0
111,trivia,overconfidence,baseline,,,,11.0,0.74,0.0
111,trivia,overconfidence,baseline,,,,12.0,0.82,1.0
111,trivia,overconfidence,baseline,,,,13.0,0.74,0.0
111,trivia,overconfidence,baseline,,,,14.0,0.69,0.0
111,trivia,overconfidence,baseline,,,,15.0,1.0,0.0
111,trivia,overconfidence,baseline,,,,16.0,0.88,1.0
111,trivia,overconfidence,baseline,,,,17.0,1.0,1.0
111,trivia,overconfidence,baseline,,,,18.0,0.93,1.0
111,trivia,overconfidence,baseline,,,,19.0,1.0,1.0
112,trivia,overconfidence,baseline,,,,0.0,0.66,1.0
112,trivia,overconfidence,baseline,,,,1.0,0.85,0.0
112,trivia,overconfidence,baseline,,,,2.0,0.5,1.0
112,trivia,overconfidence,baseline,,,,3.0,0.92,0.0
112,trivia,overconfidence,baseline,,,,4.0,0.78,1.0
112,trivia,overconfidence,baseline,,,,5.0,0.73,1.0
112,trivia,overconfidence,baseline,,,,6.0,0.91,0.0
112,trivia,overconfidence,baseline,,,,7.0,0.64,0.0
112,trivia,overconfidence,baseline,,,,8.0,0.7,0.0
112,trivia,overconfidence,baseline,,,,9.0,0.73,0.0
112,trivia,overconfidence,baseline,,,,10.0,1.0,1.0
112,trivia,overconfidence,baseline,,,,11.0,0.54,0.0
112,trivia,overconfidence,baseline,,,,12.0,0.68,1.0
112,trivia,overconfidence,baseline,,,,13.0,0.62,1.0
112,trivia,overconfidence,baseline,,,,14.0,0.54,0.0
112,trivia,overconfidence,baseline,,,,15.0,0.77,1.0
112,trivia,overconfidence,baseline,,,,16.0,0.65,1.0
112,trivia,overconfidence,baseline,,,,17.0,0.98,1.0
112,trivia,overconfidence,baseline,,,,18.0,0.99,1.0
112,trivia,overconfidence,baseline,,,,19.0,1.0,1.0
113,trivia,overconfidence,baseline,,,,0.0,0.72,1.0
113,trivia,overconfidence,baseline,,,,1.0,0.86,1.0
113,trivia,overconfidence,baseline,,,,2.0,0.75,0.0
113,trivia,overconfidence,baseline,,,,3.0,0.84,1.0
113,trivia,overconfidence,baseline,,,,4.0,0.87,0.0
113,trivia,overconfidence,baseline,,,,5.0,1.0,1.0
113,trivia,overconfidence,baseline,,,,6.0,0.89,1.0
113,trivia,overconfidence,baseline,,,,7.0,0.8,1.0
113,trivia,overconfidence,baseline,,,,8.0,0.84,0.0
113,trivia,overconfidence,baseline,,,,9.0,0.9,0.0
113,trivia,overconfidence,baseline,,,,10.0,1.0,1.0
113,trivia,overconfidence,baseline,,,,11.0,0.72,0.0
113,trivia,overconfidence,baseline,,,,12.0,0.93,1.0
113,trivia,overconfidence,baseline,,,,13.0,0.81,1.0
113,trivia,overconfidence,baseline,,,,14.0,0.87,0.0
113,trivia,overconfidence,baseline,,,,15.0,0.82,1.0
113,trivia,overconfidence,baseline,,,,16.0,0.77,0.0
113,trivia,overconfidence,baseline,,,,17.0,1.0,1.0
113,trivia,overconfidence,baseline,,,,18.0,0.98,1.0
113,trivia,overconfidence,baseline,,,,19.0,1.0,1.0
114,trivia,overconfidence,baseline,,,,0.0,0.63,1.0
114,trivia,overconfidence,baseline,,,,1.0,0.69,0.0
114,trivia,overconfidence,baseline,,,,2.0,0.58,0.0
114,trivia,overconfidence,baseline,,,,3.0,0.78,1.0
114,trivia,overconfidence,baseline,,,,4.0,0.71,0.0
114,trivia,overconfidence,baseline,,,,5.0,1.0,0.0
114,trivia,overconfidence,baseline,,,,6.0,0.74,0.0
114,trivia,overconfidence,baseline,,,,7.0,0.81,1.0
114,trivia,overconfidence,baseline,,,,8.0,0.76,1.0
114,trivia,overconfidence,baseline,,,,9.0,0.75,1.0
114,trivia,overconfidence,baseline,,,,10.0,1.0,1.0
114,trivia,overconfidence,baseline,,,,11.0,0.69,0.0
114,trivia,overconfidence,baseline,,,,12.0,0.67,1.0
114,trivia,overconfidence,baseline,,,,13.0,0.73,0.0
114,trivia,overconfidence,baseline,,,,14.0,0.58,1.0
114,trivia,overconfidence,baseline,,,,15.0,0.94,1.0
114,trivia,overconfidence,baseline,,,,16.0,0.82,1.0
114,trivia,overconfidence,baseline,,,,17.0,1.0,0.0
114,trivia,overconfidence,baseline,,,,18.0,1.0,1.0
114,trivia,overconfidence,baseline,,,,19.0,1.0,1.0
115,trivia,overconfidence,baseline,,,,0.0,0.73,0.0
115,trivia,overconfidence,baseline,,,,1.0,0.81,0.0
115,trivia,overconfidence,baseline,,,,2.0,0.52,1.0
115,trivia,overconfidence,baseline,,,,3.0,0.81,1.0
115,trivia,overconfidence,baseline,,,,4.0,0.74,0.0
115,trivia,overconfidence,baseline,,,,5.0,0.84,0.0
115,trivia,overconfidence,baseline,,,,6.0,0.81,1.0
115,trivia,overconfidence,baseline,,,,7.0,0.5,0.0
115,trivia,overconfidence,baseline,,,,8.0,0.61,1.0
115,trivia,overconfidence,baseline,,,,9.0,0.62,1.0
115,trivia,overconfidence,baseline,,,,10.0,0.93,1.0
115,trivia,overconfidence,baseline,,,,11.0,0.66,0.0
115,trivia,overconfidence,baseline,,,,12.0,0.61,0.0
115,trivia,overconfidence,baseline,,,,13.0,0.66,1.0
115,trivia,overconfidence,baseline,,,,14.0,0.5,1.0
115,trivia,overconfidence,baseline,,,,15.0,0.85,1.0
115,trivia,overconfidence,baseline,,,,16.0,0.71,0.0
115,trivia,overconfidence,baseline,,,,17.0,1.0,1.0
115,trivia,overconfidence,baseline,,,,18.0,0.84,1.0
115,trivia,overconfidence,baseline,,,,19.0,1.0,1.0
116,trivia,overconfidence,baseline,,,,0.0,0.59,1.0
116,trivia,overconfidence,baseline,,,,1.0,0.85,0.0
116,trivia,overconfidence,baseline,,,,2.0,0.61,1.0
116,trivia,overconfidence,baseline,,,,3.0,0.79,1.0
116,trivia,overconfidence,baseline,,,,4.0,0.74,1.0
116,trivia,overconfidence,baseline,,,,5.0,0.97,1.0
116,trivia,overconfidence,baseline,,,,6.0,0.9,0.0
116,trivia,overconfidence,baseline,,,,7.0,0.76,1.0
116,trivia,overconfidence,baseline,,,,8.0,0.64,1.0
116,trivia,overconfidence,baseline,,,,9.0,0.75,1.0
116,trivia,overconfidence,baseline,,,,10.0,0.96,1.0
116,trivia,overconfidence,baseline,,,,11.0,0.79,0.0
116,trivia,overconfidence,baseline,,,,12.0,0.58,0.0
116,trivia,overconfidence,baseline,,,,13.0,0.76,1.0
116,trivia,overconfidence,baseline,,,,14.0,0.57,1.0
116,trivia,overconfidence,baseline,,,,15.0,0.91,0.0
116,trivia,overconfidence,baseline,,,,16.0,0.78,1.0
116,trivia,overconfidence,baseline,,,,17.0,0.88,1.0
116,trivia,overconfidence,baseline,,,,18.0,1.0,0.0
116,trivia,overconfidence,baseline,,,,19.0,1.0,1.0
117,trivia,overconfidence,baseline,,,,0.0,0.66,0.0
117,trivia,overconfidence,baseline,,,,1.0,0.82,1.0
117,trivia,overconfidence,baseline,,,,2.0,0.58,0.0
117,trivia,overconfidence,baseline,,,,3.0,0.9,0.0
117,trivia,overconfidence,baseline,,,,4.0,0.74,0.0
117,trivia,overconfidence,baseline,,,,5.0,0.92,1.0
117,trivia,overconfidence,baseline,,,,6.0,0.97,1.0
117,trivia,overconfidence,baseline,,,,7.0,0.72,1.0
117,trivia,overconfidence,baseline,,,,8.0,0.95,0.0
117,trivia,overconfidence,baseline,,,,9.0,0.93,1.0
117,trivia,overconfidence,baseline,,,,10.0,1.0,1.0
117,trivia,overconfidence,baseline,,,,11.0,0.62,1.0
117,trivia,overconfidence,baseline,,,,12.0,0.75,1.0
117,trivia,overconfidence,baseline,,,,13.0,0.7,0.0
117,trivia,overconfidence,baseline,,,,14.0,0.59,0.0
117,trivia,overconfidence,baseline,,,,15.0,0.99,1.0
117,trivia,overconfidence,baseline,,,,16.0,0.96,1.0
117,trivia,overconfidence,baseline,,,,17.0,1.0,1.0
117,trivia,overconfidence,baseline,,,,18.0,1.0,1.0
117,trivia,overconfidence,baseline,,,,19.0,1.0,1.0
118,trivia,overconfidence,baseline,,,,0.0,0.81,0.0
118,trivia,overconfidence,baseline,,,,1.0,0.67,1.0
118,trivia,overconfidence,baseline,,,,2.0,0.5,1.0
118,trivia,overconfidence,baseline,,,,3.0,0.74,0.0
118,trivia,overconfidence,baseline,,,,4.0,0.76,1.0
118,trivia,overconfidence,baseline,,,,5.0,0.73,1.0
118,trivia,overconfidence,baseline,,,,6.0,0.73,1.0
118,trivia,overconfidence,baseline,,,,7.0,0.58,0.0
118,trivia,overconfidence,baseline,,,,8.0,0.67,0.0
118,trivia,overconfidence,baseline,,,,9.0,0.66,1.0
118,trivia,overconfidence,baseline,,,,10.0,1.0,1.0
118,trivia,overconfidence,baseline,,,,11.0,0.63,0.0
118,trivia,overconfidence,baseline,,,,12.0,0.62,1.0
118,trivia,overconfidence,baseline,,,,13.0,0.6,0.0
118,trivia,overconfidence,baseline,,,,14.0,0.5,0.0
118,trivia,overconfidence,baseline,,,,15.0,0.81,1.0
118,trivia,overconfidence,baseline,,,,16.0,0.69,1.0
118,trivia,overconfidence,baseline,,,,17.0,1.0,1.0
118,trivia,overconfidence,baseline,,,,18.0,0.75,1.0
118,trivia,overconfidence,baseline,,,,19.0,1.0,1.0
119,trivia,overconfidence,baseline,,,,0.0,0.64,1.0
119,trivia,overconfidence,baseline,,,,1.0,0.89,0.0
119,trivia,overconfidence,baseline,,,,2.0,0.5,1.0
119,trivia,overconfidence,baseline,,,,3.0,0.82,1.0
119,trivia,overconfidence,baseline,,,,4.0,0.83,0.0
119,trivia,overconfidence,baseline,,,,5.0,0.99,1.0
119,trivia,overconfidence,baseline,,,,6.0,0.94,1.0
119,trivia,overconfidence,baseline,,,,7.0,0.64,1.0
119,trivia,overconfidence,baseline,,,,8.0,0.68,1.0
119,trivia,overconfidence,baseline,,,,9.0,0.84,1.0
119,trivia,overconfidence,baseline,,,,10.0,1.0,1.0
119,trivia,overconfidence,baseline,,,,11.0,0.64,0.0
119,trivia,overconfidence,baseline,,,,12.0,0.66,0.0
119,trivia,overconfidence,baseline,,,,13.0,0.67,1.0
119,trivia,overconfidence,baseline,,,,14.0,0.6,0.0
119,trivia,overconfidence,baseline,,,,15.0,1.0,1.0
119,trivia,overconfidence,baseline,,,,16.0,0.99,1.0
119,trivia,overconfidence,baseline,,,,17.0,1.0,1.0
119,trivia,overconfidence,baseline,,,,18.0,1.0,1.0
119,trivia,overconfidence,baseline,,,,19.0,1.0,1.0
120,trivia,overconfidence,baseline,,,,0.0,0.65,1.0
120,trivia,overconfidence,baseline,,,,1.0,0.86,0.0
120,trivia,overconfidence,baseline,,,,2.0,0.53,0.0
120,trivia,overconfidence,baseline,,,,3.0,0.8,1.0
120,trivia,overconfidence,baseline,,,,4.0,0.67,1.0
120,trivia,overconfidence,baseline,,,,5.0,1.0,1.0
120,trivia,overconfidence,baseline,,,,6.0,0.94,1.0
120,trivia,overconfidence,baseline,,,,7.0,0.7,1.0
120,trivia,overconfidence,baseline,,,,8.0,0.72,0.0
120,trivia,overconfidence,baseline,,,,9.0,0.9,1.0
120,trivia,overconfidence,baseline,,,,10.0,1.0,1.0
120,trivia,overconfidence,baseline,,,,11.0,0.6,1.0
120,trivia,overconfidence,baseline,,,,12.0,0.83,1.0
120,trivia,overconfidence,baseline,,,,13.0,0.77,0.0
120,trivia,overconfidence,baseline,,,,14.0,0.56,0.0
120,trivia,overconfidence,baseline,,,,15.0,1.0,1.0
120,trivia,overconfidence,baseline,,,,16.0,0.85,1.0
120,trivia,overconfidence,baseline,,,,17.0,0.97,0.0
120,trivia,overconfidence,baseline,,,,18.0,1.0,1.0
120,trivia,overconfidence,baseline,,,,19.0,1.0,1.0
121,trivia,overconfidence,baseline,,,,0.0,0.57,1.0
121,trivia,overconfidence,baseline,,,,1.0,0.74,1.0
121,trivia,overconfidence,baseline,,,,2.0,0.5,1.0
121,trivia,overconfidence,baseline,,,,3.0,0.82,0.0
121,trivia,overconfidence,baseline,,,,4.0,0.61,0.0
121,trivia,overconfidence,baseline,,,,5.0,1.0,1.0
121,trivia,overconfidence,baseline,,,,6.0,0.71,1.0
121,trivia,overconfidence,baseline,,,,7.0,0.64,0.0
121,trivia,overconfidence,baseline,,,,8.0,0.71,0.0
121,trivia,overconfidence,baseline,,,,9.0,0.71,1.0
121,trivia,overconfidence,baseline,,,,10.0,0.9,1.0
121,trivia,overconfidence,baseline,,,,11.0,0.65,1.0
121,trivia,overconfidence,baseline,,,,12.0,0.72,0.0
121,trivia,overconfidence,baseline,,,,13.0,0.59,1.0
121,trivia,overconfidence,baseline,,,,14.0,0.5,1.0
121,trivia,overconfidence,baseline,,,,15.0,0.9,1.0
121,trivia,overconfidence,baseline,,,,16.0,0.89,1.0
121,trivia,overconfidence,baseline,,,,17.0,0.95,1.0
121,trivia,overconfidence,baseline,,,,18.0,0.96,1.0
121,trivia,overconfidence,baseline,,,,19.0,1.0,1.0
122,trivia,overconfidence,baseline,,,,0.0,0.81,1.0
122,trivia,overconfidence,baseline,,,,1.0,0.85,0.0
122,trivia,overconfidence,baseline,,,,2.0,0.64,0.0
122,trivia,overconfidence,baseline,,,,3.0,0.89,0.0
122,trivia,overconfidence,baseline,,,,4.0,0.82,1.0
122,trivia,overconfidence,baseline,,,,5.0,0.92,1.0
122,trivia,overconfidence,baseline,,,,6.0,0.88,1.0
122,trivia,overconfidence,baseline,,,,7.0,0.82,0.0
122,trivia,overconfidence,baseline,,,,8.0,0.78,0.0
122,trivia,overconfidence,baseline,,,,9.0,0.89,1.0
122,trivia,overconfidence,baseline,,,,10.0,1.0,1.0
122,trivia,overconfidence,baseline,,,,11.0,0.71,1.0
122,trivia,overconfidence,baseline,,,,12.0,0.77,1.0
122,trivia,overconfidence,baseline,,,,13.0,0.55,1.0
122,trivia,overconfidence,baseline,,,,14.0,0.6,1.0
122,trivia,overconfidence,baseline,,,,15.0,0.89,0.0
122,trivia,overconfidence,baseline,,,,16.0,0.94,0.0
122,trivia,overconfidence,baseline,,,,17.0,1.0,1.0
122,trivia,overconfidence,baseline,,,,18.0,1.0,1.0
122,trivia,overconfidence,baseline,,,,19.0,1.0,1.0
123,trivia,overconfidence,baseline,,,,0.0,0.6,0.0
123,trivia,overconfidence,baseline,,,,1.0,0.65,1.0
123,trivia,overconfidence,baseline,,,,2.0,0.5,1.0
123,trivia,overconfidence,baseline,,,,3.0,0.83,1.0
123,trivia,overconfidence,baseline,,,,4.0,0.64,0.0
123,trivia,overconfidence,baseline,,,,5.0,1.0,1.0
123,trivia,overconfidence,baseline,,,,6.0,0.84,1.0
123,trivia,overconfidence,baseline,,,,7.0,0.73,1.0
123,trivia,overconfidence,baseline,,,,8.0,0.73,0.0
123,trivia,overconfidence,baseline,,,,9.0,0.77,0.0
123,trivia,overconfidence,baseline,,,,10.0,0.92,1.0
123,trivia,overconfidence,baseline,,,,11.0,0.61,1.0
123,trivia,overconfidence,baseline,,,,12.0,0.53,1.0
123,trivia,overconfidence,baseline,,,,13.0,0.58,0.0
123,trivia,overconfidence,baseline,,,,14.0,0.59,1.0
123,trivia,overconfidence,baseline,,,,15.0,0.8,1.0
123,trivia,overconfidence,baseline,,,,16.0,0.87,1.0
123,trivia,overconfidence,baseline,,,,17.0,0.93,0.0
123,trivia,overconfidence,baseline,,,,18.0,0.87,1.0
123,trivia,overconfidence,baseline,,,,19.0,1.0,1.0
124,trivia,overconfidence,baseline,,,,0.0,0.68,1.0
124,trivia,overconfidence,baseline,,,,1.0,0.82,1.0
124,trivia,overconfidence,baseline,,,,2.0,0.62,0.0
124,trivia,overconfidence,baseline,,,,3.0,0.77,1.0
124,trivia,overconfidence,baseline,,,,4.0,0.75,1.0
124,trivia,overconfidence,baseline,,,,5.0,0.76,1.0
124,trivia,overconfidence,baseline,,,,6.0,0.73,0.0
124,trivia,overconfidence,baseline,,,,7.0,0.59,1.0
124,trivia,overconfidence,baseline,,,,8.0,0.79,1.0
124,trivia,overconfidence,baseline,,,,9.0,0.83,1.0
124,trivia,overconfidence,baseline,,,,10.0,1.0,1.0
124,trivia,overconfidence,baseline,,,,11.0,0.57,1.0
124,trivia,overconfidence,baseline,,,,12.0,0.64,1.0
124,trivia,overconfidence,baseline,,,,13.0,0.5,0.0
124,trivia,overconfidence,baseline,,,,14.0,0.5,1.0
124,trivia,overconfidence,baseline,,,,15.0,0.78,1.0
124,trivia,overconfidence,baseline,,,,16.0,0.72,1.0
124,trivia,overconfidence,baseline,,,,17.0,0.89,1.0
124,trivia,overconfidence,baseline,,,,18.0,0.87,1.0
124,trivia,overconfidence,baseline,,,,19.0,1.0,1.0
125,trivia,overconfidence,baseline,,,,0.0,0.81,1.0
125,trivia,overconfidence,baseline,,,,1.0,0.72,0.0
125,trivia,overconfidence,baseline,,,,2.0,0.65,0.0
125,trivia,overconfidence,baseline,,,,3.0,0.77,1.0
125,trivia,overconfidence,baseline,,,,4.0,0.67,0.0
125,trivia,overconfidence,baseline,,,,5.0,0.93,1.0
125,trivia,overconfidence,baseline,,,,6.0,0.95,1.0
125,trivia,overconfidence,baseline,,,,7.0,0.69,0.0
125,trivia,overconfidence,baseline,,,,8.0,0.84,0.0
125,trivia,overconfidence,baseline,,,,9.0,0.78,1.0
125,trivia,overconfidence,baseline,,,,10.0,1.0,0.0
125,trivia,overconfidence,baseline,,,,11.0,0.66,1.0
125,trivia,overconfidence,baseline,,,,12.0,0.75,0.0
125,trivia,overconfidence,baseline,,,,13.0,0.63,1.0
125,trivia,overconfidence,baseline,,,,14.0,0.62,1.0
125,trivia,overconfidence,baseline,,,,15.0,1.0,1.0
125,trivia,overconfidence,baseline,,,,16.0,0.86,1.0
125,trivia,overconfidence,baseline,,,,17.0,0.96,0.0
125,trivia,overconfidence,baseline,,,,18.0,1.0,1.0
125,trivia,overconfidence,baseline,,,,19.0,1.0,1.0
126,trivia,overconfidence,baseline,,,,0.0,0.78,1.0
126,trivia,overconfidence,baseline,,,,1.0,0.89,0.0
126,trivia,overconfidence,baseline,,,,2.0,0.58,0.0
126,trivia,overconfidence,baseline,,,,3.0,0.93,0.0
126,trivia,overconfidence,baseline,,,,4.0,0.83,1.0
126,trivia,overconfidence,baseline,,,,5.0,0.93,1.0
126,trivia,overconfidence,baseline,,,,6.0,1.0,1.0
126,trivia,overconfidence,baseline,,,,7.0,0.82,0.0
126,trivia,overconfidence,baseline,,,,8.0,0.89,1.0
126,trivia,overconfidence,baseline,,,,9.0,0.79,1.0
126,trivia,overconfidence,baseline,,,,10.0,1.0,1.0
126,trivia,overconfidence,baseline,,,,11.0,0.97,0.0
126,trivia,overconfidence,baseline,,,,12.0,0.71,0.0
126,trivia,overconfidence,baseline,,,,13.0,0.82,1.0
126,trivia,overconfidence,baseline,,,,14.0,0.7,0.0
126,trivia,overconfidence,baseline,,,,15.0,0.96,0.0
126,trivia,overconfidence,baseline,,,,16.0,1.0,1.0
126,trivia,overconfidence,baseline,,,,17.0,1.0,1.0
126,trivia,overconfidence,baseline,,,,18.0,1.0,1.0
126,trivia,overconfidence,baseline,,,,19.0,1.0,1.0
127,trivia,overconfidence,baseline,,,,0.0,0.73,1.0
127,trivia,overconfidence,baseline,,,,1.0,0.73,1.0
127,trivia,overconfidence,baseline,,,,2.0,0.5,0.0
127,trivia,overconfidence,baseline,,,,3.0,0.7,0.0
127,trivia,overconfidence,baseline,,,,4.0,0.7,1.0
127,trivia,overconfidence,baseline,,,,5.0,0.85,0.0
127,trivia,overconfidence,baseline,,,,6.0,0.82,0.0
127,trivia,overconfidence,baseline,,,,7.0,0.61,0.0
127,trivia,overconfidence,baseline,,,,8.0,0.84,0.0
127,trivia,overconfidence,baseline,,,,9.0,0.96,0.0
127,trivia,overconfidence,baseline,,,,10.0,1.0,1.0
127,trivia,overconfidence,baseline,,,,11.0,0.65,1.0
127,trivia,overconfidence,baseline,,,,12.0,0.58,1.0
127,trivia,overconfidence,baseline,,,,13.0,0.7,0.0
127,trivia,overconfidence,baseline,,,,14.0,0.58,0.0
127,trivia,overconfidence,baseline,,,,15.0,0.74,1.0
127,trivia,overconfidence,baseline,,,,16.0,0.72,0.0
127,trivia,overconfidence,baseline,,,,17.0,0.95,1.0
127,trivia,overconfidence,baseline,,,,18.0,0.93,1.0
127,trivia,overconfidence,baseline,,,,19.0,1.0,1.0
128,trivia,overconfidence,baseline,,,,0.0,0.57,1.0
128,trivia,overconfidence,baseline,,,,1.0,0.71,1.0
128,trivia,overconfidence,baseline,,,,2.0,0.5,1.0
128,trivia,overconfidence,baseline,,,,3.0,0.68,1.0
128,trivia,overconfidence,baseline,,,,4.0,0.74,1.0
128,trivia,overconfidence,baseline,,,,5.0,0.89,1.0
128,trivia,overconfidence,baseline,,,,6.0,0.78,0.0
128,trivia,overconfidence,baseline,,,,7.0,0.5,1.0
128,trivia,overconfidence,baseline,,,,8.0,0.67,0.0
128,trivia,overconfidence,baseline,,,,9.0,0.68,0.0
128,trivia,overconfidence,baseline,,,,10.0,0.83,0.0
128,trivia,overconfidence,baseline,,,,11.0,0.5,1.0
128,trivia,overconfidence,baseline,,,,12.0,0.74,0.0
128,trivia,overconfidence,baseline,,,,13.0,0.5,1.0
128,trivia,overconfidence,baseline,,,,14.0,0.5,0.0
128,trivia,overconfidence,baseline,,,,15.0,0.97,1.0
128,trivia,overconfidence,baseline,,,,16.0,0.66,1.0
128,trivia,overconfidence,baseline,,,,17.0,0.9,1.0
128,trivia,overconfidence,baseline,,,,18.0,0.98,1.0
128,trivia,overconfidence,baseline,,,,19.0,1.0,1.0
129,trivia,overconfidence,baseline,,,,0.0,0.82,0.0
129,trivia,overconfidence,baseline,,,,1.0,0.96,0.0
129,trivia,overconfidence,baseline,,,,2.0,0.6,1.0
129,trivia,overconfidence,baseline,,,,3.0,0.69,1.0
129,trivia,overconfidence,baseline,,,,4.0,0.94,1.0
129,trivia,overconfidence,baseline,,,,5.0,1.0,1.0
129,trivia,overconfidence,baseline,,,,6.0,0.96,1.0
129,trivia,overconfidence,baseline,,,,7.0,0.78,1.0
129,trivia,overconfidence,baseline,,,,8.0,0.91,0.0
129,trivia,overconfidence,baseline,,,,9.0,0.94,1.0
129,trivia,overconfidence,baseline,,,,10.0,1.0,1.0
129,trivia,overconfidence,baseline,,,,11.0,0.83,0.0
129,trivia,overconfidence,baseline,,,,12.0,0.73,0.0
129,trivia,overconfidence,baseline,,,,13.0,0.74,0.0
129,trivia,overconfidence,baseline,,,,14.0,0.62,1.0
129,trivia,overconfidence,baseline,,,,15.0,0.88,0.0
129,trivia,overconfidence,baseline,,,,16.0,0.98,1.0
129,trivia,overconfidence,baseline,,,,17.0,1.0,1.0
129,trivia,overconfidence,baseline,,,,18.0,1.0,1.0
129,trivia,overconfidence,baseline,,,,19.0,1.0,1.0
130,trivia,overconfidence,baseline,,,,0.0,0.65,0.0
130,trivia,overconfidence,baseline,,,,1.0,0.74,0.0
130,trivia,overconfidence,baseline,,,,2.0,0.5,1.0
130,trivia,overconfidence,baseline,,,,3.0,0.64,1.0
130,trivia,overconfidence,baseline,,,,4.0,0.55,0.0
130,trivia,overconfidence,baseline,,,,5.0,0.7,0.0
130,trivia,overconfidence,baseline,,,,6.0,0.75,1.0
130,trivia,overconfidence,baseline,,,,7.0,0.5,1.0
130,trivia,overconfidence,baseline,,,,8.0,0.8,0.0
130,trivia,overconfidence,baseline,,,,9.0,0.69,0.0
130,trivia,overconfidence,baseline,,,,10.0,0.87,1.0
130,trivia,overconfidence,baseline,,,,11.0,0.61,1.0
130,trivia,overconfidence,baseline,,,,12.0,0.5,1.0
130,trivia,overconfidence,baseline,,,,13.0,0.5,0.0
130,trivia,overconfidence,baseline,,,,14.0,0.5,0.0
130,trivia,overconfidence,baseline,,,,15.0,0.76,0.0
130,trivia,overconfidence,baseline,,,,16.0,0.75,1.0
130,trivia,overconfidence,baseline,,,,17.0,0.98,1.0
130,trivia,overconfidence,baseline,,,,18.0,0.99,1.0
130,trivia,overconfidence,baseline,,,,19.0,1.0,1.0
131,trivia,overconfidence,baseline,,,,0.0,0.8,0.0
131,trivia,overconfidence,baseline,,,,1.0,0.76,1.0
131,trivia,overconfidence,baseline,,,,2.0,0.65,0.0
131,trivia,overconfidence,baseline,,,,3.0,0.84,1.0
131,trivia,overconfidence,baseline,,,,4.0,0.85,0.0
131,trivia,overconfidence,baseline,,,,5.0,0.94,1.0
131,trivia,overconfidence,baseline,,,,6.0,0.93,1.0
131,trivia,overconfidence,baseline,,,,7.0,0.92,1.0
131,trivia,overconfidence,baseline,,,,8.0,0.8,1.0
131,trivia,overconfidence,baseline,,,,9.0,0.9,1.0
131,trivia,overconfidence,baseline,,,,10.0,1.0,0.0
131,trivia,overconfidence,baseline,,,,11.0,0.79,0.0
131,trivia,overconfidence,baseline,,,,12.0,0.82,0.0
131,trivia,overconfidence,baseline,,,,13.0,0.65,1.0
131,trivia,overconfidence,baseline,,,,14.0,0.57,0.0
131,trivia,overconfidence,baseline,,,,15.0,0.83,0.0
131,trivia,overconfidence,baseline,,,,16.0,0.92,1.0
131,trivia,overconfidence,baseline,,,,17.0,1.0,1.0
131,trivia,overconfidence,baseline,,,,18.0,1.0,1.0
131,trivia,overconfidence,baseline,,,,19.0,1.0,1.0
132,trivia,overconfidence,baseline,,,,0.0,0.62,1.0
132,trivia,overconfidence,baseline,,,,1.0,0.82,0.0
132,trivia,overconfidence,baseline,,,,2.0,0.53,0.0
132,trivia,overconfidence,baseline,,,,3.0,0.79,1.0
132,trivia,overconfidence,baseline,,,,4.0,0.72,0.0
132,trivia,overconfidence,baseline,,,,5.0,0.87,1.0
132,trivia,overconfidence,baseline,,,,6.0,0.97,0.0
132,trivia,overconfidence,baseline,,,,7.0,0.82,0.0
132,trivia,overconfidence,baseline,,,,8.0,0.75,1.0
132,trivia,overconfidence,baseline,,,,9.0,0.64,0.0
132,trivia,overconfidence,baseline,,,,10.0,1.0,0.0
132,trivia,overconfidence,baseline,,,,11.0,0.81,0.0
132,trivia,overconfidence,baseline,,,,12.0,0.66,1.0
132,trivia,overconfidence,baseline,,,,13.0,0.61,1.0
132,trivia,overconfidence,baseline,,,,14.0,0.66,0.0
132,trivia,overconfidence,baseline,,,,15.0,0.82,1.0
132,trivia,overconfidence,baseline,,,,16.0,0.7,0.0
132,trivia,overconfidence,baseline,,,,17.0,1.0,0.0
132,trivia,overconfidence,baseline,,,,18.0,0.81,1.0
132,trivia,overconfidence,baseline,,,,19.0,1.0,1.0
133,trivia,overconfidence,baseline,,,,0.0,0.74,0.0
133,trivia,overconfidence,baseline,,,,1.0,0.84,1.0
133,trivia,overconfidence,baseline,,,,2.0,0.5,0.0
133,trivia,overconfidence,baseline,,,,3.0,0.91,1.0
133,trivia,overconfidence,baseline,,,,4.0,0.73,1.0
133,trivia,overconfidence,baseline,,,,5.0,1.0,1.0
133,trivia,overconfidence,baseline,,,,6.0,0.91,0.0
133,trivia,overconfidence,baseline,,,,7.0,0.77,1.0
133,trivia,overconfidence,baseline,,,,8.0,0.78,1.0
133,trivia,overconfidence,baseline,,,,9.0,0.74,1.0
133,trivia,overconfidence,baseline,,,,10.0,0.92,1.0
133,trivia,overconfidence,baseline,,,,11.0,0.79,0.0
133,trivia,overconfidence,baseline,,,,12.0,0.52,1.0
133,trivia,overconfidence,baseline,,,,13.0,0.72,0.0
133,trivia,overconfidence,baseline,,,,14.0,0.7,1.0
133,trivia,overconfidence,baseline,,,,15.0,0.76,1.0
133,trivia,overconfidence,baseline,,,,16.0,0.81,1.0
133,trivia,overconfidence,baseline,,,,17.0,0.89,1.0
133,trivia,overconfidence,baseline,,,,18.0,0.92,1.0
133,trivia,overconfidence,baseline,,,,19.0,1.0,1.0
134,trivia,overconfidence,baseline,,,,0.0,0.72,0.0
134,trivia,overconfidence,baseline,,,,1.0,0.78,1.0
134,trivia,overconfidence,baseline,,,,2.0,0.5,0.0
134,trivia,overconfidence,baseline,,,,3.0,0.58,1.0
134,trivia,overconfidence,baseline,,,,4.0,0.62,1.0
134,trivia,overconfidence,baseline,,,,5.0,0.89,0.0
134,trivia,overconfidence,baseline,,,,6.0,0.78,1.0
134,trivia,overconfidence,baseline,,,,7.0,0.76,1.0
134,trivia,overconfidence,baseline,,,,8.0,0.86,1.0
134,trivia,overconfidence,baseline,,,,9.0,0.79,0.0
134,trivia,overconfidence,baseline,,,,10.0,0.91,0.0
134,trivia,overconfidence,baseline,,,,11.0,0.78,1.0
134,trivia,overconfidence,baseline,,,,12.0,0.7,1.0
134,trivia,overconfidence,baseline,,,,13.0,0.62,1.0
134,trivia,overconfidence,baseline,,,,14.0,0.62,1.0
134,trivia,overconfidence,baseline,,,,15.0,0.75,1.0
134,trivia,overconfidence,baseline,,,,16.0,0.79,1.0
134,trivia,overconfidence,baseline,,,,17.0,0.98,1.0
134,trivia,overconfidence,baseline,,,,18.0,0.97,1.0
134,trivia,overconfidence,baseline,,,,19.0,1.0,1.0
135,trivia,overconfidence,baseline,,,,0.0,0.83,1.0
135,trivia,overconfidence,baseline,,,,1.0,0.82,1.0
135,trivia,overconfidence,baseline,,,,2.0,0.5,1.0
135,trivia,overconfidence,baseline,,,,3.0,0.87,1.0
135,trivia,overconfidence,baseline,,,,4.0,0.84,0.0
135,trivia,overconfidence,baseline,,,,5.0,0.91,0.0
135,trivia,overconfidence,baseline,,,,6.0,0.93,1.0
135,trivia,overconfidence,baseline,,,,7.0,0.77,0.0
135,trivia,overconfidence,baseline,,,,8.0,0.87,1.0
135,trivia,overconfidence,baseline,,,,9.0,0.85,0.0
135,trivia,overconfidence,baseline,,,,10.0,1.0,1.0
135,trivia,overconfidence,baseline,,,,11.0,0.76,1.0
135,trivia,overconfidence,baseline,,,,12.0,0.87,1.0
135,trivia,overconfidence,baseline,,,,13.0,0.68,0.0
135,trivia,overconfidence,baseline,,,,14.0,0.7,1.0
135,trivia,overconfidence,baseline,,,,15.0,0.98,1.0
135,trivia,overconfidence,baseline,,,,16.0,1.0,1.0
135,trivia,overconfidence,baseline,,,,17.0,1.0,1.0
135,trivia,overconfidence,baseline,,,,18.0,1.0,0.0
135,trivia,overconfidence,baseline,,,,19.0,1.0,1.0
136,trivia,overconfidence,baseline,,,,0.0,0.6,0.0
136,trivia,overconfidence,baseline,,,,1.0,0.74,0.0
136,trivia,overconfidence,baseline,,,,2.0,0.5,0.0
136,trivia,overconfidence,baseline,,,,3.0,0.81,0.0
136,trivia,overconfidence,baseline,,,,4.0,0.69,1.0
136,trivia,overconfidence,baseline,,,,5.0,0.93,1.0
136,trivia,overconfidence,baseline,,,,6.0,0.85,1.0
136,trivia,overconfidence,baseline,,,,7.0,0.92,1.0
136,trivia,overconfidence,baseline,,,,8.0,0.73,1.0
136,trivia,overconfidence,baseline,,,,9.0,0.75,1.0
136,trivia,overconfidence,baseline,,,,10.0,1.0,1.0
136,trivia,overconfidence,baseline,,,,11.0,0.77,1.0
136,trivia,overconfidence,baseline,,,,12.0,0.72,0.0
136,trivia,overconfidence,baseline,,,,13.0,0.73,1.0
136,trivia,overconfidence,baseline,,,,14.0,0.79,1.0
136,trivia,overconfidence,baseline,,,,15.0,0.83,1.0
136,trivia,overconfidence,baseline,,,,16.0,0.75,1.0
136,trivia,overconfidence,baseline,,,,17.0,1.0,1.0
136,trivia,overconfidence,baseline,,,,18.0,0.99,0.0
136,trivia,overconfidence,baseline,,,,19.0,1.0,1.0
137,trivia,overconfidence,baseline,,,,0.0,0.82,1.0
137,trivia,overconfidence,baseline,,,,1.0,0.82,0.0
137,trivia,overconfidence,baseline,,,,2.0,0.54,1.0
137,trivia,overconfidence,baseline,,,,3.0,0.74,1.0
137,trivia,overconfidence,baseline,,,,4.0,0.86,0.0
137,trivia,overconfidence,baseline,,,,5.0,0.98,1.0
137,trivia,overconfidence,baseline,,,,6.0,0.77,1.0
137,trivia,overconfidence,baseline,,,,7.0,0.89,0.0
137,trivia,overconfidence,baseline,,,,8.0,0.68,1.0
137,trivia,overconfidence,baseline,,,,9.0,0.89,0.0
137,trivia,overconfidence,baseline,,,,10.0,1.0,1.0
137,trivia,overconfidence,baseline,,,,11.0,0.58,0.0
137,trivia,overconfidence,baseline,,,,12.0,0.72,1.0
137,trivia,overconfidence,baseline,,,,13.0,0.64,1.0
137,trivia,overconfidence,baseline,,,,14.0,0.5,0.0
137,trivia,overconfidence,baseline,,,,15.0,0.92,1.0
137,trivia,overconfidence,baseline,,,,16.0,0.94,0.0
137,trivia,overconfidence,baseline,,,,17.0,1.0,1.0
137,trivia,overconfidence,baseline,,,,18.0,0.97,1.0
137,trivia,overconfidence,baseline,,,,19.0,1.0,1.0
138,trivia,overconfidence,baseline,,,,0.0,0.5,1.0
138,trivia,overconfidence,baseline,,,,1.0,0.66,1.0
138,trivia,overconfidence,baseline,,,,2.0,0.5,1.0
138,trivia,overconfidence,baseline,,,,3.0,0.72,0.0
138,trivia,overconfidence,baseline,,,,4.0,0.57,1.0
138,trivia,overconfidence,baseline,,,,5.0,0.73,1.0
138,trivia,overconfidence,baseline,,,,6.0,0.74,1.0
138,trivia,overconfidence,baseline,,,,7.0,0.69,1.0
138,trivia,overconfidence,baseline,,,,8.0,0.66,1.0
138,trivia,overconfidence,baseline,,,,9.0,0.64,1.0
138,trivia,overconfidence,baseline,,,,10.0,1.0,1.0
138,trivia,overconfidence,baseline,,,,11.0,0.61,1.0
138,trivia,overconfidence,baseline,,,,12.0,0.65,1.0
138,trivia,overconfidence,baseline,,,,13.0,0.69,1.0
138,trivia,overconfidence,baseline,,,,14.0,0.55,0.0
138,trivia,overconfidence,baseline,,,,15.0,0.85,1.0
138,trivia,overconfidence,baseline,,,,16.0,0.72,1.0
138,trivia,overconfidence,baseline,,,,17.0,0.96,1.0
138,trivia,overconfidence,baseline,,,,18.0,1.0,0.0
138,trivia,overconfidence,baseline,,,,19.0,1.0,1.0
139,trivia,overconfidence,baseline,,,,0.0,0.76,1.0
139,trivia,overconfidence,baseline,,,,1.0,0.8,0.0
139,trivia,overconfidence,baseline,,,,2.0,0.5,0.0
139,trivia,overconfidence,baseline,,,,3.0,0.94,0.0
139,trivia,overconfidence,baseline,,,,4.0,0.8,0.0
139,trivia,overconfidence,baseline,,,,5.0,0.94,1.0
139,trivia,overconfidence,baseline,,,,6.0,0.84,1.0
139,trivia,overconfidence,baseline,,,,7.0,0.8,0.0
139,trivia,overconfidence,baseline,,,,8.0,0.72,1.0
139,trivia,overconfidence,baseline,,,,9.0,0.94,1.0
139,trivia,overconfidence,baseline,,,,10.0,1.0,1.0
139,trivia,overconfidence,baseline,,,,11.0,0.76,1.0
139,trivia,overconfidence,baseline,,,,12.0,0.8,1.0
139,trivia,overconfidence,baseline,,,,13.0,0.73,0.0
139,trivia,overconfidence,baseline,,,,14.0,0.73,0.0
139,trivia,overconfidence,baseline,,,,15.0,0.88,1.0
139,trivia,overconfidence,baseline,,,,16.0,0.91,0.0
139,trivia,overconfidence,baseline,,,,17.0,1.0,1.0
139,trivia,overconfidence,baseline,,,,18.0,1.0,1.0
139,trivia,overconfidence,baseline,,,,19.0,1.0,1.0
140,trivia,overconfidence,baseline,,,,0.0,0.7,1.0
140,trivia,overconfidence,baseline,,,,1.0,0.67,0.0
140,trivia,overconfidence,baseline,,,,2.0,0.5,0.0
140,trivia,overconfidence,baseline,,,,3.0,0.83,1.0
140,trivia,overconfidence,baseline,,,,4.0,0.68,0.0
140,trivia,overconfidence,baseline,,,,5.0,0.91,1.0
140,trivia,overconfidence,baseline,,,,6.0,0.69,1.0
140,trivia,overconfidence,baseline,,,,7.0,0.7,1.0
140,trivia,overconfidence,baseline,,,,8.0,0.71,1.0
140,trivia,overconfidence,baseline,,,,9.0,0.77,1.0
140,trivia,overconfidence,baseline,,,,10.0,0.95,1.0
140,trivia,overconfidence,baseline,,,,11.0,0.5,0.0
140,trivia,overconfidence,baseline,,,,12.0,0.71,1.0
140,trivia,overconfidence,baseline,,,,13.0,0.53,0.0
140,trivia,overconfidence,baseline,,,,14.0,0.5,0.0
140,trivia,overconfidence,baseline,,,,15.0,0.81,0.0
140,trivia,overconfidence,baseline,,,,16.0,0.92,0.0
140,trivia,overconfidence,baseline,,,,17.0,0.88,1.0
140,trivia,overconfidence,baseline,,,,18.0,0.86,0.0
140,trivia,overconfidence,baseline,,,,19.0,1.0,1.0
141,trivia,overconfidence,baseline,,,,0.0,0.69,0.0
141,trivia,overconfidence,baseline,,,,1.0,0.84,0.0
141,trivia,overconfidence,baseline,,,,2.0,0.52,0.0
141,trivia,overconfidence,baseline,,,,3.0,0.77,1.0
141,trivia,overconfidence,baseline,,,,4.0,0.7,1.0
141,trivia,overconfidence,baseline,,,,5.0,0.98,1.0
141,trivia,overconfidence,baseline,,,,6.0,0.84,0.0
141,trivia,overconfidence,baseline,,,,7.0,0.7,1.0
141,trivia,overconfidence,baseline,,,,8.0,0.86,1.0
141,trivia,overconfidence,baseline,,,,9.0,0.98,0.0
141,trivia,overconfidence,baseline,,,,10.0,1.0,1.0
141,trivia,overconfidence,baseline,,,,11.0,0.81,1.0
141,trivia,overconfidence,baseline,,,,12.0,0.7,1.0
141,trivia,overconfidence,baseline,,,,13.0,0.65,1.0
141,trivia,overconfidence,baseline,,,,14.0,0.64,0.0
141,trivia,overconfidence,baseline,,,,15.0,0.83,1.0
141,trivia,overconfidence,baseline,,,,16.0,0.84,1.0
141,trivia,overconfidence,baseline,,,,17.0,1.0,1.0
141,trivia,overconfidence,baseline,,,,18.0,1.0,1.0
141,trivia,overconfidence,baseline,,,,19.0,1.0,1.0
142,trivia,overconfidence,baseline,,,,0.0,0.67,1.0
142,trivia,overconfidence,baseline,,,,1.0,0.68,1.0
142,trivia,overconfidence,baseline,,,,2.0,0.54,0.0
142,trivia,overconfidence,baseline,,,,3.0,0.74,1.0
142,trivia,overconfidence,baseline,,,,4.0,0.63,0.0
142,trivia,overconfidence,baseline,,,,5.0,0.85,1.0
142,trivia,overconfidence,baseline,,,,6.0,0.88,1.0
142,trivia,overconfidence,baseline,,,,7.0,0.77,0.0
142,trivia,overconfidence,baseline,,,,8.0,0.83,1.0
142,trivia,overconfidence,baseline,,,,9.0,0.68,0.0
142,trivia,overconfidence,baseline,,,,10.0,1.0,1.0
142,trivia,overconfidence,baseline,,,,11.0,0.85,1.0
142,trivia,overconfidence,baseline,,,,12.0,0.79,1.0
142,trivia,overconfidence,baseline,,,,13.0,0.67,0.0
142,trivia,overconfidence,baseline,,,,14.0,0.62,0.0
142,trivia,overconfidence,baseline,,,,15.0,0.88,1.0
142,trivia,overconfidence,baseline,,,,16.0,0.82,1.0
142,trivia,overconfidence,baseline,,,,17.0,1.0,1.0
142,trivia,overconfidence,baseline,,,,18.0,0.91,1.0
142,trivia,overconfidence,baseline,,,,19.0,1.0,1.0
143,trivia,overconfidence,baseline,,,,0.0,0.5,0.0
143,trivia,overconfidence,baseline,,,,1.0,0.77,0.0
143,trivia,overconfidence,baseline,,,,2.0,0.5,1.0
143,trivia,overconfidence,baseline,,,,3.0,0.6,1.0
143,trivia,overconfidence,baseline,,,,4.0,0.79,1.0
143,trivia,overconfidence,baseline,,,,5.0,0.86,1.0
143,trivia,overconfidence,baseline,,,,6.0,0.71,1.0
143,trivia,overconfidence,baseline,,,,7.0,0.79,1.0
143,trivia,overconfidence,baseline,,,,8.0,0.66,1.0
143,trivia,overconfidence,baseline,,,,9.0,0.65,0.0
143,trivia,overconfidence,baseline,,,,10.0,0.99,1.0
143,trivia,overconfidence,baseline,,,,11.0,0.53,1.0
143,trivia,overconfidence,baseline,,,,12.0,0.6,1.0
143,trivia,overconfidence,baseline,,,,13.0,0.68,0.0
143,trivia,overconfidence,baseline,,,,14.0,0.68,0.0
143,trivia,overconfidence,baseline,,,,15.0,0.78,0.0
143,trivia,overconfidence,baseline,,,,16.0,0.81,1.0
143,trivia,overconfidence,baseline,,,,17.0,1.0,0.0
143,trivia,overconfidence,baseline,,,,18.0,0.88,1.0
143,trivia,overconfidence,baseline,,,,19.0,1.0,1.0
144,trivia,overconfidence,baseline,,,,0.0,0.6,0.0
144,trivia,overconfidence,baseline,,,,1.0,0.52,0.0
144,trivia,overconfidence,baseline,,,,2.0,0.5,0.0
144,trivia,overconfidence,baseline,,,,3.0,0.54,1.0
144,trivia,overconfidence,baseline,,,,4.0,0.71,0.0
144,trivia,overconfidence,baseline,,,,5.0,0.81,0.0
144,trivia,overconfidence,baseline,,,,6.0,0.81,1.0
144,trivia,overconfidence,baseline,,,,7.0,0.51,0.0
144,trivia,overconfidence,baseline,,,,8.0,0.65,0.0
144,trivia,overconfidence,baseline,,,,9.0,0.69,0.0
144,trivia,overconfidence,baseline,,,,10.0,1.0,1.0
144,trivia,overconfidence,baseline,,,,11.0,0.61,0.0
144,trivia,overconfidence,baseline,,,,12.0,0.65,0.0
144,trivia,overconfidence,baseline,,,,13.0,0.53,1.0
144,trivia,overconfidence,baseline,,,,14.0,0.5,0.0
144,trivia,overconfidence,baseline,,,,15.0,0.76,1.0
144,trivia,overconfidence,baseline,,,,16.0,0.71,1.0
144,trivia,overconfidence,baseline,,,,17.0,0.86,1.0
144,trivia,overconfidence,baseline,,,,18.0,0.81,0.0
144,trivia,overconfidence,baseline,,,,19.0,1.0,0.0
145,trivia,overconfidence,baseline,,,,0.0,0.6,1.0
145,trivia,overconfidence,baseline,,,,1.0,0.79,0.0
145,trivia,overconfidence,baseline,,,,2.0,0.5,1.0
145,trivia,overconfidence,baseline,,,,3.0,0.89,1.0
145,trivia,overconfidence,baseline,,,,4.0,0.77,1.0
145,trivia,overconfidence,baseline,,,,5.0,0.99,1.0
145,trivia,overconfidence,baseline,,,,6.0,0.78,1.0
145,trivia,overconfidence,baseline,,,,7.0,0.64,0.0
145,trivia,overconfidence,baseline,,,,8.0,0.73,1.0
145,trivia,overconfidence,baseline,,,,9.0,0.76,0.0
145,trivia,overconfidence,baseline,,,,10.0,1.0,1.0
145,trivia,overconfidence,baseline,,,,11.0,0.67,0.0
145,trivia,overconfidence,baseline,,,,12.0,0.83,1.0
145,trivia,overconfidence,baseline,,,,13.0,0.55,0.0
145,trivia,overconfidence,baseline,,,,14.0,0.5,0.0
145,trivia,overconfidence,baseline,,,,15.0,0.79,1.0
145,trivia,overconfidence,baseline,,,,16.0,0.81,1.0
145,trivia,overconfidence,baseline,,,,17.0,1.0,0.0
145,trivia,overconfidence,baseline,,,,18.0,0.98,0.0
145,trivia,overconfidence,baseline,,,,19.0,0.94,1.0
146,trivia,overconfidence,baseline,,,,0.0,0.6,0.0
146,trivia,overconfidence,baseline,,,,1.0,0.84,0.0
146,trivia,overconfidence,baseline,,,,2.0,0.58,1.0
146,trivia,overconfidence,baseline,,,,3.0,0.88,1.0
146,trivia,overconfidence,baseline,,,,4.0,0.82,0.0
146,trivia,overconfidence,baseline,,,,5.0,1.0,1.0
146,trivia,overconfidence,baseline,,,,6.0,1.0,0.0
146,trivia,overconfidence,baseline,,,,7.0,0.77,0.0
146,trivia,overconfidence,baseline,,,,8.0,0.85,1.0
146,trivia,overconfidence,baseline,,,,9.0,0.86,0.0
146,trivia,overconfidence,baseline,,,,10.0,0.98,1.0
146,trivia,overconfidence,baseline,,,,11.0,0.76,1.0
146,trivia,overconfidence,baseline,,,,12.0,0.77,1.0
146,trivia,overconfidence,baseline,,,,13.0,0.7,0.0
146,trivia,overconfidence,baseline,,,,14.0,0.66,1.0
146,trivia,overconfidence,baseline,,,,15.0,0.94,1.0
146,trivia,overconfidence,baseline,,,,16.0,0.98,1.0
146,trivia,overconfidence,baseline,,,,17.0,1.0,1.0
146,trivia,overconfidence,baseline,,,,18.0,1.0,1.0
146,trivia,overconfidence,baseline,,,,19.0,1.0,1.0
147,trivia,overconfidence,baseline,,,,0.0,0.82,1.0
147,trivia,overconfidence,baseline,,,,1.0,0.83,0.0
147,trivia,overconfidence,baseline,,,,2.0,0.5,0.0
147,trivia,overconfidence,baseline,,,,3.0,0.82,0.0
147,trivia,overconfidence,baseline,,,,4.0,0.93,1.0
147,trivia,overconfidence,baseline,,,,5.0,0.92,1.0
147,trivia,overconfidence,baseline,,,,6.0,1.0,0.0
147,trivia,overconfidence,baseline,,,,7.0,0.81,1.0
147,trivia,overconfidence,baseline,,,,8.0,0.83,1.0
147,trivia,overconfidence,baseline,,,,9.0,0.87,1.0
147,trivia,overconfidence,baseline,,,,10.0,1.0,1.0
147,trivia,overconfidence,baseline,,,,11.0,0.5,0.0
147,trivia,overconfidence,baseline,,,,12.0,0.7,1.0
147,trivia,overconfidence,baseline,,,,13.0,0.71,0.0
147,trivia,overconfidence,baseline,,,,14.0,0.68,0.0
147,trivia,overconfidence,baseline,,,,15.0,0.96,1.0
147,trivia,overconfidence,baseline,,,,16.0,0.94,1.0
147,trivia,overconfidence,baseline,,,,17.0,1.0,1.0
147,trivia,overconfidence,baseline,,,,18.0,1.0,0.0
147,trivia,overconfidence,baseline,,,,19.0,1.0,1.0
148,trivia,overconfidence,baseline,,,,0.0,0.67,0.0
148,trivia,overconfidence,baseline,,,,1.0,0.69,1.0
148,trivia,overconfidence,baseline,,,,2.0,0.59,0.0
148,trivia,overconfidence,baseline,,,,3.0,0.68,1.0
148,trivia,overconfidence,baseline,,,,4.0,0.63,0.0
148,trivia,overconfidence,baseline,,,,5.0,0.92,1.0
148,trivia,overconfidence,baseline,,,,6.0,0.86,1.0
148,trivia,overconfidence,baseline,,,,7.0,0.58,1.0
148,trivia,overconfidence,baseline,,,,8.0,0.68,1.0
148,trivia,overconfidence,baseline,,,,9.0,0.73,1.0
148,trivia,overconfidence,baseline,,,,10.0,0.99,0.0
148,trivia,overconfidence,baseline,,,,11.0,0.62,1.0
148,trivia,overconfidence,baseline,,,,12.0,0.5,0.0
148,trivia,overconfidence,baseline,,,,13.0,0.59,1.0
148,trivia,overconfidence,baseline,,,,14.0,0.55,1.0
148,trivia,overconfidence,baseline,,,,15.0,0.79,1.0
148,trivia,overconfidence,baseline,,,,16.0,0.71,0.0
148,trivia,overconfidence,baseline,,,,17.0,1.0,0.0
148,trivia,overconfidence,baseline,,,,18.0,0.79,1.0
148,trivia,overconfidence,baseline,,,,19.0,1.0,1.0
149,trivia,overconfidence,baseline,,,,0.0,0.58,0.0
149,trivia,overconfidence,baseline,,,,1.0,0.81,0.0
149,trivia,overconfidence,baseline,,,,2.0,0.5,0.0
149,trivia,overconfidence,baseline,,,,3.0,0.84,0.0
149,trivia,overconfidence,baseline,,,,4.0,0.86,0.0
149,trivia,overconfidence,baseline,,,,5.0,1.0,1.0
149,trivia,overconfidence,baseline,,,,6.0,0.98,0.0
149,trivia,overconfidence,baseline,,,,7.0,0.59,0.0
149,trivia,overconfidence,baseline,,,,8.0,0.73,0.0
149,trivia,overconfidence,baseline,,,,9.0,0.72,1.0
149,trivia,overconfidence,baseline,,,,10.0,0.82,0.0
149,trivia,overconfidence,baseline,,,,11.0,0.66,0.0
149,trivia,overconfidence,baseline,,,,12.0,0.77,1.0
149,trivia,overconfidence,baseline,,,,13.0,0.68,0.0
149,trivia,overconfidence,baseline,,,,14.0,0.76,1.0
149,trivia,overconfidence,baseline,,,,15.0,0.8,0.0
149,trivia,overconfidence,baseline,,,,16.0,0.97,0.0
149,trivia,overconfidence,baseline,,,,17.0,0.99,1.0
149,trivia,overconfidence,baseline,,,,18.0,0.88,1.0
149,trivia,overconfidence,baseline,,,,19.0,1.0,1.0
150,trivia,overconfidence,baseline,,,,0.0,0.77,0.0
150,trivia,overconfidence,baseline,,,,1.0,0.91,0.0
150,trivia,overconfidence,baseline,,,,2.0,0.52,0.0
150,trivia,overconfidence,baseline,,,,3.0,0.86,1.0
150,trivia,overconfidence,baseline,,,,4.0,0.79,1.0
150,trivia,overconfidence,baseline,,,,5.0,0.96,1.0
150,trivia,overconfidence,baseline,,,,6.0,1.0,1.0
150,trivia,overconfidence,baseline,,,,7.0,0.81,1.0
150,trivia,overconfidence,baseline,,,,8.0,0.63,1.0
150,trivia,overconfidence,baseline,,,,9.0,0.86,1.0
150,trivia,overconfidence,baseline,,,,10.0,0.97,0.0
150,trivia,overconfidence,baseline,,,,11.0,0.76,0.0
150,trivia,overconfidence,baseline,,,,12.0,0.65,1.0
150,trivia,overconfidence,baseline,,,,13.0,0.74,0.0
150,trivia,overconfidence,baseline,,,,14.0,0.52,0.0
150,trivia,overconfidence,baseline,,,,15.0,0.84,0.0
150,trivia,overconfidence,baseline,,,,16.0,0.96,1.0
150,trivia,overconfidence,baseline,,,,17.0,1.0,1.0
150,trivia,overconfidence,baseline,,,,18.0,0.92,1.0
150,trivia,overconfidence,baseline,,,,19.0,1.0,1.0
151,trivia,overconfidence,baseline,,,,0.0,0.7,0.0
151,trivia,overconfidence,baseline,,,,1.0,0.78,1.0
151,trivia,overconfidence,baseline,,,,2.0,0.55,0.0
151,trivia,overconfidence,baseline,,,,3.0,0.89,1.0
151,trivia,overconfidence,baseline,,,,4.0,0.76,0.0
151,trivia,overconfidence,baseline,,,,5.0,0.97,1.0
151,trivia,overconfidence,baseline,,,,6.0,1.0,0.0
151,trivia,overconfidence,baseline,,,,7.0,0.84,1.0
151,trivia,overconfidence,baseline,,,,8.0,0.78,0.0
151,trivia,overconfidence,baseline,,,,9.0,0.82,1.0
151,trivia,overconfidence,baseline,,,,10.0,0.89,1.0
151,trivia,overconfidence,baseline,,,,11.0,0.76,1.0
151,trivia,overconfidence,baseline,,,,12.0,0.83,0.0
151,trivia,overconfidence,baseline,,,,13.0,0.67,1.0
151,trivia,overconfidence,baseline,,,,14.0,0.75,1.0
151,trivia,overconfidence,baseline,,,,15.0,1.0,1.0
151,trivia,overconfidence,baseline,,,,16.0,0.76,0.0
151,trivia,overconfidence,baseline,,,,17.0,0.99,1.0
151,trivia,overconfidence,baseline,,,,18.0,1.0,1.0
151,trivia,overconfidence,baseline,,,,19.0,1.0,1.0
152,trivia,overconfidence,baseline,,,,0.0,0.55,0.0
152,trivia,overconfidence,baseline,,,,1.0,0.63,1.0
152,trivia,overconfidence,baseline,,,,2.0,0.57,0.0
152,trivia,overconfidence,baseline,,,,3.0,0.82,1.0
152,trivia,overconfidence,baseline,,,,4.0,0.72,0.0
152,trivia,overconfidence,baseline,,,,5.0,1.0,1.0
152,trivia,overconfidence,baseline,,,,6.0,0.83,1.0
152,trivia,overconfidence,baseline,,,,7.0,0.55,1.0
152,trivia,overconfidence,baseline,,,,8.0,0.81,1.0
152,trivia,overconfidence,baseline,,,,9.0,0.86,0.0
152,trivia,overconfidence,baseline,,,,10.0,1.0,1.0
152,trivia,overconfidence,baseline,,,,11.0,0.61,1.0
152,trivia,overconfidence,baseline,,,,12.0,0.55,0.0
152,trivia,overconfidence,baseline,,,,13.0,0.65,0.0
152,trivia,overconfidence,baseline,,,,14.0,0.63,1.0
152,trivia,overconfidence,baseline,,,,15.0,0.95,1.0
152,trivia,overconfidence,baseline,,,,16.0,0.88,1.0
152,trivia,overconfidence,baseline,,,,17.0,0.97,1.0
152,trivia,overconfidence,baseline,,,,18.0,0.99,1.0
152,trivia,overconfidence,baseline,,,,19.0,1.0,1.0
153,trivia,overconfidence,baseline,,,,0.0,0.69,0.0
153,trivia,overconfidence,baseline,,,,1.0,0.81,1.0
153,trivia,overconfidence,baseline,,,,2.0,0.5,0.0
153,trivia,overconfidence,baseline,,,,3.0,0.81,0.0
153,trivia,overconfidence,baseline,,,,4.0,0.75,1.0
153,trivia,overconfidence,baseline,,,,5.0,0.89,1.0
153,trivia,overconfidence,baseline,,,,6.0,0.95,0.0
153,trivia,overconfidence,baseline,,,,7.0,0.85,1.0
153,trivia,overconfidence,baseline,,,,8.0,0.61,1.0
153,trivia,overconfidence,baseline,,,,9.0,0.62,0.0
153,trivia,overconfidence,baseline,,,,10.0,1.0,1.0
153,trivia,overconfidence,baseline,,,,11.0,0.67,0.0
153,trivia,overconfidence,baseline,,,,12.0,0.69,1.0
153,trivia,overconfidence,baseline,,,,13.0,0.58,1.0
153,trivia,overconfidence,baseline,,,,14.0,0.5,1.0
153,trivia,overconfidence,baseline,,,,15.0,0.83,1.0
153,trivia,overconfidence,baseline,,,,16.0,0.82,0.0
153,trivia,overconfidence,baseline,,,,17.0,0.97,1.0
153,trivia,overconfidence,baseline,,,,18.0,0.95,1.0
153,trivia,overconfidence,baseline,,,,19.0,1.0,1.0
154,trivia,overconfidence,baseline,,,,0.0,0.71,1.0
154,trivia,overconfidence,baseline,,,,1.0,0.75,0.0
154,trivia,overconfidence,baseline,,,,2.0,0.56,1.0
154,trivia,overconfidence,baseline,,,,3.0,0.85,1.0
154,trivia,overconfidence,baseline,,,,4.0,0.79,1.0
154,trivia,overconfidence,baseline,,,,5.0,1.0,1.0
154,trivia,overconfidence,baseline,,,,6.0,0.95,1.0
154,trivia,overconfidence,baseline,,,,7.0,0.75,0.0
154,trivia,overconfidence,baseline,,,,8.0,0.73,0.0
154,trivia,overconfidence,baseline,,,,9.0,0.77,1.0
154,trivia,overconfidence,baseline,,,,10.0,1.0,1.0
154,trivia,overconfidence,baseline,,,,11.0,0.71,0.0
154,trivia,overconfidence,baseline,,,,12.0,0.73,0.0
154,trivia,overconfidence,baseline,,,,13.0,0.72,1.0
154,trivia,overconfidence,baseline,,,,14.0,0.72,0.0
154,trivia,overconfidence,baseline,,,,15.0,0.96,1.0
154,trivia,overconfidence,baseline,,,,16.0,0.94,0.0
154,trivia,overconfidence,baseline,,,,17.0,0.98,1.0
154,trivia,overconfidence,baseline,,,,18.0,1.0,0.0
154,trivia,overconfidence,baseline,,,,19.0,1.0,1.0
155,trivia,overconfidence,baseline,,,,0.0,0.84,1.0
155,trivia,overconfidence,baseline,,,,1.0,0.93,0.0
155,trivia,overconfidence,baseline,,,,2.0,0.75,0.0
155,trivia,overconfidence,baseline,,,,3.0,1.0,1.0
155,trivia,overconfidence,baseline,,,,4.0,0.85,1.0
155,trivia,overconfidence,baseline,,,,5.0,1.0,1.0
155,trivia,overconfidence,baseline,,,,6.0,1.0,1.0
155,trivia,overconfidence,baseline,,,,7.0,1.0,0.0
155,trivia,overconfidence,baseline,,,,8.0,0.87,0.0
155,trivia,overconfidence,baseline,,,,9.0,0.85,1.0
155,trivia,overconfidence,baseline,,,,10.0,1.0,1.0
155,trivia,overconfidence,baseline,,,,11.0,0.7,1.0
155,trivia,overconfidence,baseline,,,,12.0,0.79,0.0
155,trivia,overconfidence,baseline,,,,13.0,0.86,0.0
155,trivia,overconfidence,baseline,,,,14.0,0.81,1.0
155,trivia,overconfidence,baseline,,,,15.0,1.0,1.0
155,trivia,overconfidence,baseline,,,,16.0,0.96,1.0
155,trivia,overconfidence,baseline,,,,17.0,1.0,1.0
155,trivia,overconfidence,baseline,,,,18.0,1.0,1.0
155,trivia,overconfidence,baseline,,,,19.0,1.0,1.0
156,trivia,overconfidence,baseline,,,,0.0,0.56,0.0
156,trivia,overconfidence,baseline,,,,1.0,0.59,1.0
156,trivia,overconfidence,baseline,,,,2.0,0.5,0.0
156,trivia,overconfidence,baseline,,,,3.0,0.68,1.0
156,trivia,overconfidence,baseline,,,,4.0,0.66,1.0
156,trivia,overconfidence,baseline,,,,5.0,0.67,1.0
156,trivia,overconfidence,baseline,,,,6.0,0.84,1.0
156,trivia,overconfidence,baseline,,,,7.0,0.57,1.0
156,trivia,overconfidence,baseline,,,,8.0,0.76,1.0
156,trivia,overconfidence,baseline,,,,9.0,0.72,0.0
156,trivia,overconfidence,baseline,,,,10.0,0.84,1.0
156,trivia,overconfidence,baseline,,,,11.0,0.6,1.0
156,trivia,overconfidence,baseline,,,,12.0,0.66,0.0
156,trivia,overconfidence,baseline,,,,13.0,0.5,1.0
156,trivia,overconfidence,baseline,,,,14.0,0.5,0.0
156,trivia,overconfidence,baseline,,,,15.0,0.64,1.0
156,trivia,overconfidence,baseline,,,,16.0,0.6,0.0
156,trivia,overconfidence,baseline,,,,17.0,0.71,1.0
156,trivia,overconfidence,baseline,,,,18.0,0.83,0.0
156,trivia,overconfidence,baseline,,,,19.0,0.93,1.0
157,trivia,overconfidence,baseline,,,,0.0,0.71,0.0
157,trivia,overconfidence,baseline,,,,1.0,0.98,1.0
157,trivia,overconfidence,baseline,,,,2.0,0.63,0.0
157,trivia,overconfidence,baseline,,,,3.0,0.79,0.0
157,trivia,overconfidence,baseline,,,,4.0,1.0,0.0
157,trivia,overconfidence,baseline,,,,5.0,1.0,1.0
157,trivia,overconfidence,baseline,,,,6.0,0.73,0.0
157,trivia,overconfidence,baseline,,,,7.0,0.97,0.0
157,trivia,overconfidence,baseline,,,,8.0,0.95,1.0
157,trivia,overconfidence,baseline,,,,9.0,0.66,1.0
157,trivia,overconfidence,baseline,,,,10.0,1.0,0.0
157,trivia,overconfidence,baseline,,,,11.0,0.76,0.0
157,trivia,overconfidence,baseline,,,,12.0,0.85,0.0
157,trivia,overconfidence,baseline,,,,13.0,0.74,0.0
157,trivia,overconfidence,baseline,,,,14.0,0.64,0.0
157,trivia,overconfidence,baseline,,,,15.0,0.9,0.0
157,trivia,overconfidence,baseline,,,,16.0,1.0,1.0
157,trivia,overconfidence,baseline,,,,17.0,1.0,1.0
157,trivia,overconfidence,baseline,,,,18.0,1.0,1.0
157,trivia,overconfidence,baseline,,,,19.0,1.0,1.0
158,trivia,overconfidence,baseline,,,,0.0,0.66,0.0
158,trivia,overconfidence,baseline,,,,1.0,0.95,0.0
158,trivia,overconfidence,baseline,,,,2.0,0.55,0.0
158,trivia,overconfidence,baseline,,,,3.0,0.83,1.0
158,trivia,overconfidence,baseline,,,,4.0,0.83,0.0
158,trivia,overconfidence,baseline,,,,5.0,1.0,1.0
158,trivia,overconfidence,baseline,,,,6.0,1.0,1.0
158,trivia,overconfidence,baseline,,,,7.0,0.9,1.0
158,trivia,overconfidence,baseline,,,,8.0,0.93,1.0
158,trivia,overconfidence,baseline,,,,9.0,0.84,1.0
158,trivia,overconfidence,baseline,,,,10.0,1.0,0.0
158,trivia,overconfidence,baseline,,,,11.0,0.87,1.0
158,trivia,overconfidence,baseline,,,,12.0,0.73,0.0
158,trivia,overconfidence,baseline,,,,13.0,0.76,1.0
158,trivia,overconfidence,baseline,,,,14.0,0.82,0.0
158,trivia,overconfidence,baseline,,,,15.0,0.94,1.0
158,trivia,overconfidence,baseline,,,,16.0,0.84,0.0
158,trivia,overconfidence,baseline,,,,17.0,1.0,1.0
158,trivia,overconfidence,baseline,,,,18.0,1.0,1.0
158,trivia,overconfidence,baseline,,,,19.0,1.0,1.0
159,trivia,overconfidence,baseline,,,,0.0,0.68,1.0
159,trivia,overconfidence,baseline,,,,1.0,0.96,1.0
159,trivia,overconfidence,baseline,,,,2.0,0.58,0.0
159,trivia,overconfidence,baseline,,,,3.0,0.8,1.0
159,trivia,overconfidence,baseline,,,,4.0,0.76,0.0
159,trivia,overconfidence,baseline,,,,5.0,0.91,1.0
159,trivia,overconfidence,baseline,,,,6.0,0.9,0.0
159,trivia,overconfidence,baseline,,,,7.0,0.85,0.0
159,trivia,overconfidence,baseline,,,,8.0,0.78,1.0
159,trivia,overconfidence,baseline,,,,9.0,0.89,0.0
159,trivia,overconfidence,baseline,,,,10.0,1.0,1.0
159,trivia,overconfidence,baseline,,,,11.0,0.9,0.0
159,trivia,overconfidence,baseline,,,,12.0,0.8,1.0
159,trivia,overconfidence,baseline,,,,13.0,0.84,1.0
159,trivia,overconfidence,baseline,,,,14.0,0.71,1.0
159,trivia,overconfidence,baseline,,,,15.0,0.91,0.0
159,trivia,overconfidence,baseline,,,,16.0,0.81,1.0
159,trivia,overconfidence,baseline,,,,17.0,1.0,0.0
159,trivia,overconfidence,baseline,,,,18.0,1.0,1.0
159,trivia,overconfidence,baseline,,,,19.0,1.0,1.0
160,trivia,overconfidence,baseline,,,,0.0,0.53,1.0
160,trivia,overconfidence,baseline,,,,1.0,0.78,1.0
160,trivia,overconfidence,baseline,,,,2.0,0.62,1.0
160,trivia,overconfidence,baseline,,,,3.0,0.81,0.0
160,trivia,overconfidence,baseline,,,,4.0,0.76,1.0
160,trivia,overconfidence,baseline,,,,5.0,0.94,1.0
160,trivia,overconfidence,baseline,,,,6.0,0.82,1.0
160,trivia,overconfidence,baseline,,,,7.0,0.81,1.0
160,trivia,overconfidence,baseline,,,,8.0,0.76,1.0
160,trivia,overconfidence,baseline,,,,9.0,0.81,1.0
160,trivia,overconfidence,baseline,,,,10.0,1.0,1.0
160,trivia,overconfidence,baseline,,,,11.0,0.8,0.0
160,trivia,overconfidence,baseline,,,,12.0,0.79,0.0
160,trivia,overconfidence,baseline,,,,13.0,0.73,1.0
160,trivia,overconfidence,baseline,,,,14.0,0.5,1.0
160,trivia,overconfidence,baseline,,,,15.0,1.0,1.0
160,trivia,overconfidence,baseline,,,,16.0,1.0,1.0
160,trivia,overconfidence,baseline,,,,17.0,1.0,1.0
160,trivia,overconfidence,baseline,,,,18.0,0.95,0.0
160,trivia,overconfidence,baseline,,,,19.0,1.0,1.0
161,trivia,overconfidence,baseline,,,,0.0,0.65,0.0
161,trivia,overconfidence,baseline,,,,1.0,0.93,0.0
161,trivia,overconfidence,baseline,,,,2.0,0.53,1.0
161,trivia,overconfidence,baseline,,,,3.0,0.85,0.0
161,trivia,overconfidence,baseline,,,,4.0,0.77,1.0
161,trivia,overconfidence,baseline,,,,5.0,1.0,1.0
161,trivia,overconfidence,baseline,,,,6.0,0.86,1.0
161,trivia,overconfidence,baseline,,,,7.0,0.78,1.0
161,trivia,overconfidence,baseline,,,,8.0,0.76,1.0
161,trivia,overconfidence,baseline,,,,9.0,0.92,1.0
161,trivia,overconfidence,baseline,,,,10.0,0.92,1.0
161,trivia,overconfidence,baseline,,,,11.0,0.72,0.0
161,trivia,overconfidence,baseline,,,,12.0,0.84,1.0
161,trivia,overconfidence,baseline,,,,13.0,0.77,1.0
161,trivia,overconfidence,baseline,,,,14.0,0.53,1.0
161,trivia,overconfidence,baseline,,,,15.0,0.97,1.0
161,trivia,overconfidence,baseline,,,,16.0,0.82,1.0
161,trivia,overconfidence,baseline,,,,17.0,1.0,1.0
161,trivia,overconfidence,baseline,,,,18.0,1.0,1.0
161,trivia,overconfidence,baseline,,,,19.0,1.0,1.0
162,trivia,overconfidence,baseline,,,,0.0,0.71,0.0
162,trivia,overconfidence,baseline,,,,1.0,0.82,0.0
162,trivia,overconfidence,baseline,,,,2.0,0.68,0.0
162,trivia,overconfidence,baseline,,,,3.0,0.91,0.0
162,trivia,overconfidence,baseline,,,,4.0,0.87,1.0
162,trivia,overconfidence,baseline,,,,5.0,1.0,1.0
162,trivia,overconfidence,baseline,,,,6.0,1.0,1.0
162,trivia,overconfidence,baseline,,,,7.0,0.84,1.0
162,trivia,overconfidence,baseline,,,,8.0,0.98,0.0
162,trivia,overconfidence,baseline,,,,9.0,0.98,1.0
162,trivia,overconfidence,baseline,,,,10.0,1.0,1.0
162,trivia,overconfidence,baseline,,,,11.0,0.81,0.0
162,trivia,overconfidence,baseline,,,,12.0,0.95,0.0
162,trivia,overconfidence,baseline,,,,13.0,0.77,1.0
162,trivia,overconfidence,baseline,,,,14.0,0.73,0.0
162,trivia,overconfidence,baseline,,,,15.0,1.0,1.0
162,trivia,overconfidence,baseline,,,,16.0,0.93,0.0
162,trivia,overconfidence,baseline,,,,17.0,1.0,0.0
162,trivia,overconfidence,baseline,,,,18.0,1.0,0.0
162,trivia,overconfidence,baseline,,,,19.0,1.0,1.0
163,trivia,overconfidence,baseline,,,,0.0,0.65,1.0
163,trivia,overconfidence,baseline,,,,1.0,0.94,1.0
163,trivia,overconfidence,baseline,,,,2.0,0.55,0.0
163,trivia,overconfidence,baseline,,,,3.0,0.86,0.0
163,trivia,overconfidence,baseline,,,,4.0,0.68,1.0
163,trivia,overconfidence,baseline,,,,5.0,0.92,1.0
163,trivia,overconfidence,baseline,,,,6.0,1.0,0.0
163,trivia,overconfidence,baseline,,,,7.0,0.68,1.0
163,trivia,overconfidence,baseline,,,,8.0,0.83,0.0
163,trivia,overconfidence,baseline,,,,9.0,0.63,0.0
163,trivia,overconfidence,baseline,,,,10.0,0.98,1.0
163,trivia,overconfidence,baseline,,,,11.0,0.73,1.0
163,trivia,overconfidence,baseline,,,,12.0,0.84,1.0
163,trivia,overconfidence,baseline,,,,13.0,0.7,1.0
163,trivia,overconfidence,baseline,,,,14.0,0.63,0.0
163,trivia,overconfidence,baseline,,,,15.0,0.97,0.0
163,trivia,overconfidence,baseline,,,,16.0,0.92,1.0
163,trivia,overconfidence,baseline,,,,17.0,0.93,1.0
163,trivia,overconfidence,baseline,,,,18.0,1.0,0.0
163,trivia,overconfidence,baseline,,,,19.0,1.0,1.0
164,trivia,overconfidence,baseline,,,,0.0,0.58,1.0
164,trivia,overconfidence,baseline,,,,1.0,0.63,1.0
164,trivia,overconfidence,baseline,,,,2.0,0.5,0.0
164,trivia,overconfidence,baseline,,,,3.0,0.73,0.0
164,trivia,overconfidence,baseline,,,,4.0,0.55,1.0
164,trivia,overconfidence,baseline,,,,5.0,0.79,1.0
164,trivia,overconfidence,baseline,,,,6.0,0.84,1.0
164,trivia,overconfidence,baseline,,,,7.0,0.69,0.0
164,trivia,overconfidence,baseline,,,,8.0,0.78,0.0
164,trivia,overconfidence,baseline,,,,9.0,0.7,0.0
164,trivia,overconfidence,baseline,,,,10.0,0.89,1.0
164,trivia,overconfidence,baseline,,,,11.0,0.55,1.0
164,trivia,overconfidence,baseline,,,,12.0,0.62,1.0
164,trivia,overconfidence,baseline,,,,13.0,0.5,1.0
164,trivia,overconfidence,baseline,,,,14.0,0.62,0.0
164,trivia,overconfidence,baseline,,,,15.0,0.74,1.0
164,trivia,overconfidence,baseline,,,,16.0,0.86,0.0
164,trivia,overconfidence,baseline,,,,17.0,0.84,0.0
164,trivia,overconfidence,baseline,,,,18.0,0.87,1.0
164,trivia,overconfidence,baseline,,,,19.0,1.0,1.0
165,trivia,overconfidence,baseline,,,,0.0,0.56,0.0
165,trivia,overconfidence,baseline,,,,1.0,0.72,1.0
165,trivia,overconfidence,baseline,,,,2.0,0.53,0.0
165,trivia,overconfidence,baseline,,,,3.0,0.61,1.0
165,trivia,overconfidence,baseline,,,,4.0,0.77,1.0
165,trivia,overconfidence,baseline,,,,5.0,0.95,1.0
165,trivia,overconfidence,baseline,,,,6.0,0.87,0.0
165,trivia,overconfidence,baseline,,,,7.0,0.76,1.0
165,trivia,overconfidence,baseline,,,,8.0,0.8,0.0
165,trivia,overconfidence,baseline,,,,9.0,0.99,0.0
165,trivia,overconfidence,baseline,,,,10.0,0.92,1.0
165,trivia,overconfidence,baseline,,,,11.0,0.81,0.0
165,trivia,overconfidence,baseline,,,,12.0,0.78,1.0
165,trivia,overconfidence,baseline,,,,13.0,0.66,0.0
165,trivia,overconfidence,baseline,,,,14.0,0.51,1.0
165,trivia,overconfidence,baseline,,,,15.0,0.82,1.0
165,trivia,overconfidence,baseline,,,,16.0,0.79,0.0
165,trivia,overconfidence,baseline,,,,17.0,0.99,1.0
165,trivia,overconfidence,baseline,,,,18.0,1.0,1.0
165,trivia,overconfidence,baseline,,,,19.0,1.0,1.0
166,trivia,overconfidence,baseline,,,,0.0,0.86,1.0
166,trivia,overconfidence,baseline,,,,1.0,0.75,1.0
166,trivia,overconfidence,baseline,,,,2.0,0.56,0.0
166,trivia,overconfidence,baseline,,,,3.0,0.74,0.0
166,trivia,overconfidence,baseline,,,,4.0,0.85,0.0
166,trivia,overconfidence,baseline,,,,5.0,1.0,1.0
166,trivia,overconfidence,baseline,,,,6.0,0.89,1.0
166,trivia,overconfidence,baseline,,,,7.0,0.62,1.0
166,trivia,overconfidence,baseline,,,,8.0,0.79,0.0
166,trivia,overconfidence,baseline,,,,9.0,0.83,0.0
166,trivia,overconfidence,baseline,,,,10.0,0.93,1.0
166,trivia,overconfidence,baseline,,,,11.0,0.62,0.0
166,trivia,overconfidence,baseline,,,,12.0,0.75,1.0
166,trivia,overconfidence,baseline,,,,13.0,0.82,0.0
166,trivia,overconfidence,baseline,,,,14.0,0.72,1.0
166,trivia,overconfidence,baseline,,,,15.0,0.88,1.0
166,trivia,overconfidence,baseline,,,,16.0,0.85,0.0
166,trivia,overconfidence,baseline,,,,17.0,0.98,1.0
166,trivia,overconfidence,baseline,,,,18.0,0.94,1.0
166,trivia,overconfidence,baseline,,,,19.0,1.0,1.0
167,trivia,overconfidence,baseline,,,,0.0,0.73,1.0
167,trivia,overconfidence,baseline,,,,1.0,0.61,1.0
167,trivia,overconfidence,baseline,,,,2.0,0.5,0.0
167,trivia,overconfidence,baseline,,,,3.0,0.57,1.0
167,trivia,overconfidence,baseline,,,,4.0,0.67,0.0
167,trivia,overconfidence,baseline,,,,5.0,0.81,0.0
167,trivia,overconfidence,baseline,,,,6.0,0.73,1.0
167,trivia,overconfidence,baseline,,,,7.0,0.51,0.0
167,trivia,overconfidence,baseline,,,,8.0,0.57,1.0
167,trivia,overconfidence,baseline,,,,9.0,0.63,0.0
167,trivia,overconfidence,baseline,,,,10.0,0.89,1.0
167,trivia,overconfidence,baseline,,,,11.0,0.5,1.0
167,trivia,overconfidence,baseline,,,,12.0,0.58,0.0
167,trivia,overconfidence,baseline,,,,13.0,0.54,0.0
167,trivia,overconfidence,baseline,,,,14.0,0.54,0.0
167,trivia,overconfidence,baseline,,,,15.0,0.88,0.0
167,trivia,overconfidence,baseline,,,,16.0,0.59,1.0
167,trivia,overconfidence,baseline,,,,17.0,0.92,1.0
167,trivia,overconfidence,baseline,,,,18.0,0.83,1.0
167,trivia,overconfidence,baseline,,,,19.0,0.87,1.0
168,trivia,overconfidence,baseline,,,,0.0,0.55,1.0
168,trivia,overconfidence,baseline,,,,1.0,0.54,0.0
168,trivia,overconfidence,baseline,,,,2.0,0.5,0.0
168,trivia,overconfidence,baseline,,,,3.0,0.74,1.0
168,trivia,overconfidence,baseline,,,,4.0,0.67,0.0
168,trivia,overconfidence,baseline,,,,5.0,0.8,1.0
168,trivia,overconfidence,baseline,,,,6.0,0.91,1.0
168,trivia,overconfidence,baseline,,,,7.0,0.54,1.0
168,trivia,overconfidence,baseline,,,,8.0,0.63,1.0
168,trivia,overconfidence,baseline,,,,9.0,0.68,1.0
168,trivia,overconfidence,baseline,,,,10.0,0.95,1.0
168,trivia,overconfidence,baseline,,,,11.0,0.8,1.0
168,trivia,overconfidence,baseline,,,,12.0,0.75,0.0
168,trivia,overconfidence,baseline,,,,13.0,0.6,1.0
168,trivia,overconfidence,baseline,,,,14.0,0.51,1.0
168,trivia,overconfidence,baseline,,,,15.0,0.78,0.0
168,trivia,overconfidence,baseline,,,,16.0,0.82,1.0
168,trivia,overconfidence,baseline,,,,17.0,1.0,0.0
168,trivia,overconfidence,baseline,,,,18.0,0.8,1.0
168,trivia,overconfidence,baseline,,,,19.0,1.0,1.0
169,trivia,overconfidence,baseline,,,,0.0,0.82,1.0
169,trivia,overconfidence,baseline,,,,1.0,0.82,1.0
169,trivia,overconfidence,baseline,,,,2.0,0.62,0.0
169,trivia,overconfidence,baseline,,,,3.0,0.93,0.0
169,trivia,overconfidence,baseline,,,,4.0,0.89,1.0
169,trivia,overconfidence,baseline,,,,5.0,0.97,0.0
169,trivia,overconfidence,baseline,,,,6.0,0.99,1.0
169,trivia,overconfidence,baseline,,,,7.0,0.84,0.0
169,trivia,overconfidence,baseline,,,,8.0,0.95,0.0
169,trivia,overconfidence,baseline,,,,9.0,0.99,0.0
169,trivia,overconfidence,baseline,,,,10.0,1.0,0.0
169,trivia,overconfidence,baseline,,,,11.0,0.81,0.0
169,trivia,overconfidence,baseline,,,,12.0,0.77,0.0
169,trivia,overconfidence,baseline,,,,13.0,0.79,1.0
169,trivia,overconfidence,baseline,,,,14.0,0.89,0.0
169,trivia,overconfidence,baseline,,,,15.0,1.0,1.0
169,trivia,overconfidence,baseline,,,,16.0,1.0,1.0
169,trivia,overconfidence,baseline,,,,17.0,1.0,1.0
169,trivia,overconfidence,baseline,,,,18.0,1.0,1.0
169,trivia,overconfidence,baseline,,,,19.0,1.0,1.0
170,trivia,overconfidence,baseline,,,,0.0,0.54,1.0
170,trivia,overconfidence,baseline,,,,1.0,0.85,0.0
170,trivia,overconfidence,baseline,,,,2.0,0.5,0.0
170,trivia,overconfidence,baseline,,,,3.0,0.76,0.0
170,trivia,overconfidence,baseline,,,,4.0,0.79,1.0
170,trivia,overconfidence,baseline,,,,5.0,1.0,1.0
170,trivia,overconfidence,baseline,,,,6.0,0.8,1.0
170,trivia,overconfidence,baseline,,,,7.0,0.76,1.0
170,trivia,overconfidence,baseline,,,,8.0,0.66,0.0
170,trivia,overconfidence,baseline,,,,9.0,0.76,0.0
170,trivia,overconfidence,baseline,,,,10.0,0.88,0.0
170,trivia,overconfidence,baseline,,,,11.0,0.61,1.0
170,trivia,overconfidence,baseline,,,,12.0,0.68,0.0
170,trivia,overconfidence,baseline,,,,13.0,0.65,0.0
170,trivia,overconfidence,baseline,,,,14.0,0.59,0.0
170,trivia,overconfidence,baseline,,,,15.0,0.9,1.0
170,trivia,overconfidence,baseline,,,,16.0,0.77,1.0
170,trivia,overconfidence,baseline,,,,17.0,0.96,1.0
170,trivia,overconfidence,baseline,,,,18.0,0.92,1.0
170,trivia,overconfidence,baseline,,,,19.0,1.0,1.0
171,trivia,overconfidence,baseline,,,,0.0,0.52,1.0
171,trivia,overconfidence,baseline,,,,1.0,0.68,1.0
171,trivia,overconfidence,baseline,,,,2.0,0.5,0.0
171,trivia,overconfidence,baseline,,,,3.0,0.72,1.0
171,trivia,overconfidence,baseline,,,,4.0,0.62,0.0
171,trivia,overconfidence,baseline,,,,5.0,0.86,0.0
171,trivia,overconfidence,baseline,,,,6.0,0.76,0.0
171,trivia,overconfidence,baseline,,,,7.0,0.67,1.0
171,trivia,overconfidence,baseline,,,,8.0,0.73,1.0
171,trivia,overconfidence,baseline,,,,9.0,0.77,0.0
171,trivia,overconfidence,baseline,,,,10.0,0.94,1.0
171,trivia,overconfidence,baseline,,,,11.0,0.57,0.0
171,trivia,overconfidence,baseline,,,,12.0,0.7,0.0
171,trivia,overconfidence,baseline,,,,13.0,0.54,1.0
171,trivia,overconfidence,baseline,,,,14.0,0.52,0.0
171,trivia,overconfidence,baseline,,,,15.0,0.8,0.0
171,trivia,overconfidence,baseline,,,,16.0,0.76,1.0
171,trivia,overconfidence,baseline,,,,17.0,0.98,1.0
171,trivia,overconfidence,baseline,,,,18.0,0.78,1.0
171,trivia,overconfidence,baseline,,,,19.0,1.0,1.0
172,trivia,overconfidence,baseline,,,,0.0,0.86,0.0
172,trivia,overconfidence,baseline,,,,1.0,0.71,0.0
172,trivia,overconfidence,baseline,,,,2.0,0.5,0.0
172,trivia,overconfidence,baseline,,,,3.0,0.81,1.0
172,trivia,overconfidence,baseline,,,,4.0,0.63,1.0
172,trivia,overconfidence,baseline,,,,5.0,0.94,1.0
172,trivia,overconfidence,baseline,,,,6.0,0.87,1.0
172,trivia,overconfidence,baseline,,,,7.0,0.72,1.0
172,trivia,overconfidence,baseline,,,,8.0,0.73,1.0
172,trivia,overconfidence,baseline,,,,9.0,0.8,0.0
172,trivia,overconfidence,baseline,,,,10.0,1.0,1.0
172,trivia,overconfidence,baseline,,,,11.0,0.71,1.0
172,trivia,overconfidence,baseline,,,,12.0,0.74,1.0
172,trivia,overconfidence,baseline,,,,13.0,0.75,1.0
172,trivia,overconfidence,baseline,,,,14.0,0.71,0.0
172,trivia,overconfidence,baseline,,,,15.0,0.78,0.0
172,trivia,overconfidence,baseline,,,,16.0,0.95,1.0
172,trivia,overconfidence,baseline,,,,17.0,0.95,1.0
172,trivia,overconfidence,baseline,,,,18.0,0.99,1.0
172,trivia,overconfidence,baseline,,,,19.0,1.0,1.0
173,trivia,overconfidence,baseline,,,,0.0,0.5,0.0
173,trivia,overconfidence,baseline,,,,1.0,0.89,1.0
173,trivia,overconfidence,baseline,,,,2.0,0.5,0.0
173,trivia,overconfidence,baseline,,,,3.0,0.73,1.0
173,trivia,overconfidence,baseline,,,,4.0,0.73,0.0
173,trivia,overconfidence,baseline,,,,5.0,0.88,1.0
173,trivia,overconfidence,baseline,,,,6.0,0.91,1.0
173,trivia,overconfidence,baseline,,,,7.0,0.69,0.0
173,trivia,overconfidence,baseline,,,,8.0,0.76,1.0
173,trivia,overconfidence,baseline,,,,9.0,0.69,1.0
173,trivia,overconfidence,baseline,,,,10.0,0.89,1.0
173,trivia,overconfidence,baseline,,,,11.0,0.73,0.0
173,trivia,overconfidence,baseline,,,,12.0,0.7,0.0
173,trivia,overconfidence,baseline,,,,13.0,0.52,0.0
173,trivia,overconfidence,baseline,,,,14.0,0.5,0.0
173,trivia,overconfidence,baseline,,,,15.0,0.84,0.0
173,trivia,overconfidence,baseline,,,,16.0,0.86,1.0
173,trivia,overconfidence,baseline,,,,17.0,0.9,1.0
173,trivia,overconfidence,baseline,,,,18.0,1.0,1.0
173,trivia,overconfidence,baseline,,,,19.0,1.0,1.0
174,trivia,overconfidence,baseline,,,,0.0,0.74,0.0
174,trivia,overconfidence,baseline,,,,1.0,0.74,0.0
174,trivia,overconfidence,baseline,,,,2.0,0.5,1.0
174,trivia,overconfidence,baseline,,,,3.0,0.67,0.0
174,trivia,overconfidence,baseline,,,,4.0,0.67,0.0
174,trivia,overconfidence,baseline,,,,5.0,0.91,1.0
174,trivia,overconfidence,baseline,,,,6.0,0.89,0.0
174,trivia,overconfidence,baseline,,,,7.0,0.71,1.0
174,trivia,overconfidence,baseline,,,,8.0,0.59,1.0
174,trivia,overconfidence,baseline,,,,9.0,0.69,0.0
174,trivia,overconfidence,baseline,,,,10.0,1.0,1.0
174,trivia,overconfidence,baseline,,,,11.0,0.71,1.0
174,trivia,overconfidence,baseline,,,,12.0,0.66,0.0
174,trivia,overconfidence,baseline,,,,13.0,0.68,1.0
174,trivia,overconfidence,baseline,,,,14.0,0.63,0.0
174,trivia,overconfidence,baseline,,,,15.0,1.0,0.0
174,trivia,overconfidence,baseline,,,,16.0,0.83,1.0
174,trivia,overconfidence,baseline,,,,17.0,0.96,1.0
174,trivia,overconfidence,baseline,,,,18.0,0.89,1.0
174,trivia,overconfidence,baseline,,,,19.0,1.0,1.0
175,trivia,overconfidence,baseline,,,,0.0,0.71,0.0
175,trivia,overconfidence,baseline,,,,1.0,0.78,1.0
175,trivia,overconfidence,baseline,,,,2.0,0.5,1.0
175,trivia,overconfidence,baseline,,,,3.0,0.82,0.0
175,trivia,overconfidence,baseline,,,,4.0,0.74,1.0
175,trivia,overconfidence,baseline,,,,5.0,0.9,1.0
175,trivia,overconfidence,baseline,,,,6.0,0.73,1.0
175,trivia,overconfidence,baseline,,,,7.0,0.74,0.0
175,trivia,overconfidence,baseline,,,,8.0,0.87,1.0
175,trivia,overconfidence,baseline,,,,9.0,0.71,0.0
175,trivia,overconfidence,baseline,,,,10.0,1.0,1.0
175,trivia,overconfidence,baseline,,,,11.0,0.73,1.0
175,trivia,overconfidence,baseline,,,,12.0,0.52,1.0
175,trivia,overconfidence,baseline,,,,13.0,0.57,1.0
175,trivia,overconfidence,baseline,,,,14.0,0.5,1.0
175,trivia,overconfidence,baseline,,,,15.0,0.99,0.0
175,trivia,overconfidence,baseline,,,,16.0,0.66,1.0
175,trivia,overconfidence,baseline,,,,17.0,0.98,1.0
175,trivia,overconfidence,baseline,,,,18.0,0.99,1.0
175,trivia,overconfidence,baseline,,,,19.0,1.0,1.0
176,trivia,overconfidence,baseline,,,,0.0,0.5,1.0
176,trivia,overconfidence,baseline,,,,1.0,0.54,1.0
176,trivia,overconfidence,baseline,,,,2.0,0.5,0.0
176,trivia,overconfidence,baseline,,,,3.0,0.61,0.0
176,trivia,overconfidence,baseline,,,,4.0,0.6,1.0
176,trivia,overconfidence,baseline,,,,5.0,0.64,1.0
176,trivia,overconfidence,baseline,,,,6.0,0.63,0.0
176,trivia,overconfidence,baseline,,,,7.0,0.5,1.0
176,trivia,overconfidence,baseline,,,,8.0,0.61,1.0
176,trivia,overconfidence,baseline,,,,9.0,0.59,0.0
176,trivia,overconfidence,baseline,,,,10.0,0.75,1.0
176,trivia,overconfidence,baseline,,,,11.0,0.58,1.0
176,trivia,overconfidence,baseline,,,,12.0,0.5,1.0
176,trivia,overconfidence,baseline,,,,13.0,0.5,1.0
176,trivia,overconfidence,baseline,,,,14.0,0.5,1.0
176,trivia,overconfidence,baseline,,,,15.0,0.68,1.0
176,trivia,overconfidence,baseline,,,,16.0,0.62,1.0
176,trivia,overconfidence,baseline,,,,17.0,0.92,1.0
176,trivia,overconfidence,baseline,,,,18.0,0.78,1.0
176,trivia,overconfidence,baseline,,,,19.0,0.88,1.0
177,trivia,overconfidence,baseline,,,,0.0,0.68,0.0
177,trivia,overconfidence,baseline,,,,1.0,0.88,0.0
177,trivia,overconfidence,baseline,,,,2.0,0.5,0.0
177,trivia,overconfidence,baseline,,,,3.0,0.82,1.0
177,trivia,overconfidence,baseline,,,,4.0,0.6,1.0
177,trivia,overconfidence,baseline,,,,5.0,1.0,0.0
177,trivia,overconfidence,baseline,,,,6.0,0.85,0.0
177,trivia,overconfidence,baseline,,,,7.0,0.64,1.0
177,trivia,overconfidence,baseline,,,,8.0,0.87,0.0
177,trivia,overconfidence,baseline,,,,9.0,0.78,0.0
177,trivia,overconfidence,baseline,,,,10.0,1.0,1.0
177,trivia,overconfidence,baseline,,,,11.0,0.66,0.0
177,trivia,overconfidence,baseline,,,,12.0,0.68,0.0
177,trivia,overconfidence,baseline,,,,13.0,0.5,1.0
177,trivia,overconfidence,baseline,,,,14.0,0.64,1.0
177,trivia,overconfidence,baseline,,,,15.0,0.76,1.0
177,trivia,overconfidence,baseline,,,,16.0,0.93,1.0
177,trivia,overconfidence,baseline,,,,17.0,0.93,1.0
177,trivia,overconfidence,baseline,,,,18.0,0.98,1.0
177,trivia,overconfidence,baseline,,,,19.0,1.0,1.0
178,trivia,overconfidence,baseline,,,,0.0,0.64,0.0
178,trivia,overconfidence,baseline,,,,1.0,0.73,1.0
178,trivia,overconfidence,baseline,,,,2.0,0.54,0.0
178,trivia,overconfidence,baseline,,,,3.0,0.89,1.0
178,trivia,overconfidence,baseline,,,,4.0,0.7,1.0
178,trivia,overconfidence,baseline,,,,5.0,0.77,1.0
178,trivia,overconfidence,baseline,,,,6.0,0.97,1.0
178,trivia,overconfidence,baseline,,,,7.0,0.76,1.0
178,trivia,overconfidence,baseline,,,,8.0,0.66,0.0
178,trivia,overconfidence,baseline,,,,9.0,0.68,1.0
178,trivia,overconfidence,baseline,,,,10.0,1.0,1.0
178,trivia,overconfidence,baseline,,,,11.0,0.7,0.0
178,trivia,overconfidence,baseline,,,,12.0,0.84,0.0
178,trivia,overconfidence,baseline,,,,13.0,0.68,1.0
178,trivia,overconfidence,baseline,,,,14.0,0.54,1.0
178,trivia,overconfidence,baseline,,,,15.0,0.79,1.0
178,trivia,overconfidence,baseline,,,,16.0,0.84,1.0
178,trivia,overconfidence,baseline,,,,17.0,0.86,1.0
178,trivia,overconfidence,baseline,,,,18.0,0.85,1.0
178,trivia,overconfidence,baseline,,,,19.0,1.0,1.0
179,trivia,overconfidence,baseline,,,,0.0,0.71,1.0
179,trivia,overconfidence,baseline,,,,1.0,0.84,1.0
179,trivia,overconfidence,baseline,,,,2.0,0.65,0.0
179,trivia,overconfidence,baseline,,,,3.0,0.97,1.0
179,trivia,overconfidence,baseline,,,,4.0,0.91,0.0
179,trivia,overconfidence,baseline,,,,5.0,1.0,0.0
179,trivia,overconfidence,baseline,,,,6.0,0.93,1.0
179,trivia,overconfidence,baseline,,,,7.0,0.73,0.0
179,trivia,overconfidence,baseline,,,,8.0,0.87,0.0
179,trivia,overconfidence,baseline,,,,9.0,0.9,1.0
179,trivia,overconfidence,baseline,,,,10.0,1.0,1.0
179,trivia,overconfidence,baseline,,,,11.0,0.76,0.0
179,trivia,overconfidence,baseline,,,,12.0,0.73,0.0
179,trivia,overconfidence,baseline,,,,13.0,0.61,0.0
179,trivia,overconfidence,baseline,,,,14.0,0.71,1.0
179,trivia,overconfidence,baseline,,,,15.0,1.0,0.0
179,trivia,overconfidence,baseline,,,,16.0,1.0,0.0
179,trivia,overconfidence,baseline,,,,17.0,1.0,1.0
179,trivia,overconfidence,baseline,,,,18.0,0.93,1.0
179,trivia,overconfidence,baseline,,,,19.0,1.0,1.0
180,trivia,overconfidence,baseline,,,,0.0,0.79,1.0
180,trivia,overconfidence,baseline,,,,1.0,0.95,0.0
180,trivia,overconfidence,baseline,,,,2.0,0.66,1.0
180,trivia,overconfidence,baseline,,,,3.0,0.75,0.0
180,trivia,overconfidence,baseline,,,,4.0,0.7,1.0
180,trivia,overconfidence,baseline,,,,5.0,0.95,1.0
180,trivia,overconfidence,baseline,,,,6.0,0.72,0.0
180,trivia,overconfidence,baseline,,,,7.0,0.61,0.0
180,trivia,overconfidence,baseline,,,,8.0,0.69,0.0
180,trivia,overconfidence,baseline,,,,9.0,0.83,0.0
180,trivia,overconfidence,baseline,,,,10.0,1.0,0.0
180,trivia,overconfidence,baseline,,,,11.0,0.64,1.0
180,trivia,overconfidence,baseline,,,,12.0,0.56,0.0
180,trivia,overconfidence,baseline,,,,13.0,0.67,0.0
180,trivia,overconfidence,baseline,,,,14.0,0.5,0.0
180,trivia,overconfidence,baseline,,,,15.0,0.77,1.0
180,trivia,overconfidence,baseline,,,,16.0,0.82,1.0
180,trivia,overconfidence,baseline,,,,17.0,0.85,0.0
180,trivia,overconfidence,baseline,,,,18.0,0.87,1.0
180,trivia,overconfidence,baseline,,,,19.0,1.0,1.0
181,trivia,overconfidence,baseline,,,,0.0,0.84,1.0
181,trivia,overconfidence,baseline,,,,1.0,0.76,1.0
181,trivia,overconfidence,baseline,,,,2.0,0.64,1.0
181,trivia,overconfidence,baseline,,,,3.0,0.74,0.0
181,trivia,overconfidence,baseline,,,,4.0,0.89,0.0
181,trivia,overconfidence,baseline,,,,5.0,0.98,1.0
181,trivia,overconfidence,baseline,,,,6.0,0.96,0.0
181,trivia,overconfidence,baseline,,,,7.0,0.82,1.0
181,trivia,overconfidence,baseline,,,,8.0,0.76,1.0
181,trivia,overconfidence,baseline,,,,9.0,0.82,0.0
181,trivia,overconfidence,baseline,,,,10.0,1.0,1.0
181,trivia,overconfidence,baseline,,,,11.0,0.77,0.0
181,trivia,overconfidence,baseline,,,,12.0,0.82,1.0
181,trivia,overconfidence,baseline,,,,13.0,0.76,0.0
181,trivia,overconfidence,baseline,,,,14.0,0.8,0.0
181,trivia,overconfidence,baseline,,,,15.0,1.0,0.0
181,trivia,overconfidence,baseline,,,,16.0,0.71,0.0
181,trivia,overconfidence,baseline,,,,17.0,1.0,1.0
181,trivia,overconfidence,baseline,,,,18.0,1.0,1.0
181,trivia,overconfidence,baseline,,,,19.0,1.0,1.0
182,trivia,overconfidence,baseline,,,,0.0,0.52,0.0
182,trivia,overconfidence,baseline,,,,1.0,0.66,1.0
182,trivia,overconfidence,baseline,,,,2.0,0.5,1.0
182,trivia,overconfidence,baseline,,,,3.0,0.69,1.0
182,trivia,overconfidence,baseline,,,,4.0,0.72,1.0
182,trivia,overconfidence,baseline,,,,5.0,0.85,1.0
182,trivia,overconfidence,baseline,,,,6.0,0.77,0.0
182,trivia,overconfidence,baseline,,,,7.0,0.7,1.0
182,trivia,overconfidence,baseline,,,,8.0,0.52,0.0
182,trivia,overconfidence,baseline,,,,9.0,0.73,0.0
182,trivia,overconfidence,baseline,,,,10.0,1.0,1.0
182,trivia,overconfidence,baseline,,,,11.0,0.74,1.0
182,trivia,overconfidence,baseline,,,,12.0,0.65,0.0
182,trivia,overconfidence,baseline,,,,13.0,0.5,0.0
182,trivia,overconfidence,baseline,,,,14.0,0.54,1.0
182,trivia,overconfidence,baseline,,,,15.0,0.66,0.0
182,trivia,overconfidence,baseline,,,,16.0,0.81,1.0
182,trivia,overconfidence,baseline,,,,17.0,1.0,1.0
182,trivia,overconfidence,baseline,,,,18.0,0.9,0.0
182,trivia,overconfidence,baseline,,,,19.0,1.0,1.0
183,trivia,overconfidence,baseline,,,,0.0,0.71,1.0
183,trivia,overconfidence,baseline,,,,1.0,0.75,0.0
183,trivia,overconfidence,baseline,,,,2.0,0.54,0.0
183,trivia,overconfidence,baseline,,,,3.0,0.94,1.0
183,trivia,overconfidence,baseline,,,,4.0,0.67,1.0
183,trivia,overconfidence,baseline,,,,5.0,0.94,1.0
183,trivia,overconfidence,baseline,,,,6.0,0.97,1.0
183,trivia,overconfidence,baseline,,,,7.0,0.8,0.0
183,trivia,overconfidence,baseline,,,,8.0,0.76,0.0
183,trivia,overconfidence,baseline,,,,9.0,0.73,0.0
183,trivia,overconfidence,baseline,,,,10.0,1.0,1.0
183,trivia,overconfidence,baseline,,,,11.0,0.72,1.0
183,trivia,overconfidence,baseline,,,,12.0,0.75,0.0
183,trivia,overconfidence,baseline,,,,13.0,0.53,1.0
183,trivia,overconfidence,baseline,,,,14.0,0.71,0.0
183,trivia,overconfidence,baseline,,,,15.0,0.95,1.0
183,trivia,overconfidence,baseline,,,,16.0,0.81,1.0
183,trivia,overconfidence,baseline,,,,17.0,1.0,1.0
183,trivia,overconfidence,baseline,,,,18.0,0.93,1.0
183,trivia,overconfidence,baseline,,,,19.0,1.0,1.0
184,trivia,overconfidence,baseline,,,,0.0,0.65,0.0
184,trivia,overconfidence,baseline,,,,1.0,0.65,0.0
184,trivia,overconfidence,baseline,,,,2.0,0.65,0.0
184,trivia,overconfidence,baseline,,,,3.0,0.82,1.0
184,trivia,overconfidence,baseline,,,,4.0,0.69,0.0
184,trivia,overconfidence,baseline,,,,5.0,1.0,1.0
184,trivia,overconfidence,baseline,,,,6.0,0.9,0.0
184,trivia,overconfidence,baseline,,,,7.0,0.65,1.0
184,trivia,overconfidence,baseline,,,,8.0,0.86,1.0
184,trivia,overconfidence,baseline,,,,9.0,0.82,1.0
184,trivia,overconfidence,baseline,,,,10.0,1.0,1.0
184,trivia,overconfidence,baseline,,,,11.0,0.66,1.0
184,trivia,overconfidence,baseline,,,,12.0,0.6,1.0
184,trivia,overconfidence,baseline,,,,13.0,0.5,1.0
184,trivia,overconfidence,baseline,,,,14.0,0.62,1.0
184,trivia,overconfidence,baseline,,,,15.0,0.74,1.0
184,trivia,overconfidence,baseline,,,,16.0,0.74,1.0
184,trivia,overconfidence,baseline,,,,17.0,0.97,0.0
184,trivia,overconfidence,baseline,,,,18.0,0.93,1.0
184,trivia,overconfidence,baseline,,,,19.0,1.0,1.0
185,trivia,overconfidence,baseline,,,,0.0,0.66,0.0
185,trivia,overconfidence,baseline,,,,1.0,0.55,0.0
185,trivia,overconfidence,baseline,,,,2.0,0.5,0.0
185,trivia,overconfidence,baseline,,,,3.0,0.69,1.0
185,trivia,overconfidence,baseline,,,,4.0,0.6,1.0
185,trivia,overconfidence,baseline,,,,5.0,0.74,1.0
185,trivia,overconfidence,baseline,,,,6.0,0.82,1.0
185,trivia,overconfidence,baseline,,,,7.0,0.54,1.0
185,trivia,overconfidence,baseline,,,,8.0,0.57,1.0
185,trivia,overconfidence,baseline,,,,9.0,0.82,1.0
185,trivia,overconfidence,baseline,,,,10.0,0.85,1.0
185,trivia,overconfidence,baseline,,,,11.0,0.5,1.0
185,trivia,overconfidence,baseline,,,,12.0,0.68,1.0
185,trivia,overconfidence,baseline,,,,13.0,0.59,0.0
185,trivia,overconfidence,baseline,,,,14.0,0.5,0.0
185,trivia,overconfidence,baseline,,,,15.0,0.71,0.0
185,trivia,overconfidence,baseline,,,,16.0,0.71,1.0
185,trivia,overconfidence,baseline,,,,17.0,0.89,1.0
185,trivia,overconfidence,baseline,,,,18.0,0.94,1.0
185,trivia,overconfidence,baseline,,,,19.0,1.0,1.0
186,trivia,overconfidence,baseline,,,,0.0,0.57,1.0
186,trivia,overconfidence,baseline,,,,1.0,0.64,1.0
186,trivia,overconfidence,baseline,,,,2.0,0.5,0.0
186,trivia,overconfidence,baseline,,,,3.0,0.64,0.0
186,trivia,overconfidence,baseline,,,,4.0,0.54,0.0
186,trivia,overconfidence,baseline,,,,5.0,0.96,0.0
186,trivia,overconfidence,baseline,,,,6.0,0.77,1.0
186,trivia,overconfidence,baseline,,,,7.0,0.79,0.0
186,trivia,overconfidence,baseline,,,,8.0,0.63,1.0
186,trivia,overconfidence,baseline,,,,9.0,0.7,1.0
186,trivia,overconfidence,baseline,,,,10.0,0.89,1.0
186,trivia,overconfidence,baseline,,,,11.0,0.63,0.0
186,trivia,overconfidence,baseline,,,,12.0,0.6,0.0
186,trivia,overconfidence,baseline,,,,13.0,0.55,1.0
186,trivia,overconfidence,baseline,,,,14.0,0.52,0.0
186,trivia,overconfidence,baseline,,,,15.0,0.74,1.0
186,trivia,overconfidence,baseline,,,,16.0,0.78,0.0
186,trivia,overconfidence,baseline,,,,17.0,0.87,0.0
186,trivia,overconfidence,baseline,,,,18.0,0.91,1.0
186,trivia,overconfidence,baseline,,,,19.0,0.93,1.0
187,trivia,overconfidence,baseline,,,,0.0,0.66,1.0
187,trivia,overconfidence,baseline,,,,1.0,0.77,1.0
187,trivia,overconfidence,baseline,,,,2.0,0.52,1.0
187,trivia,overconfidence,baseline,,,,3.0,0.79,0.0
187,trivia,overconfidence,baseline,,,,4.0,0.87,1.0
187,trivia,overconfidence,baseline,,,,5.0,1.0,1.0
187,trivia,overconfidence,baseline,,,,6.0,0.94,1.0
187,trivia,overconfidence,baseline,,,,7.0,0.82,0.0
187,trivia,overconfidence,baseline,,,,8.0,0.87,0.0
187,trivia,overconfidence,baseline,,,,9.0,0.83,1.0
187,trivia,overconfidence,baseline,,,,10.0,1.0,1.0
187,trivia,overconfidence,baseline,,,,11.0,0.77,0.0
187,trivia,overconfidence,baseline,,,,12.0,0.85,1.0
187,trivia,overconfidence,baseline,,,,13.0,0.69,1.0
187,trivia,overconfidence,baseline,,,,14.0,0.7,0.0
187,trivia,overconfidence,baseline,,,,15.0,1.0,1.0
187,trivia,overconfidence,baseline,,,,16.0,0.99,1.0
187,trivia,overconfidence,baseline,,,,17.0,1.0,0.0
187,trivia,overconfidence,baseline,,,,18.0,1.0,0.0
187,trivia,overconfidence,baseline,,,,19.0,1.0,1.0
188,trivia,overconfidence,baseline,,,,0.0,0.64,0.0
188,trivia,overconfidence,baseline,,,,1.0,0.78,1.0
188,trivia,overconfidence,baseline,,,,2.0,0.54,0.0
188,trivia,overconfidence,baseline,,,,3.0,0.88,0.0
188,trivia,overconfidence,baseline,,,,4.0,0.81,0.0
188,trivia,overconfidence,baseline,,,,5.0,0.9,1.0
188,trivia,overconfidence,baseline,,,,6.0,1.0,1.0
188,trivia,overconfidence,baseline,,,,7.0,0.79,0.0
188,trivia,overconfidence,baseline,,,,8.0,0.75,1.0
188,trivia,overconfidence,baseline,,,,9.0,0.8,1.0
188,trivia,overconfidence,baseline,,,,10.0,1.0,1.0
188,trivia,overconfidence,baseline,,,,11.0,0.67,1.0
188,trivia,overconfidence,baseline,,,,12.0,0.89,1.0
188,trivia,overconfidence,baseline,,,,13.0,0.69,0.0
188,trivia,overconfidence,baseline,,,,14.0,0.64,1.0
188,trivia,overconfidence,baseline,,,,15.0,0.95,1.0
188,trivia,overconfidence,baseline,,,,16.0,0.79,1.0
188,trivia,overconfidence,baseline,,,,17.0,1.0,1.0
188,trivia,overconfidence,baseline,,,,18.0,1.0,1.0
188,trivia,overconfidence,baseline,,,,19.0,1.0,1.0
189,trivia,overconfidence,baseline,,,,0.0,0.5,1.0
189,trivia,overconfidence,baseline,,,,1.0,0.73,0.0
189,trivia,overconfidence,baseline,,,,2.0,0.5,0.0
189,trivia,overconfidence,baseline,,,,3.0,0.52,1.0
189,trivia,overconfidence,baseline,,,,4.0,0.51,0.0
189,trivia,overconfidence,baseline,,,,5.0,0.72,1.0
189,trivia,overconfidence,baseline,,,,6.0,0.76,1.0
189,trivia,overconfidence,baseline,,,,7.0,0.5,0.0
189,trivia,overconfidence,baseline,,,,8.0,0.61,1.0
189,trivia,overconfidence,baseline,,,,9.0,0.64,1.0
189,trivia,overconfidence,baseline,,,,10.0,0.85,1.0
189,trivia,overconfidence,baseline,,,,11.0,0.58,0.0
189,trivia,overconfidence,baseline,,,,12.0,0.5,1.0
189,trivia,overconfidence,baseline,,,,13.0,0.55,0.0
189,trivia,overconfidence,baseline,,,,14.0,0.5,1.0
189,trivia,overconfidence,baseline,,,,15.0,0.6,1.0
189,trivia,overconfidence,baseline,,,,16.0,0.52,0.0
189,trivia,overconfidence,baseline,,,,17.0,0.76,1.0
189,trivia,overconfidence,baseline,,,,18.0,0.83,1.0
189,trivia,overconfidence,baseline,,,,19.0,0.99,1.0
190,trivia,overconfidence,baseline,,,,0.0,0.61,0.0
190,trivia,overconfidence,baseline,,,,1.0,0.6,0.0
190,trivia,overconfidence,baseline,,,,2.0,0.5,0.0
190,trivia,overconfidence,baseline,,,,3.0,0.79,0.0
190,trivia,overconfidence,baseline,,,,4.0,0.59,1.0
190,trivia,overconfidence,baseline,,,,5.0,0.79,1.0
190,trivia,overconfidence,baseline,,,,6.0,0.74,1.0
190,trivia,overconfidence,baseline,,,,7.0,0.64,1.0
190,trivia,overconfidence,baseline,,,,8.0,0.71,0.0
190,trivia,overconfidence,baseline,,,,9.0,0.76,1.0
190,trivia,overconfidence,baseline,,,,10.0,0.93,1.0
190,trivia,overconfidence,baseline,,,,11.0,0.58,0.0
190,trivia,overconfidence,baseline,,,,12.0,0.58,0.0
190,trivia,overconfidence,baseline,,,,13.0,0.6,0.0
190,trivia,overconfidence,baseline,,,,14.0,0.5,1.0
190,trivia,overconfidence,baseline,,,,15.0,0.76,1.0
190,trivia,overconfidence,baseline,,,,16.0,0.75,1.0
190,trivia,overconfidence,baseline,,,,17.0,0.97,1.0
190,trivia,overconfidence,baseline,,,,18.0,0.79,1.0
190,trivia,overconfidence,baseline,,,,19.0,1.0,1.0
191,trivia,overconfidence,baseline,,,,0.0,0.94,0.0
191,trivia,overconfidence,baseline,,,,1.0,1.0,0.0
191,trivia,overconfidence,baseline,,,,2.0,0.87,1.0
191,trivia,overconfidence,baseline,,,,3.0,1.0,0.0
191,trivia,overconfidence,baseline,,,,4.0,0.82,0.0
191,trivia,overconfidence,baseline,,,,5.0,1.0,1.0
191,trivia,overconfidence,baseline,,,,6.0,1.0,1.0
191,trivia,overconfidence,baseline,,,,7.0,0.92,0.0
191,trivia,overconfidence,baseline,,,,8.0,1.0,0.0
191,trivia,overconfidence,baseline,,,,9.0,1.0,0.0
191,trivia,overconfidence,baseline,,,,10.0,1.0,1.0
191,trivia,overconfidence,baseline,,,,11.0,0.96,1.0
191,trivia,overconfidence,baseline,,,,12.0,0.94,1.0
191,trivia,overconfidence,baseline,,,,13.0,0.95,0.0
191,trivia,overconfidence,baseline,,,,14.0,0.88,1.0
191,trivia,overconfidence,baseline,,,,15.0,1.0,1.0
191,trivia,overconfidence,baseline,,,,16.0,1.0,1.0
191,trivia,overconfidence,baseline,,,,17.0,1.0,1.0
191,trivia,overconfidence,baseline,,,,18.0,1.0,1.0
191,trivia,overconfidence,baseline,,,,19.0,1.0,1.0
192,trivia,overconfidence,baseline,,,,0.0,0.6,0.0
192,trivia,overconfidence,baseline,,,,1.0,0.71,1.0
192,trivia,overconfidence,baseline,,,,2.0,0.5,0.0
192,trivia,overconfidence,baseline,,,,3.0,0.66,0.0
192,trivia,overconfidence,baseline,,,,4.0,0.67,0.0
192,trivia,overconfidence,baseline,,,,5.0,0.78,0.0
192,trivia,overconfidence,baseline,,,,6.0,0.78,1.0
192,trivia,overconfidence,baseline,,,,7.0,0.72,1.0
192,trivia,overconfidence,baseline,,,,8.0,0.55,1.0
192,trivia,overconfidence,baseline,,,,9.0,0.76,1.0
192,trivia,overconfidence,baseline,,,,10.0,0.92,1.0
192,trivia,overconfidence,baseline,,,,11.0,0.52,1.0
192,trivia,overconfidence,baseline,,,,12.0,0.54,0.0
192,trivia,overconfidence,baseline,,,,13.0,0.53,0.0
192,trivia,overconfidence,baseline,,,,14.0,0.58,1.0
192,trivia,overconfidence,baseline,,,,15.0,0.79,1.0
192,trivia,overconfidence,baseline,,,,16.0,0.64,0.0
192,trivia,overconfidence,baseline,,,,17.0,0.98,0.0
192,trivia,overconfidence,baseline,,,,18.0,0.93,1.0
192,trivia,overconfidence,baseline,,,,19.0,0.91,1.0
193,trivia,overconfidence,baseline,,,,0.0,0.53,0.0
193,trivia,overconfidence,baseline,,,,1.0,0.77,0.0
193,trivia,overconfidence,baseline,,,,2.0,0.5,0.0
193,trivia,overconfidence,baseline,,,,3.0,0.78,0.0
193,trivia,overconfidence,baseline,,,,4.0,0.5,1.0
193,trivia,overconfidence,baseline,,,,5.0,0.66,1.0
193,trivia,overconfidence,baseline,,,,6.0,0.86,1.0
193,trivia,overconfidence,baseline,,,,7.0,0.59,1.0
193,trivia,overconfidence,baseline,,,,8.0,0.73,1.0
193,trivia,overconfidence,baseline,,,,9.0,0.78,0.0
193,trivia,overconfidence,baseline,,,,10.0,0.92,1.0
193,trivia,overconfidence,baseline,,,,11.0,0.61,0.0
193,trivia,overconfidence,baseline,,,,12.0,0.61,0.0
193,trivia,overconfidence,baseline,,,,13.0,0.53,0.0
193,trivia,overconfidence,baseline,,,,14.0,0.54,1.0
193,trivia,overconfidence,baseline,,,,15.0,0.86,1.0
193,trivia,overconfidence,baseline,,,,16.0,0.72,1.0
193,trivia,overconfidence,baseline,,,,17.0,0.88,1.0
193,trivia,overconfidence,baseline,,,,18.0,0.85,1.0
193,trivia,overconfidence,baseline,,,,19.0,1.0,1.0
194,trivia,overconfidence,baseline,,,,0.0,0.68,0.0
194,trivia,overconfidence,baseline,,,,1.0,0.65,1.0
194,trivia,overconfidence,baseline,,,,2.0,0.5,1.0
194,trivia,overconfidence,baseline,,,,3.0,0.62,1.0
194,trivia,overconfidence,baseline,,,,4.0,0.63,1.0
194,trivia,overconfidence,baseline,,,,5.0,0.79,1.0
194,trivia,overconfidence,baseline,,,,6.0,0.7,1.0
194,trivia,overconfidence,baseline,,,,7.0,0.64,1.0
194,trivia,overconfidence,baseline,,,,8.0,0.87,0.0
194,trivia,overconfidence,baseline,,,,9.0,0.63,1.0
194,trivia,overconfidence,baseline,,,,10.0,0.98,1.0
194,trivia,overconfidence,baseline,,,,11.0,0.66,0.0
194,trivia,overconfidence,baseline,,,,12.0,0.68,0.0
194,trivia,overconfidence,baseline,,,,13.0,0.56,1.0
194,trivia,overconfidence,baseline,,,,14.0,0.5,0.0
194,trivia,overconfidence,baseline,,,,15.0,0.85,1.0
194,trivia,overconfidence,baseline,,,,16.0,0.64,1.0
194,trivia,overconfidence,baseline,,,,17.0,0.92,0.0
194,trivia,overconfidence,baseline,,,,18.0,0.87,1.0
194,trivia,overconfidence,baseline,,,,19.0,0.98,1.0
195,trivia,overconfidence,baseline,,,,0.0,0.64,1.0
195,trivia,overconfidence,baseline,,,,1.0,0.8,1.0
195,trivia,overconfidence,baseline,,,,2.0,0.51,0.0
195,trivia,overconfidence,baseline,,,,3.0,0.67,1.0
195,trivia,overconfidence,baseline,,,,4.0,0.8,0.0
195,trivia,overconfidence,baseline,,,,5.0,1.0,1.0
195,trivia,overconfidence,baseline,,,,6.0,0.78,0.0
195,trivia,overconfidence,baseline,,,,7.0,0.71,0.0
195,trivia,overconfidence,baseline,,,,8.0,0.75,0.0
195,trivia,overconfidence,baseline,,,,9.0,0.68,1.0
195,trivia,overconfidence,baseline,,,,10.0,1.0,1.0
195,trivia,overconfidence,baseline,,,,11.0,0.7,0.0
195,trivia,overconfidence,baseline,,,,12.0,0.79,0.0
195,trivia,overconfidence,baseline,,,,13.0,0.68,0.0
195,trivia,overconfidence,baseline,,,,14.0,0.69,1.0
195,trivia,overconfidence,baseline,,,,15.0,0.89,1.0
195,trivia,overconfidence,baseline,,,,16.0,0.82,1.0
195,trivia,overconfidence,baseline,,,,17.0,1.0,1.0
195,trivia,overconfidence,baseline,,,,18.0,0.91,1.0
195,trivia,overconfidence,baseline,,,,19.0,1.0,1.0
196,trivia,overconfidence,baseline,,,,0.0,0.5,1.0
196,trivia,overconfidence,baseline,,,,1.0,0.58,1.0
196,trivia,overconfidence,baseline,,,,2.0,0.5,0.0
196,trivia,overconfidence,baseline,,,,3.0,0.64,1.0
196,trivia,overconfidence,baseline,,,,4.0,0.69,0.0
196,trivia,overconfidence,baseline,,,,5.0,0.73,1.0
196,trivia,overconfidence,baseline,,,,6.0,0.78,1.0
196,trivia,overconfidence,baseline,,,,7.0,0.65,1.0
196,trivia,overconfidence,baseline,,,,8.0,0.65,1.0
196,trivia,overconfidence,baseline,,,,9.0,0.64,1.0
196,trivia,overconfidence,baseline,,,,10.0,0.89,0.0
196,trivia,overconfidence,baseline,,,,11.0,0.5,1.0
196,trivia,overconfidence,baseline,,,,12.0,0.5,0.0
196,trivia,overconfidence,baseline,,,,13.0,0.5,1.0
196,trivia,overconfidence,baseline,,,,14.0,0.54,0.0
196,trivia,overconfidence,baseline,,,,15.0,0.82,1.0
196,trivia,overconfidence,baseline,,,,16.0,0.57,1.0
196,trivia,overconfidence,baseline,,,,17.0,0.96,1.0
196,trivia,overconfidence,baseline,,,,18.0,0.85,0.0
196,trivia,overconfidence,baseline,,,,19.0,1.0,1.0
197,trivia,overconfidence,baseline,,,,0.0,0.67,1.0
197,trivia,overconfidence,baseline,,,,1.0,0.72,0.0
197,trivia,overconfidence,baseline,,,,2.0,0.5,1.0
197,trivia,overconfidence,baseline,,,,3.0,0.61,1.0
197,trivia,overconfidence,baseline,,,,4.0,0.5,1.0
197,trivia,overconfidence,baseline,,,,5.0,0.85,1.0
197,trivia,overconfidence,baseline,,,,6.0,0.7,1.0
197,trivia,overconfidence,baseline,,,,7.0,0.56,0.0
197,trivia,overconfidence,baseline,,,,8.0,0.73,1.0
197,trivia,overconfidence,baseline,,,,9.0,0.71,0.0
197,trivia,overconfidence,baseline,,,,10.0,0.97,1.0
197,trivia,overconfidence,baseline,,,,11.0,0.75,1.0
197,trivia,overconfidence,baseline,,,,12.0,0.5,0.0
197,trivia,overconfidence,baseline,,,,13.0,0.5,1.0
197,trivia,overconfidence,baseline,,,,14.0,0.5,0.0
197,trivia,overconfidence,baseline,,,,15.0,0.69,1.0
197,trivia,overconfidence,baseline,,,,16.0,0.8,1.0
197,trivia,overconfidence,baseline,,,,17.0,0.88,0.0
197,trivia,overconfidence,baseline,,,,18.0,0.77,1.0
197,trivia,overconfidence,baseline,,,,19.0,1.0,1.0
198,trivia,overconfidence,baseline,,,,0.0,0.83,1.0
198,trivia,overconfidence,baseline,,,,1.0,0.79,1.0
198,trivia,overconfidence,baseline,,,,2.0,0.63,0.0
198,trivia,overconfidence,baseline,,,,3.0,0.94,1.0
198,trivia,overconfidence,baseline,,,,4.0,0.96,0.0
198,trivia,overconfidence,baseline,,,,5.0,1.0,1.0
198,trivia,overconfidence,baseline,,,,6.0,1.0,1.0
198,trivia,overconfidence,baseline,,,,7.0,0.79,1.0
198,trivia,overconfidence,baseline,,,,8.0,0.88,0.0
198,trivia,overconfidence,baseline,,,,9.0,0.83,0.0
198,trivia,overconfidence,baseline,,,,10.0,1.0,1.0
198,trivia,overconfidence,baseline,,,,11.0,0.9,1.0
198,trivia,overconfidence,baseline,,,,12.0,0.82,1.0
198,trivia,overconfidence,baseline,,,,13.0,0.75,0.0
198,trivia,overconfidence,baseline,,,,14.0,0.69,0.0
198,trivia,overconfidence,baseline,,,,15.0,0.89,1.0
198,trivia,overconfidence,baseline,,,,16.0,1.0,1.0
198,trivia,overconfidence,baseline,,,,17.0,1.0,1.0
198,trivia,overconfidence,baseline,,,,18.0,1.0,0.0
198,trivia,overconfidence,baseline,,,,19.0,1.0,1.0
199,trivia,overconfidence,baseline,,,,0.0,0.72,0.0
199,trivia,overconfidence,baseline,,,,1.0,0.71,1.0
199,trivia,overconfidence,baseline,,,,2.0,0.63,0.0
199,trivia,overconfidence,baseline,,,,3.0,0.8,0.0
199,trivia,overconfidence,baseline,,,,4.0,0.63,0.0
199,trivia,overconfidence,baseline,,,,5.0,1.0,1.0
199,trivia,overconfidence,baseline,,,,6.0,0.7,1.0
199,trivia,overconfidence,baseline,,,,7.0,0.7,0.0
199,trivia,overconfidence,baseline,,,,8.0,0.72,0.0
199,trivia,overconfidence,baseline,,,,9.0,0.83,0.0
199,trivia,overconfidence,baseline,,,,10.0,1.0,0.0
199,trivia,overconfidence,baseline,,,,11.0,0.8,1.0
199,trivia,overconfidence,baseline,,,,12.0,0.8,0.0
199,trivia,overconfidence,baseline,,,,13.0,0.77,1.0
199,trivia,overconfidence,baseline,,,,14.0,0.76,0.0
199,trivia,overconfidence,baseline,,,,15.0,0.9,0.0
199,trivia,overconfidence,baseline,,,,16.0,0.85,1.0
199,trivia,overconfidence,baseline,,,,17.0,0.96,1.0
199,trivia,overconfidence,baseline,,,,18.0,1.0,1.0
199,trivia,overconfidence,baseline,,,,19.0,1.0,1.0
200,trivia,overconfidence,baseline,,,,0.0,0.57,0.0
200,trivia,overconfidence,baseline,,,,1.0,0.66,0.0
200,trivia,overconfidence,baseline,,,,2.0,0.55,0.0
200,trivia,overconfidence,baseline,,,,3.0,0.67,0.0
200,trivia,overconfidence,baseline,,,,4.0,0.63,1.0
200,trivia,overconfidence,baseline,,,,5.0,1.0,1.0
200,trivia,overconfidence,baseline,,,,6.0,0.97,1.0
200,trivia,overconfidence,baseline,,,,7.0,0.67,0.0
200,trivia,overconfidence,baseline,,,,8.0,0.67,1.0
200,trivia,overconfidence,baseline,,,,9.0,0.91,1.0
200,trivia,overconfidence,baseline,,,,10.0,0.97,1.0
200,trivia,overconfidence,baseline,,,,11.0,0.6,0.0
200,trivia,overconfidence,baseline,,,,12.0,0.64,1.0
200,trivia,overconfidence,baseline,,,,13.0,0.69,1.0
200,trivia,overconfidence,baseline,,,,14.0,0.78,0.0
200,trivia,overconfidence,baseline,,,,15.0,0.82,0.0
200,trivia,overconfidence,baseline,,,,16.0,0.95,0.0
200,trivia,overconfidence,baseline,,,,17.0,1.0,1.0
200,trivia,overconfidence,baseline,,,,18.0,0.83,1.0
200,trivia,overconfidence,baseline,,,,19.0,1.0,1.0
201,trivia,overconfidence,baseline,,,,0.0,0.67,1.0
201,trivia,overconfidence,baseline,,,,1.0,0.73,1.0
201,trivia,overconfidence,baseline,,,,2.0,0.5,1.0
201,trivia,overconfidence,baseline,,,,3.0,0.74,1.0
201,trivia,overconfidence,baseline,,,,4.0,0.63,1.0
201,trivia,overconfidence,baseline,,,,5.0,0.87,1.0
201,trivia,overconfidence,baseline,,,,6.0,0.89,1.0
201,trivia,overconfidence,baseline,,,,7.0,0.56,0.0
201,trivia,overconfidence,baseline,,,,8.0,0.62,1.0
201,trivia,overconfidence,baseline,,,,9.0,0.79,1.0
201,trivia,overconfidence,baseline,,,,10.0,1.0,1.0
201,trivia,overconfidence,baseline,,,,11.0,0.67,1.0
201,trivia,overconfidence,baseline,,,,12.0,0.64,1.0
201,trivia,overconfidence,baseline,,,,13.0,0.62,1.0
201,trivia,overconfidence,baseline,,,,14.0,0.5,0.0
201,trivia,overconfidence,baseline,,,,15.0,0.77,1.0
201,trivia,overconfidence,baseline,,,,16.0,0.63,1.0
201,trivia,overconfidence,baseline,,,,17.0,0.87,0.0
201,trivia,overconfidence,baseline,,,,18.0,0.91,1.0
201,trivia,overconfidence,baseline,,,,19.0,1.0,1.0
202,trivia,overconfidence,baseline,,,,0.0,0.5,0.0
202,trivia,overconfidence,baseline,,,,1.0,0.71,1.0
202,trivia,overconfidence,baseline,,,,2.0,0.51,1.0
202,trivia,overconfidence,baseline,,,,3.0,0.78,1.0
202,trivia,overconfidence,baseline,,,,4.0,0.61,0.0
202,trivia,overconfidence,baseline,,,,5.0,0.97,0.0
202,trivia,overconfidence,baseline,,,,6.0,1.0,0.0
202,trivia,overconfidence,baseline,,,,7.0,0.76,1.0
202,trivia,overconfidence,baseline,,,,8.0,0.73,1.0
202,trivia,overconfidence,baseline,,,,9.0,0.89,0.0
202,trivia,overconfidence,baseline,,,,10.0,0.97,1.0
202,trivia,overconfidence,baseline,,,,11.0,0.72,0.0
202,trivia,overconfidence,baseline,,,,12.0,0.68,1.0
202,trivia,overconfidence,baseline,,,,13.0,0.75,1.0
202,trivia,overconfidence,baseline,,,,14.0,0.5,1.0
202,trivia,overconfidence,baseline,,,,15.0,0.77,1.0
202,trivia,overconfidence,baseline,,,,16.0,0.93,1.0
202,trivia,overconfidence,baseline,,,,17.0,1.0,1.0
202,trivia,overconfidence,baseline,,,,18.0,0.86,1.0
202,trivia,overconfidence,baseline,,,,19.0,1.0,0.0
203,trivia,overconfidence,baseline,,,,0.0,0.61,0.0
203,trivia,overconfidence,baseline,,,,1.0,0.7,1.0
203,trivia,overconfidence,baseline,,,,2.0,0.54,1.0
203,trivia,overconfidence,baseline,,,,3.0,0.67,0.0
203,trivia,overconfidence,baseline,,,,4.0,0.76,0.0
203,trivia,overconfidence,baseline,,,,5.0,0.9,1.0
203,trivia,overconfidence,baseline,,,,6.0,0.88,0.0
203,trivia,overconfidence,baseline,,,,7.0,0.77,1.0
203,trivia,overconfidence,baseline,,,,8.0,0.81,1.0
203,trivia,overconfidence,baseline,,,,9.0,0.93,0.0
203,trivia,overconfidence,baseline,,,,10.0,1.0,1.0
203,trivia,overconfidence,baseline,,,,11.0,0.54,1.0
203,trivia,overconfidence,baseline,,,,12.0,0.64,1.0
203,trivia,overconfidence,baseline,,,,13.0,0.59,1.0
203,trivia,overconfidence,baseline,,,,14.0,0.67,0.0
203,trivia,overconfidence,baseline,,,,15.0,0.99,0.0
203,trivia,overconfidence,baseline,,,,16.0,0.75,1.0
203,trivia,overconfidence,baseline,,,,17.0,1.0,0.0
203,trivia,overconfidence,baseline,,,,18.0,0.98,0.0
203,trivia,overconfidence,baseline,,,,19.0,0.99,1.0
204,trivia,overconfidence,baseline,,,,0.0,0.78,0.0
204,trivia,overconfidence,baseline,,,,1.0,0.82,0.0
204,trivia,overconfidence,baseline,,,,2.0,0.61,0.0
204,trivia,overconfidence,baseline,,,,3.0,0.91,0.0
204,trivia,overconfidence,baseline,,,,4.0,0.81,0.0
204,trivia,overconfidence,baseline,,,,5.0,1.0,0.0
204,trivia,overconfidence,baseline,,,,6.0,0.98,0.0
204,trivia,overconfidence,baseline,,,,7.0,0.8,0.0
204,trivia,overconfidence,baseline,,,,8.0,0.91,1.0
204,trivia,overconfidence,baseline,,,,9.0,0.92,1.0
204,trivia,overconfidence,baseline,,,,10.0,0.98,1.0
204,trivia,overconfidence,baseline,,,,11.0,0.84,1.0
204,trivia,overconfidence,baseline,,,,12.0,0.84,0.0
204,trivia,overconfidence,baseline,,,,13.0,0.85,1.0
204,trivia,overconfidence,baseline,,,,14.0,0.73,1.0
204,trivia,overconfidence,baseline,,,,15.0,0.95,0.0
204,trivia,overconfidence,baseline,,,,16.0,0.91,1.0
204,trivia,overconfidence,baseline,,,,17.0,0.99,0.0
204,trivia,overconfidence,baseline,,,,18.0,1.0,1.0
204,trivia,overconfidence,baseline,,,,19.0,1.0,1.0
205,trivia,overconfidence,baseline,,,,0.0,0.67,1.0
205,trivia,overconfidence,baseline,,,,1.0,0.65,1.0
205,trivia,overconfidence,baseline,,,,2.0,0.5,0.0
205,trivia,overconfidence,baseline,,,,3.0,0.52,1.0
205,trivia,overconfidence,baseline,,,,4.0,0.5,0.0
205,trivia,overconfidence,baseline,,,,5.0,0.86,0.0
205,trivia,overconfidence,baseline,,,,6.0,0.89,0.0
205,trivia,overconfidence,baseline,,,,7.0,0.65,1.0
205,trivia,overconfidence,baseline,,,,8.0,0.63,0.0
205,trivia,overconfidence,baseline,,,,9.0,0.84,0.0
205,trivia,overconfidence,baseline,,,,10.0,0.99,0.0
205,trivia,overconfidence,baseline,,,,11.0,0.61,1.0
205,trivia,overconfidence,baseline,,,,12.0,0.57,0.0
205,trivia,overconfidence,baseline,,,,13.0,0.66,0.0
205,trivia,overconfidence,baseline,,,,14.0,0.5,1.0
205,trivia,overconfidence,baseline,,,,15.0,0.69,1.0
205,trivia,overconfidence,baseline,,,,16.0,0.73,1.0
205,trivia,overconfidence,baseline,,,,17.0,0.91,1.0
205,trivia,overconfidence,baseline,,,,18.0,0.94,1.0
205,trivia,overconfidence,baseline,,,,19.0,0.97,0.0
206,trivia,overconfidence,baseline,,,,0.0,0.59,1.0
206,trivia,overconfidence,baseline,,,,1.0,0.66,1.0
206,trivia,overconfidence,baseline,,,,2.0,0.5,0.0
206,trivia,overconfidence,baseline,,,,3.0,0.66,0.0
206,trivia,overconfidence,baseline,,,,4.0,0.81,1.0
206,trivia,overconfidence,baseline,,,,5.0,0.77,0.0
206,trivia,overconfidence,baseline,,,,6.0,0.96,1.0
206,trivia,overconfidence,baseline,,,,7.0,0.73,0.0
206,trivia,overconfidence,baseline,,,,8.0,0.64,0.0
206,trivia,overconfidence,baseline,,,,9.0,0.73,1.0
206,trivia,overconfidence,baseline,,,,10.0,0.94,1.0
206,trivia,overconfidence,baseline,,,,11.0,0.72,1.0
206,trivia,overconfidence,baseline,,,,12.0,0.78,0.0
206,trivia,overconfidence,baseline,,,,13.0,0.86,0.0
206,trivia,overconfidence,baseline,,,,14.0,0.6,0.0
206,trivia,overconfidence,baseline,,,,15.0,0.7,1.0
206,trivia,overconfidence,baseline,,,,16.0,0.73,0.0
206,trivia,overconfidence,baseline,,,,17.0,1.0,0.0
206,trivia,overconfidence,baseline,,,,18.0,0.92,1.0
206,trivia,overconfidence,baseline,,,,19.0,1.0,1.0
207,trivia,overconfidence,baseline,,,,0.0,0.74,0.0
207,trivia,overconfidence,baseline,,,,1.0,0.72,1.0
207,trivia,overconfidence,baseline,,,,2.0,0.53,0.0
207,trivia,overconfidence,baseline,,,,3.0,0.88,0.0
207,trivia,overconfidence,baseline,,,,4.0,0.81,0.0
207,trivia,overconfidence,baseline,,,,5.0,1.0,1.0
207,trivia,overconfidence,baseline,,,,6.0,0.81,0.0
207,trivia,overconfidence,baseline,,,,7.0,0.68,1.0
207,trivia,overconfidence,baseline,,,,8.0,0.88,0.0
207,trivia,overconfidence,baseline,,,,9.0,0.72,0.0
207,trivia,overconfidence,baseline,,,,10.0,1.0,1.0
207,trivia,overconfidence,baseline,,,,11.0,0.62,0.0
207,trivia,overconfidence,baseline,,,,12.0,0.75,1.0
207,trivia,overconfidence,baseline,,,,13.0,0.65,1.0
207,trivia,overconfidence,baseline,,,,14.0,0.56,0.0
207,trivia,overconfidence,baseline,,,,15.0,0.91,0.0
207,trivia,overconfidence,baseline,,,,16.0,0.98,1.0
207,trivia,overconfidence,baseline,,,,17.0,0.99,1.0
207,trivia,overconfidence,baseline,,,,18.0,0.85,1.0
207,trivia,overconfidence,baseline,,,,19.0,1.0,1.0
208,trivia,overconfidence,baseline,,,,0.0,0.58,0.0
208,trivia,overconfidence,baseline,,,,1.0,0.79,0.0
208,trivia,overconfidence,baseline,,,,2.0,0.5,0.0
208,trivia,overconfidence,baseline,,,,3.0,0.7,1.0
208,trivia,overconfidence,baseline,,,,4.0,0.68,0.0
208,trivia,overconfidence,baseline,,,,5.0,1.0,1.0
208,trivia,overconfidence,baseline,,,,6.0,0.89,1.0
208,trivia,overconfidence,baseline,,,,7.0,0.6,0.0
208,trivia,overconfidence,baseline,,,,8.0,0.62,1.0
208,trivia,overconfidence,baseline,,,,9.0,0.87,1.0
208,trivia,overconfidence,baseline,,,,10.0,0.96,1.0
208,trivia,overconfidence,baseline,,,,11.0,0.76,1.0
208,trivia,overconfidence,baseline,,,,12.0,0.67,1.0
208,trivia,overconfidence,baseline,,,,13.0,0.55,0.0
208,trivia,overconfidence,baseline,,,,14.0,0.51,1.0
208,trivia,overconfidence,baseline,,,,15.0,0.82,0.0
208,trivia,overconfidence,baseline,,,,16.0,0.65,1.0
208,trivia,overconfidence,baseline,,,,17.0,0.92,1.0
208,trivia,overconfidence,baseline,,,,18.0,1.0,0.0
208,trivia,overconfidence,baseline,,,,19.0,1.0,1.0
209,trivia,overconfidence,baseline,,,,0.0,0.77,0.0
209,trivia,overconfidence,baseline,,,,1.0,0.95,1.0
209,trivia,overconfidence,baseline,,,,2.0,0.69,0.0
209,trivia,overconfidence,baseline,,,,3.0,0.83,1.0
209,trivia,overconfidence,baseline,,,,4.0,0.94,1.0
209,trivia,overconfidence,baseline,,,,5.0,1.0,1.0
209,trivia,overconfidence,baseline,,,,6.0,1.0,1.0
209,trivia,overconfidence,baseline,,,,7.0,0.93,1.0
209,trivia,overconfidence,baseline,,,,8.0,0.87,1.0
209,trivia,overconfidence,baseline,,,,9.0,0.9,0.0
209,trivia,overconfidence,baseline,,,,10.0,1.0,1.0
209,trivia,overconfidence,baseline,,,,11.0,0.94,0.0
209,trivia,overconfidence,baseline,,,,12.0,0.89,1.0
209,trivia,overconfidence,baseline,,,,13.0,0.77,0.0
209,trivia,overconfidence,baseline,,,,14.0,0.83,0.0
209,trivia,overconfidence,baseline,,,,15.0,1.0,1.0
209,trivia,overconfidence,baseline,,,,16.0,1.0,1.0
209,trivia,overconfidence,baseline,,,,17.0,1.0,0.0
209,trivia,overconfidence,baseline,,,,18.0,1.0,1.0
209,trivia,overconfidence,baseline,,,,19.0,1.0,1.0
210,trivia,overconfidence,baseline,,,,0.0,0.68,1.0
210,trivia,overconfidence,baseline,,,,1.0,0.64,1.0
210,trivia,overconfidence,baseline,,,,2.0,0.52,0.0
210,trivia,overconfidence,baseline,,,,3.0,0.68,0.0
210,trivia,overconfidence,baseline,,,,4.0,0.69,0.0
210,trivia,overconfidence,baseline,,,,5.0,0.83,1.0
210,trivia,overconfidence,baseline,,,,6.0,0.66,1.0
210,trivia,overconfidence,baseline,,,,7.0,0.77,0.0
210,trivia,overconfidence,baseline,,,,8.0,0.7,0.0
210,trivia,overconfidence,baseline,,,,9.0,0.74,0.0
210,trivia,overconfidence,baseline,,,,10.0,0.95,1.0
210,trivia,overconfidence,baseline,,,,11.0,0.7,0.0
210,trivia,overconfidence,baseline,,,,12.0,0.5,0.0
210,trivia,overconfidence,baseline,,,,13.0,0.53,0.0
210,trivia,overconfidence,baseline,,,,14.0,0.5,0.0
210,trivia,overconfidence,baseline,,,,15.0,0.75,1.0
210,trivia,overconfidence,baseline,,,,16.0,0.66,1.0
210,trivia,overconfidence,baseline,,,,17.0,0.93,1.0
210,trivia,overconfidence,baseline,,,,18.0,0.97,1.0
210,trivia,overconfidence,baseline,,,,19.0,1.0,1.0
211,trivia,overconfidence,baseline,,,,0.0,0.58,0.0
211,trivia,overconfidence,baseline,,,,1.0,0.83,1.0
211,trivia,overconfidence,baseline,,,,2.0,0.55,1.0
211,trivia,overconfidence,baseline,,,,3.0,0.93,0.0
211,trivia,overconfidence,baseline,,,,4.0,0.67,1.0
211,trivia,overconfidence,baseline,,,,5.0,0.99,1.0
211,trivia,overconfidence,baseline,,,,6.0,0.78,1.0
211,trivia,overconfidence,baseline,,,,7.0,0.7,1.0
211,trivia,overconfidence,baseline,,,,8.0,0.76,1.0
211,trivia,overconfidence,baseline,,,,9.0,0.65,1.0
211,trivia,overconfidence,baseline,,,,10.0,1.0,1.0
211,trivia,overconfidence,baseline,,,,11.0,0.76,0.0
211,trivia,overconfidence,baseline,,,,12.0,0.75,1.0
211,trivia,overconfidence,baseline,,,,13.0,0.55,0.0
211,trivia,overconfidence,baseline,,,,14.0,0.53,1.0
211,trivia,overconfidence,baseline,,,,15.0,0.94,1.0
211,trivia,overconfidence,baseline,,,,16.0,0.84,1.0
211,trivia,overconfidence,baseline,,,,17.0,0.99,1.0
211,trivia,overconfidence,baseline,,,,18.0,1.0,0.0
211,trivia,overconfidence,baseline,,,,19.0,1.0,1.0
212,trivia,overconfidence,baseline,,,,0.0,0.5,1.0
212,trivia,overconfidence,baseline,,,,1.0,0.75,1.0
212,trivia,overconfidence,baseline,,,,2.0,0.5,0.0
212,trivia,overconfidence,baseline,,,,3.0,0.69,0.0
212,trivia,overconfidence,baseline,,,,4.0,0.68,1.0
212,trivia,overconfidence,baseline,,,,5.0,0.91,1.0
212,trivia,overconfidence,baseline,,,,6.0,0.68,0.0
212,trivia,overconfidence,baseline,,,,7.0,0.5,0.0
212,trivia,overconfidence,baseline,,,,8.0,0.5,1.0
212,trivia,overconfidence,baseline,,,,9.0,0.81,1.0
212,trivia,overconfidence,baseline,,,,10.0,0.83,1.0
212,trivia,overconfidence,baseline,,,,11.0,0.75,0.0
212,trivia,overconfidence,baseline,,,,12.0,0.71,1.0
212,trivia,overconfidence,baseline,,,,13.0,0.5,0.0
212,trivia,overconfidence,baseline,,,,14.0,0.5,1.0
212,trivia,overconfidence,baseline,,,,15.0,0.78,1.0
212,trivia,overconfidence,baseline,,,,16.0,0.72,1.0
212,trivia,overconfidence,baseline,,,,17.0,1.0,1.0
212,trivia,overconfidence,baseline,,,,18.0,0.91,1.0
212,trivia,overconfidence,baseline,,,,19.0,1.0,1.0
213,trivia,overconfidence,baseline,,,,0.0,0.71,0.0
213,trivia,overconfidence,baseline,,,,1.0,0.86,0.0
213,trivia,overconfidence,baseline,,,,2.0,0.56,1.0
213,trivia,overconfidence,baseline,,,,3.0,1.0,0.0
213,trivia,overconfidence,baseline,,,,4.0,0.66,1.0
213,trivia,overconfidence,baseline,,,,5.0,0.96,1.0
213,trivia,overconfidence,baseline,,,,6.0,0.98,1.0
213,trivia,overconfidence,baseline,,,,7.0,0.8,0.0
213,trivia,overconfidence,baseline,,,,8.0,0.96,0.0
213,trivia,overconfidence,baseline,,,,9.0,0.77,0.0
213,trivia,overconfidence,baseline,,,,10.0,0.88,1.0
213,trivia,overconfidence,baseline,,,,11.0,0.83,1.0
213,trivia,overconfidence,baseline,,,,12.0,0.78,0.0
213,trivia,overconfidence,baseline,,,,13.0,0.78,0.0
213,trivia,overconfidence,baseline,,,,14.0,0.68,0.0
213,trivia,overconfidence,baseline,,,,15.0,0.72,0.0
213,trivia,overconfidence,baseline,,,,16.0,0.94,1.0
213,trivia,overconfidence,baseline,,,,17.0,1.0,1.0
213,trivia,overconfidence,baseline,,,,18.0,1.0,1.0
213,trivia,overconfidence,baseline,,,,19.0,1.0,1.0
214,trivia,overconfidence,baseline,,,,0.0,0.57,1.0
214,trivia,overconfidence,baseline,,,,1.0,0.67,1.0
214,trivia,overconfidence,baseline,,,,2.0,0.57,1.0
214,trivia,overconfidence,baseline,,,,3.0,0.83,0.0
214,trivia,overconfidence,baseline,,,,4.0,0.59,1.0
214,trivia,overconfidence,baseline,,,,5.0,0.94,1.0
214,trivia,overconfidence,baseline,,,,6.0,0.94,0.0
214,trivia,overconfidence,baseline,,,,7.0,0.71,1.0
214,trivia,overconfidence,baseline,,,,8.0,0.76,0.0
214,trivia,overconfidence,baseline,,,,9.0,0.63,1.0
214,trivia,overconfidence,baseline,,,,10.0,1.0,1.0
214,trivia,overconfidence,baseline,,,,11.0,0.59,1.0
214,trivia,overconfidence,baseline,,,,12.0,0.66,1.0
214,trivia,overconfidence,baseline,,,,13.0,0.71,0.0
214,trivia,overconfidence,baseline,,,,14.0,0.72,0.0
214,trivia,overconfidence,baseline,,,,15.0,0.82,0.0
214,trivia,overconfidence,baseline,,,,16.0,1.0,1.0
214,trivia,overconfidence,baseline,,,,17.0,1.0,1.0
214,trivia,overconfidence,baseline,,,,18.0,0.96,0.0
214,trivia,overconfidence,baseline,,,,19.0,1.0,1.0
215,trivia,overconfidence,baseline,,,,0.0,0.62,1.0
215,trivia,overconfidence,baseline,,,,1.0,0.75,1.0
215,trivia,overconfidence,baseline,,,,2.0,0.54,0.0
215,trivia,overconfidence,baseline,,,,3.0,0.8,1.0
215,trivia,overconfidence,baseline,,,,4.0,0.68,0.0
215,trivia,overconfidence,baseline,,,,5.0,1.0,1.0
215,trivia,overconfidence,baseline,,,,6.0,0.86,1.0
215,trivia,overconfidence,baseline,,,,7.0,0.69,0.0
215,trivia,overconfidence,baseline,,,,8.0,0.64,1.0
215,trivia,overconfidence,baseline,,,,9.0,0.81,0.0
215,trivia,overconfidence,baseline,,,,10.0,1.0,1.0
215,trivia,overconfidence,baseline,,,,11.0,0.64,1.0
215,trivia,overconfidence,baseline,,,,12.0,0.57,0.0
215,trivia,overconfidence,baseline,,,,13.0,0.51,0.0
215,trivia,overconfidence,baseline,,,,14.0,0.6,1.0
215,trivia,overconfidence,baseline,,,,15.0,0.97,1.0
215,trivia,overconfidence,baseline,,,,16.0,0.8,0.0
215,trivia,overconfidence,baseline,,,,17.0,0.97,0.0
215,trivia,overconfidence,baseline,,,,18.0,1.0,0.0
215,trivia,overconfidence,baseline,,,,19.0,1.0,1.0
216,trivia,overconfidence,baseline,,,,0.0,0.54,0.0
216,trivia,overconfidence,baseline,,,,1.0,0.58,1.0
216,trivia,overconfidence,baseline,,,,2.0,0.5,0.0
216,trivia,overconfidence,baseline,,,,3.0,0.73,0.0
216,trivia,overconfidence,baseline,,,,4.0,0.5,1.0
216,trivia,overconfidence,baseline,,,,5.0,0.81,1.0
216,trivia,overconfidence,baseline,,,,6.0,0.78,1.0
216,trivia,overconfidence,baseline,,,,7.0,0.6,0.0
216,trivia,overconfidence,baseline,,,,8.0,0.54,1.0
216,trivia,overconfidence,baseline,,,,9.0,0.66,0.0
216,trivia,overconfidence,baseline,,,,10.0,0.94,1.0
216,trivia,overconfidence,baseline,,,,11.0,0.53,0.0
216,trivia,overconfidence,baseline,,,,12.0,0.64,1.0
216,trivia,overconfidence,baseline,,,,13.0,0.63,0.0
216,trivia,overconfidence,baseline,,,,14.0,0.58,1.0
216,trivia,overconfidence,baseline,,,,15.0,0.72,1.0
216,trivia,overconfidence,baseline,,,,16.0,0.8,1.0
216,trivia,overconfidence,baseline,,,,17.0,0.95,1.0
216,trivia,overconfidence,baseline,,,,18.0,1.0,1.0
216,trivia,overconfidence,baseline,,,,19.0,1.0,1.0
217,trivia,overconfidence,baseline,,,,0.0,0.87,0.0
217,trivia,overconfidence,baseline,,,,1.0,0.99,1.0
217,trivia,overconfidence,baseline,,,,2.0,0.56,0.0
217,trivia,overconfidence,baseline,,,,3.0,0.93,1.0
217,trivia,overconfidence,baseline,,,,4.0,1.0,0.0
217,trivia,overconfidence,baseline,,,,5.0,1.0,1.0
217,trivia,overconfidence,baseline,,,,6.0,0.99,1.0
217,trivia,overconfidence,baseline,,,,7.0,0.64,1.0
217,trivia,overconfidence,baseline,,,,8.0,1.0,0.0
217,trivia,overconfidence,baseline,,,,9.0,0.91,0.0
217,trivia,overconfidence,baseline,,,,10.0,1.0,0.0
217,trivia,overconfidence,baseline,,,,11.0,0.71,0.0
217,trivia,overconfidence,baseline,,,,12.0,0.97,0.0
217,trivia,overconfidence,baseline,,,,13.0,0.77,0.0
217,trivia,overconfidence,baseline,,,,14.0,0.63,0.0
217,trivia,overconfidence,baseline,,,,15.0,1.0,1.0
217,trivia,overconfidence,baseline,,,,16.0,0.8,0.0
217,trivia,overconfidence,baseline,,,,17.0,1.0,1.0
217,trivia,overconfidence,baseline,,,,18.0,1.0,1.0
217,trivia,overconfidence,baseline,,,,19.0,1.0,0.0
218,trivia,overconfidence,baseline,,,,0.0,0.58,1.0
218,trivia,overconfidence,baseline,,,,1.0,0.79,1.0
218,trivia,overconfidence,baseline,,,,2.0,0.56,0.0
218,trivia,overconfidence,baseline,,,,3.0,0.72,1.0
218,trivia,overconfidence,baseline,,,,4.0,0.66,0.0
218,trivia,overconfidence,baseline,,,,5.0,1.0,1.0
218,trivia,overconfidence,baseline,,,,6.0,0.75,0.0
218,trivia,overconfidence,baseline,,,,7.0,0.66,0.0
218,trivia,overconfidence,baseline,,,,8.0,0.53,0.0
218,trivia,overconfidence,baseline,,,,9.0,0.69,0.0
218,trivia,overconfidence,baseline,,,,10.0,1.0,1.0
218,trivia,overconfidence,baseline,,,,11.0,0.61,0.0
218,trivia,overconfidence,baseline,,,,12.0,0.86,1.0
218,trivia,overconfidence,baseline,,,,13.0,0.72,0.0
218,trivia,overconfidence,baseline,,,,14.0,0.54,0.0
218,trivia,overconfidence,baseline,,,,15.0,0.88,1.0
218,trivia,overconfidence,baseline,,,,16.0,0.77,1.0
218,trivia,overconfidence,baseline,,,,17.0,1.0,1.0
218,trivia,overconfidence,baseline,,,,18.0,0.9,1.0
218,trivia,overconfidence,baseline,,,,19.0,1.0,1.0
219,trivia,overconfidence,baseline,,,,0.0,0.56,1.0
219,trivia,overconfidence,baseline,,,,1.0,0.51,1.0
219,trivia,overconfidence,baseline,,,,2.0,0.5,0.0
219,trivia,overconfidence,baseline,,,,3.0,0.62,1.0
219,trivia,overconfidence,baseline,,,,4.0,0.59,1.0
219,trivia,overconfidence,baseline,,,,5.0,0.67,1.0
219,trivia,overconfidence,baseline,,,,6.0,0.75,1.0
219,trivia,overconfidence,baseline,,,,7.0,0.5,1.0
219,trivia,overconfidence,baseline,,,,8.0,0.5,1.0
219,trivia,overconfidence,baseline,,,,9.0,0.58,0.0
219,trivia,overconfidence,baseline,,,,10.0,0.84,1.0
219,trivia,overconfidence,baseline,,,,11.0,0.5,1.0
219,trivia,overconfidence,baseline,,,,12.0,0.57,0.0
219,trivia,overconfidence,baseline,,,,13.0,0.63,1.0
219,trivia,overconfidence,baseline,,,,14.0,0.5,1.0
219,trivia,overconfidence,baseline,,,,15.0,0.73,1.0
219,trivia,overconfidence,baseline,,,,16.0,0.54,1.0
219,trivia,overconfidence,baseline,,,,17.0,0.93,0.0
219,trivia,overconfidence,baseline,,,,18.0,0.79,1.0
219,trivia,overconfidence,baseline,,,,19.0,0.87,1.0
220,trivia,overconfidence,baseline,,,,0.0,0.72,1.0
220,trivia,overconfidence,baseline,,,,1.0,0.69,0.0
220,trivia,overconfidence,baseline,,,,2.0,0.54,0.0
220,trivia,overconfidence,baseline,,,,3.0,0.9,1.0
220,trivia,overconfidence,baseline,,,,4.0,0.56,1.0
220,trivia,overconfidence,baseline,,,,5.0,0.82,1.0
220,trivia,overconfidence,baseline,,,,6.0,0.88,1.0
220,trivia,overconfidence,baseline,,,,7.0,0.65,1.0
220,trivia,overconfidence,baseline,,,,8.0,0.5,1.0
220,trivia,overconfidence,baseline,,,,9.0,0.69,1.0
220,trivia,overconfidence,baseline,,,,10.0,0.96,1.0
220,trivia,overconfidence,baseline,,,,11.0,0.63,1.0
220,trivia,overconfidence,baseline,,,,12.0,0.59,1.0
220,trivia,overconfidence,baseline,,,,13.0,0.71,1.0
220,trivia,overconfidence,baseline,,,,14.0,0.5,0.0
220,trivia,overconfidence,baseline,,,,15.0,0.83,1.0
220,trivia,overconfidence,baseline,,,,16.0,0.74,1.0
220,trivia,overconfidence,baseline,,,,17.0,0.9,1.0
220,trivia,overconfidence,baseline,,,,18.0,1.0,1.0
220,trivia,overconfidence,baseline,,,,19.0,1.0,1.0
221,trivia,overconfidence,baseline,,,,0.0,0.65,0.0
221,trivia,overconfidence,baseline,,,,1.0,0.76,0.0
221,trivia,overconfidence,baseline,,,,2.0,0.5,1.0
221,trivia,overconfidence,baseline,,,,3.0,0.83,1.0
221,trivia,overconfidence,baseline,,,,4.0,0.57,0.0
221,trivia,overconfidence,baseline,,,,5.0,0.91,1.0
221,trivia,overconfidence,baseline,,,,6.0,0.65,1.0
221,trivia,overconfidence,baseline,,,,7.0,0.82,0.0
221,trivia,overconfidence,baseline,,,,8.0,0.72,1.0
221,trivia,overconfidence,baseline,,,,9.0,0.58,0.0
221,trivia,overconfidence,baseline,,,,10.0,1.0,1.0
221,trivia,overconfidence,baseline,,,,11.0,0.76,1.0
221,trivia,overconfidence,baseline,,,,12.0,0.62,0.0
221,trivia,overconfidence,baseline,,,,13.0,0.56,1.0
221,trivia,overconfidence,baseline,,,,14.0,0.59,0.0
221,trivia,overconfidence,baseline,,,,15.0,0.85,1.0
221,trivia,overconfidence,baseline,,,,16.0,0.79,1.0
221,trivia,overconfidence,baseline,,,,17.0,0.89,1.0
221,trivia,overconfidence,baseline,,,,18.0,0.87,1.0
221,trivia,overconfidence,baseline,,,,19.0,1.0,1.0
222,trivia,overconfidence,baseline,,,,0.0,0.68,1.0
222,trivia,overconfidence,baseline,,,,1.0,1.0,1.0
222,trivia,overconfidence,baseline,,,,2.0,0.73,0.0
222,trivia,overconfidence,baseline,,,,3.0,0.99,0.0
222,trivia,overconfidence,baseline,,,,4.0,0.95,1.0
222,trivia,overconfidence,baseline,,,,5.0,1.0,1.0
222,trivia,overconfidence,baseline,,,,6.0,1.0,1.0
222,trivia,overconfidence,baseline,,,,7.0,0.76,1.0
222,trivia,overconfidence,baseline,,,,8.0,0.97,1.0
222,trivia,overconfidence,baseline,,,,9.0,1.0,1.0
222,trivia,overconfidence,baseline,,,,10.0,1.0,1.0
222,trivia,overconfidence,baseline,,,,11.0,0.93,0.0
222,trivia,overconfidence,baseline,,,,12.0,0.95,0.0
222,trivia,overconfidence,baseline,,,,13.0,0.93,0.0
222,trivia,overconfidence,baseline,,,,14.0,0.68,1.0
222,trivia,overconfidence,baseline,,,,15.0,0.89,1.0
222,trivia,overconfidence,baseline,,,,16.0,1.0,1.0
222,trivia,overconfidence,baseline,,,,17.0,1.0,1.0
222,trivia,overconfidence,baseline,,,,18.0,1.0,1.0
222,trivia,overconfidence,baseline,,,,19.0,1.0,1.0
223,trivia,overconfidence,baseline,,,,0.0,0.92,0.0
223,trivia,overconfidence,baseline,,,,1.0,0.82,1.0
223,trivia,overconfidence,baseline,,,,2.0,0.51,0.0
223,trivia,overconfidence,baseline,,,,3.0,1.0,1.0
223,trivia,overconfidence,baseline,,,,4.0,0.75,0.0
223,trivia,overconfidence,baseline,,,,5.0,1.0,1.0
223,trivia,overconfidence,baseline,,,,6.0,0.98,1.0
223,trivia,overconfidence,baseline,,,,7.0,0.95,0.0
223,trivia,overconfidence,baseline,,,,8.0,0.93,0.0
223,trivia,overconfidence,baseline,,,,9.0,0.85,1.0
223,trivia,overconfidence,baseline,,,,10.0,1.0,1.0
223,trivia,overconfidence,baseline,,,,11.0,0.82,1.0
223,trivia,overconfidence,baseline,,,,12.0,0.8,1.0
223,trivia,overconfidence,baseline,,,,13.0,0.74,0.0
223,trivia,overconfidence,baseline,,,,14.0,0.76,1.0
223,trivia,overconfidence,baseline,,,,15.0,0.93,1.0
223,trivia,overconfidence,baseline,,,,16.0,0.89,1.0
223,trivia,overconfidence,baseline,,,,17.0,1.0,1.0
223,trivia,overconfidence,baseline,,,,18.0,1.0,1.0
223,trivia,overconfidence,baseline,,,,19.0,1.0,1.0
224,trivia,overconfidence,baseline,,,,0.0,0.75,1.0
224,trivia,overconfidence,baseline,,,,1.0,0.72,1.0
224,trivia,overconfidence,baseline,,,,2.0,0.55,1.0
224,trivia,overconfidence,baseline,,,,3.0,0.87,1.0
224,trivia,overconfidence,baseline,,,,4.0,0.86,0.0
224,trivia,overconfidence,baseline,,,,5.0,0.94,1.0
224,trivia,overconfidence,baseline,,,,6.0,0.7,1.0
224,trivia,overconfidence,baseline,,,,7.0,0.54,1.0
224,trivia,overconfidence,baseline,,,,8.0,0.82,1.0
224,trivia,overconfidence,baseline,,,,9.0,0.69,1.0
224,trivia,overconfidence,baseline,,,,10.0,1.0,1.0
224,trivia,overconfidence,baseline,,,,11.0,0.78,0.0
224,trivia,overconfidence,baseline,,,,12.0,0.65,0.0
224,trivia,overconfidence,baseline,,,,13.0,0.53,0.0
224,trivia,overconfidence,baseline,,,,14.0,0.56,1.0
224,trivia,overconfidence,baseline,,,,15.0,0.91,0.0
224,trivia,overconfidence,baseline,,,,16.0,0.79,1.0
224,trivia,overconfidence,baseline,,,,17.0,1.0,1.0
224,trivia,overconfidence,baseline,,,,18.0,0.86,0.0
224,trivia,overconfidence,baseline,,,,19.0,1.0,1.0
225,trivia,overconfidence,baseline,,,,0.0,0.63,1.0
225,trivia,overconfidence,baseline,,,,1.0,0.84,1.0
225,trivia,overconfidence,baseline,,,,2.0,0.5,0.0
225,trivia,overconfidence,baseline,,,,3.0,0.71,0.0
225,trivia,overconfidence,baseline,,,,4.0,0.67,1.0
225,trivia,overconfidence,baseline,,,,5.0,0.96,1.0
225,trivia,overconfidence,baseline,,,,6.0,0.93,1.0
225,trivia,overconfidence,baseline,,,,7.0,0.79,1.0
225,trivia,overconfidence,baseline,,,,8.0,0.9,1.0
225,trivia,overconfidence,baseline,,,,9.0,0.79,0.0
225,trivia,overconfidence,baseline,,,,10.0,0.96,1.0
225,trivia,overconfidence,baseline,,,,11.0,0.66,1.0
225,trivia,overconfidence,baseline,,,,12.0,0.61,0.0
225,trivia,overconfidence,baseline,,,,13.0,0.64,1.0
225,trivia,overconfidence,baseline,,,,14.0,0.51,1.0
225,trivia,overconfidence,baseline,,,,15.0,0.94,1.0
225,trivia,overconfidence,baseline,,,,16.0,0.84,1.0
225,trivia,overconfidence,baseline,,,,17.0,1.0,1.0
225,trivia,overconfidence,baseline,,,,18.0,1.0,1.0
225,trivia,overconfidence,baseline,,,,19.0,1.0,1.0
226,trivia,overconfidence,baseline,,,,0.0,0.6,0.0
226,trivia,overconfidence,baseline,,,,1.0,0.83,1.0
226,trivia,overconfidence,baseline,,,,2.0,0.71,0.0
226,trivia,overconfidence,baseline,,,,3.0,0.77,1.0
226,trivia,overconfidence,baseline,,,,4.0,0.85,1.0
226,trivia,overconfidence,baseline,,,,5.0,0.83,1.0
226,trivia,overconfidence,baseline,,,,6.0,0.82,1.0
226,trivia,overconfidence,baseline,,,,7.0,0.73,0.0
226,trivia,overconfidence,baseline,,,,8.0,0.73,1.0
226,trivia,overconfidence,baseline,,,,9.0,0.74,1.0
226,trivia,overconfidence,baseline,,,,10.0,1.0,1.0
226,trivia,overconfidence,baseline,,,,11.0,0.76,0.0
226,trivia,overconfidence,baseline,,,,12.0,0.82,0.0
226,trivia,overconfidence,baseline,,,,13.0,0.72,0.0
226,trivia,overconfidence,baseline,,,,14.0,0.67,0.0
226,trivia,overconfidence,baseline,,,,15.0,0.88,0.0
226,trivia,overconfidence,baseline,,,,16.0,0.78,1.0
226,trivia,overconfidence,baseline,,,,17.0,1.0,1.0
226,trivia,overconfidence,baseline,,,,18.0,1.0,1.0
226,trivia,overconfidence,baseline,,,,19.0,1.0,0.0
227,trivia,overconfidence,baseline,,,,0.0,0.73,0.0
227,trivia,overconfidence,baseline,,,,1.0,0.86,1.0
227,trivia,overconfidence,baseline,,,,2.0,0.51,0.0
227,trivia,overconfidence,baseline,,,,3.0,0.82,1.0
227,trivia,overconfidence,baseline,,,,4.0,0.52,0.0
227,trivia,overconfidence,baseline,,,,5.0,0.87,1.0
227,trivia,overconfidence,baseline,,,,6.0,0.83,1.0
227,trivia,overconfidence,baseline,,,,7.0,0.71,0.0
227,trivia,overconfidence,baseline,,,,8.0,0.85,0.0
227,trivia,overconfidence,baseline,,,,9.0,0.77,1.0
227,trivia,overconfidence,baseline,,,,10.0,0.86,1.0
227,trivia,overconfidence,baseline,,,,11.0,0.7,0.0
227,trivia,overconfidence,baseline,,,,12.0,0.64,0.0
227,trivia,overconfidence,baseline,,,,13.0,0.65,1.0
227,trivia,overconfidence,baseline,,,,14.0,0.61,0.0
227,trivia,overconfidence,baseline,,,,15.0,0.68,1.0
227,trivia,overconfidence,baseline,,,,16.0,0.8,1.0
227,trivia,overconfidence,baseline,,,,17.0,0.96,1.0
227,trivia,overconfidence,baseline,,,,18.0,0.96,1.0
227,trivia,overconfidence,baseline,,,,19.0,1.0,1.0
228,trivia,overconfidence,baseline,,,,0.0,0.5,1.0
228,trivia,overconfidence,baseline,,,,1.0,0.8,0.0
228,trivia,overconfidence,baseline,,,,2.0,0.5,0.0
228,trivia,overconfidence,baseline,,,,3.0,0.61,1.0
228,trivia,overconfidence,baseline,,,,4.0,0.6,1.0
228,trivia,overconfidence,baseline,,,,5.0,0.99,0.0
228,trivia,overconfidence,baseline,,,,6.0,0.89,1.0
228,trivia,overconfidence,baseline,,,,7.0,0.56,1.0
228,trivia,overconfidence,baseline,,,,8.0,0.56,1.0
228,trivia,overconfidence,baseline,,,,9.0,0.6,1.0
228,trivia,overconfidence,baseline,,,,10.0,1.0,1.0
228,trivia,overconfidence,baseline,,,,11.0,0.56,0.0
228,trivia,overconfidence,baseline,,,,12.0,0.5,1.0
228,trivia,overconfidence,baseline,,,,13.0,0.51,1.0
228,trivia,overconfidence,baseline,,,,14.0,0.52,0.0
228,trivia,overconfidence,baseline,,,,15.0,0.75,1.0
228,trivia,overconfidence,baseline,,,,16.0,0.86,1.0
228,trivia,overconfidence,baseline,,,,17.0,0.94,1.0
228,trivia,overconfidence,baseline,,,,18.0,0.91,0.0
228,trivia,overconfidence,baseline,,,,19.0,1.0,1.0
229,trivia,overconfidence,baseline,,,,0.0,0.8,0.0
229,trivia,overconfidence,baseline,,,,1.0,0.77,1.0
229,trivia,overconfidence,baseline,,,,2.0,0.5,0.0
229,trivia,overconfidence,baseline,,,,3.0,0.86,0.0
229,trivia,overconfidence,baseline,,,,4.0,0.8,1.0
229,trivia,overconfidence,baseline,,,,5.0,1.0,1.0
229,trivia,overconfidence,baseline,,,,6.0,1.0,1.0
229,trivia,overconfidence,baseline,,,,7.0,0.8,0.0
229,trivia,overconfidence,baseline,,,,8.0,0.94,0.0
229,trivia,overconfidence,baseline,,,,9.0,0.81,1.0
229,trivia,overconfidence,baseline,,,,10.0,1.0,1.0
229,trivia,overconfidence,baseline,,,,11.0,0.66,0.0
229,trivia,overconfidence,baseline,,,,12.0,0.7,0.0
229,trivia,overconfidence,baseline,,,,13.0,0.7,1.0
229,trivia,overconfidence,baseline,,,,14.0,0.57,1.0
229,trivia,overconfidence,baseline,,,,15.0,0.97,0.0
229,trivia,overconfidence,baseline,,,,16.0,0.94,0.0
229,trivia,overconfidence,baseline,,,,17.0,1.0,1.0
229,trivia,overconfidence,baseline,,,,18.0,1.0,1.0
229,trivia,overconfidence,baseline,,,,19.0,1.0,1.0
230,trivia,overconfidence,baseline,,,,0.0,0.67,0.0
230,trivia,overconfidence,baseline,,,,1.0,0.92,0.0
230,trivia,overconfidence,baseline,,,,2.0,0.5,0.0
230,trivia,overconfidence,baseline,,,,3.0,0.75,1.0
230,trivia,overconfidence,baseline,,,,4.0,0.72,0.0
230,trivia,overconfidence,baseline,,,,5.0,0.78,1.0
230,trivia,overconfidence,baseline,,,,6.0,0.84,0.0
230,trivia,overconfidence,baseline,,,,7.0,0.67,1.0
230,trivia,overconfidence,baseline,,,,8.0,0.78,0.0
230,trivia,overconfidence,baseline,,,,9.0,0.86,1.0
230,trivia,overconfidence,baseline,,,,10.0,0.99,1.0
230,trivia,overconfidence,baseline,,,,11.0,0.5,1.0
230,trivia,overconfidence,baseline,,,,12.0,0.7,1.0
230,trivia,overconfidence,baseline,,,,13.0,0.54,1.0
230,trivia,overconfidence,baseline,,,,14.0,0.59,1.0
230,trivia,overconfidence,baseline,,,,15.0,0.86,1.0
230,trivia,overconfidence,baseline,,,,16.0,0.76,0.0
230,trivia,overconfidence,baseline,,,,17.0,1.0,0.0
230,trivia,overconfidence,baseline,,,,18.0,0.83,1.0
230,trivia,overconfidence,baseline,,,,19.0,1.0,1.0
231,trivia,overconfidence,baseline,,,,0.0,0.67,0.0
231,trivia,overconfidence,baseline,,,,1.0,0.72,1.0
231,trivia,overconfidence,baseline,,,,2.0,0.64,1.0
231,trivia,overconfidence,baseline,,,,3.0,0.67,0.0
231,trivia,overconfidence,baseline,,,,4.0,0.73,0.0
231,trivia,overconfidence,baseline,,,,5.0,0.91,1.0
231,trivia,overconfidence,baseline,,,,6.0,0.86,1.0
231,trivia,overconfidence,baseline,,,,7.0,0.75,1.0
231,trivia,overconfidence,baseline,,,,8.0,0.71,1.0
231,trivia,overconfidence,baseline,,,,9.0,0.62,0.0
231,trivia,overconfidence,baseline,,,,10.0,0.89,1.0
231,trivia,overconfidence,baseline,,,,11.0,0.65,0.0
231,trivia,overconfidence,baseline,,,,12.0,0.5,0.0
231,trivia,overconfidence,baseline,,,,13.0,0.56,0.0
231,trivia,overconfidence,baseline,,,,14.0,0.5,0.0
231,trivia,overconfidence,baseline,,,,15.0,0.84,0.0
231,trivia,overconfidence,baseline,,,,16.0,0.67,1.0
231,trivia,overconfidence,baseline,,,,17.0,0.99,1.0
231,trivia,overconfidence,baseline,,,,18.0,0.88,0.0
231,trivia,overconfidence,baseline,,,,19.0,1.0,1.0
232,trivia,overconfidence,baseline,,,,0.0,0.69,1.0
232,trivia,overconfidence,baseline,,,,1.0,0.91,1.0
232,trivia,overconfidence,baseline,,,,2.0,0.7,1.0
232,trivia,overconfidence,baseline,,,,3.0,1.0,1.0
232,trivia,overconfidence,baseline,,,,4.0,0.86,1.0
232,trivia,overconfidence,baseline,,,,5.0,1.0,0.0
232,trivia,overconfidence,baseline,,,,6.0,0.9,1.0
232,trivia,overconfidence,baseline,,,,7.0,0.92,1.0
232,trivia,overconfidence,baseline,,,,8.0,0.74,1.0
232,trivia,overconfidence,baseline,,,,9.0,1.0,0.0
232,trivia,overconfidence,baseline,,,,10.0,1.0,1.0
232,trivia,overconfidence,baseline,,,,11.0,0.69,0.0
232,trivia,overconfidence,baseline,,,,12.0,0.78,1.0
232,trivia,overconfidence,baseline,,,,13.0,0.83,1.0
232,trivia,overconfidence,baseline,,,,14.0,0.68,0.0
232,trivia,overconfidence,baseline,,,,15.0,0.95,1.0
232,trivia,overconfidence,baseline,,,,16.0,1.0,1.0
232,trivia,overconfidence,baseline,,,,17.0,1.0,1.0
232,trivia,overconfidence,baseline,,,,18.0,1.0,1.0
232,trivia,overconfidence,baseline,,,,19.0,1.0,1.0
233,trivia,overconfidence,baseline,,,,0.0,0.66,1.0
233,trivia,overconfidence,baseline,,,,1.0,0.5,0.0
233,trivia,overconfidence,baseline,,,,2.0,0.5,0.0
233,trivia,overconfidence,baseline,,,,3.0,0.68,1.0
233,trivia,overconfidence,baseline,,,,4.0,0.58,0.0
233,trivia,overconfidence,baseline,,,,5.0,0.85,1.0
233,trivia,overconfidence,baseline,,,,6.0,0.64,1.0
233,trivia,overconfidence,baseline,,,,7.0,0.63,0.0
233,trivia,overconfidence,baseline,,,,8.0,0.55,0.0
233,trivia,overconfidence,baseline,,,,9.0,0.56,1.0
233,trivia,overconfidence,baseline,,,,10.0,0.93,1.0
233,trivia,overconfidence,baseline,,,,11.0,0.5,0.0
233,trivia,overconfidence,baseline,,,,12.0,0.5,1.0
233,trivia,overconfidence,baseline,,,,13.0,0.57,0.0
233,trivia,overconfidence,baseline,,,,14.0,0.5,1.0
233,trivia,overconfidence,baseline,,,,15.0,0.8,1.0
233,trivia,overconfidence,baseline,,,,16.0,0.71,1.0
233,trivia,overconfidence,baseline,,,,17.0,0.9,1.0
233,trivia,overconfidence,baseline,,,,18.0,0.94,1.0
233,trivia,overconfidence,baseline,,,,19.0,1.0,1.0
234,trivia,overconfidence,baseline,,,,0.0,0.71,0.0
234,trivia,overconfidence,baseline,,,,1.0,0.78,1.0
234,trivia,overconfidence,baseline,,,,2.0,0.5,0.0
234,trivia,overconfidence,baseline,,,,3.0,0.8,0.0
234,trivia,overconfidence,baseline,,,,4.0,0.65,0.0
234,trivia,overconfidence,baseline,,,,5.0,0.95,1.0
234,trivia,overconfidence,baseline,,,,6.0,0.84,1.0
234,trivia,overconfidence,baseline,,,,7.0,0.69,0.0
234,trivia,overconfidence,baseline,,,,8.0,0.87,0.0
234,trivia,overconfidence,baseline,,,,9.0,0.81,1.0
234,trivia,overconfidence,baseline,,,,10.0,0.98,1.0
234,trivia,overconfidence,baseline,,,,11.0,0.55,0.0
234,trivia,overconfidence,baseline,,,,12.0,0.7,0.0
234,trivia,overconfidence,baseline,,,,13.0,0.52,1.0
234,trivia,overconfidence,baseline,,,,14.0,0.72,1.0
234,trivia,overconfidence,baseline,,,,15.0,0.84,0.0
234,trivia,overconfidence,baseline,,,,16.0,0.9,1.0
234,trivia,overconfidence,baseline,,,,17.0,0.89,1.0
234,trivia,overconfidence,baseline,,,,18.0,1.0,1.0
234,trivia,overconfidence,baseline,,,,19.0,1.0,1.0
235,trivia,overconfidence,baseline,,,,0.0,0.76,0.0
235,trivia,overconfidence,baseline,,,,1.0,0.86,0.0
235,trivia,overconfidence,baseline,,,,2.0,0.59,0.0
235,trivia,overconfidence,baseline,,,,3.0,0.79,0.0
235,trivia,overconfidence,baseline,,,,4.0,0.71,0.0
235,trivia,overconfidence,baseline,,,,5.0,0.91,1.0
235,trivia,overconfidence,baseline,,,,6.0,0.85,1.0
235,trivia,overconfidence,baseline,,,,7.0,0.9,0.0
235,trivia,overconfidence,baseline,,,,8.0,0.8,1.0
235,trivia,overconfidence,baseline,,,,9.0,0.92,1.0
235,trivia,overconfidence,baseline,,,,10.0,1.0,1.0
235,trivia,overconfidence,baseline,,,,11.0,0.79,1.0
235,trivia,overconfidence,baseline,,,,12.0,0.67,1.0
235,trivia,overconfidence,baseline,,,,13.0,0.67,0.0
235,trivia,overconfidence,baseline,,,,14.0,0.6,0.0
235,trivia,overconfidence,baseline,,,,15.0,1.0,1.0
235,trivia,overconfidence,baseline,,,,16.0,0.82,1.0
235,trivia,overconfidence,baseline,,,,17.0,1.0,1.0
235,trivia,overconfidence,baseline,,,,18.0,1.0,1.0
235,trivia,overconfidence,baseline,,,,19.0,1.0,1.0
236,trivia,overconfidence,baseline,,,,0.0,0.52,0.0
236,trivia,overconfidence,baseline,,,,1.0,0.79,1.0
236,trivia,overconfidence,baseline,,,,2.0,0.56,1.0
236,trivia,overconfidence,baseline,,,,3.0,0.73,1.0
236,trivia,overconfidence,baseline,,,,4.0,0.68,0.0
236,trivia,overconfidence,baseline,,,,5.0,0.73,1.0
236,trivia,overconfidence,baseline,,,,6.0,0.71,1.0
236,trivia,overconfidence,baseline,,,,7.0,0.62,0.0
236,trivia,overconfidence,baseline,,,,8.0,0.61,0.0
236,trivia,overconfidence,baseline,,,,9.0,0.79,1.0
236,trivia,overconfidence,baseline,,,,10.0,0.86,1.0
236,trivia,overconfidence,baseline,,,,11.0,0.51,1.0
236,trivia,overconfidence,baseline,,,,12.0,0.69,1.0
236,trivia,overconfidence,baseline,,,,13.0,0.61,0.0
236,trivia,overconfidence,baseline,,,,14.0,0.54,0.0
236,trivia,overconfidence,baseline,,,,15.0,0.86,1.0
236,trivia,overconfidence,baseline,,,,16.0,0.73,1.0
236,trivia,overconfidence,baseline,,,,17.0,0.91,0.0
236,trivia,overconfidence,baseline,,,,18.0,0.93,1.0
236,trivia,overconfidence,baseline,,,,19.0,1.0,1.0
237,trivia,overconfidence,baseline,,,,0.0,0.63,1.0
237,trivia,overconfidence,baseline,,,,1.0,0.86,0.0
237,trivia,overconfidence,baseline,,,,2.0,0.5,0.0
237,trivia,overconfidence,baseline,,,,3.0,0.77,0.0
237,trivia,overconfidence,baseline,,,,4.0,0.67,1.0
237,trivia,overconfidence,baseline,,,,5.0,1.0,0.0
237,trivia,overconfidence,baseline,,,,6.0,0.91,1.0
237,trivia,overconfidence,baseline,,,,7.0,0.65,1.0
237,trivia,overconfidence,baseline,,,,8.0,0.73,1.0
237,trivia,overconfidence,baseline,,,,9.0,0.83,0.0
237,trivia,overconfidence,baseline,,,,10.0,1.0,1.0
237,trivia,overconfidence,baseline,,,,11.0,0.64,1.0
237,trivia,overconfidence,baseline,,,,12.0,0.84,1.0
237,trivia,overconfidence,baseline,,,,13.0,0.67,0.0
237,trivia,overconfidence,baseline,,,,14.0,0.66,0.0
237,trivia,overconfidence,baseline,,,,15.0,0.84,1.0
237,trivia,overconfidence,baseline,,,,16.0,0.96,1.0
237,trivia,overconfidence,baseline,,,,17.0,1.0,0.0
237,trivia,overconfidence,baseline,,,,18.0,0.95,1.0
237,trivia,overconfidence,baseline,,,,19.0,1.0,0.0
238,trivia,overconfidence,baseline,,,,0.0,0.77,1.0
238,trivia,overconfidence,baseline,,,,1.0,0.8,0.0
238,trivia,overconfidence,baseline,,,,2.0,0.5,0.0
238,trivia,overconfidence,baseline,,,,3.0,0.86,0.0
238,trivia,overconfidence,baseline,,,,4.0,0.77,1.0
238,trivia,overconfidence,baseline,,,,5.0,0.8,1.0
238,trivia,overconfidence,baseline,,,,6.0,0.69,1.0
238,trivia,overconfidence,baseline,,,,7.0,0.71,0.0
238,trivia,overconfidence,baseline,,,,8.0,0.92,0.0
238,trivia,overconfidence,baseline,,,,9.0,0.87,0.0
238,trivia,overconfidence,baseline,,,,10.0,1.0,1.0
238,trivia,overconfidence,baseline,,,,11.0,0.62,0.0
238,trivia,overconfidence,baseline,,,,12.0,0.79,1.0
238,trivia,overconfidence,baseline,,,,13.0,0.66,0.0
238,trivia,overconfidence,baseline,,,,14.0,0.51,0.0
238,trivia,overconfidence,baseline,,,,15.0,0.78,0.0
238,trivia,overconfidence,baseline,,,,16.0,0.78,0.0
238,trivia,overconfidence,baseline,,,,17.0,0.9,1.0
238,trivia,overconfidence,baseline,,,,18.0,0.88,1.0
238,trivia,overconfidence,baseline,,,,19.0,1.0,1.0
239,trivia,overconfidence,baseline,,,,0.0,0.55,1.0
239,trivia,overconfidence,baseline,,,,1.0,0.71,1.0
239,trivia,overconfidence,baseline,,,,2.0,0.51,0.0
239,trivia,overconfidence,baseline,,,,3.0,0.74,0.0
239,trivia,overconfidence,baseline,,,,4.0,0.65,1.0
239,trivia,overconfidence,baseline,,,,5.0,0.96,1.0
239,trivia,overconfidence,baseline,,,,6.0,0.83,1.0
239,trivia,overconfidence,baseline,,,,7.0,0.67,0.0
239,trivia,overconfidence,baseline,,,,8.0,0.9,0.0
239,trivia,overconfidence,baseline,,,,9.0,0.79,0.0
239,trivia,overconfidence,baseline,,,,10.0,1.0,0.0
239,trivia,overconfidence,baseline,,,,11.0,0.66,1.0
239,trivia,overconfidence,baseline,,,,12.0,0.68,0.0
239,trivia,overconfidence,baseline,,,,13.0,0.56,1.0
239,trivia,overconfidence,baseline,,,,14.0,0.52,0.0
239,trivia,overconfidence,baseline,,,,15.0,0.96,0.0
239,trivia,overconfidence,baseline,,,,16.0,0.87,0.0
239,trivia,overconfidence,baseline,,,,17.0,1.0,1.0
239,trivia,overconfidence,baseline,,,,18.0,1.0,1.0
239,trivia,overconfidence,baseline,,,,19.0,1.0,1.0
240,trivia,overconfidence,baseline,,,,0.0,0.93,0.0
240,trivia,overconfidence,baseline,,,,1.0,0.9,0.0
240,trivia,overconfidence,baseline,,,,2.0,0.61,1.0
240,trivia,overconfidence,baseline,,,,3.0,0.82,1.0
240,trivia,overconfidence,baseline,,,,4.0,0.77,0.0
240,trivia,overconfidence,baseline,,,,5.0,1.0,1.0
240,trivia,overconfidence,baseline,,,,6.0,0.99,0.0
240,trivia,overconfidence,baseline,,,,7.0,0.63,1.0
240,trivia,overconfidence,baseline,,,,8.0,0.8,0.0
240,trivia,overconfidence,baseline,,,,9.0,0.88,0.0
240,trivia,overconfidence,baseline,,,,10.0,1.0,1.0
240,trivia,overconfidence,baseline,,,,11.0,0.77,1.0
240,trivia,overconfidence,baseline,,,,12.0,0.83,0.0
240,trivia,overconfidence,baseline,,,,13.0,0.68,0.0
240,trivia,overconfidence,baseline,,,,14.0,0.71,0.0
240,trivia,overconfidence,baseline,,,,15.0,0.97,1.0
240,trivia,overconfidence,baseline,,,,16.0,1.0,1.0
240,trivia,overconfidence,baseline,,,,17.0,1.0,1.0
240,trivia,overconfidence,baseline,,,,18.0,1.0,1.0
240,trivia,overconfidence,baseline,,,,19.0,1.0,1.0
241,trivia,overconfidence,baseline,,,,0.0,0.7,1.0
241,trivia,overconfidence,baseline,,,,1.0,0.81,1.0
241,trivia,overconfidence,baseline,,,,2.0,0.76,0.0
241,trivia,overconfidence,baseline,,,,3.0,0.91,1.0
241,trivia,overconfidence,baseline,,,,4.0,0.88,0.0
241,trivia,overconfidence,baseline,,,,5.0,1.0,1.0
241,trivia,overconfidence,baseline,,,,6.0,1.0,0.0
241,trivia,overconfidence,baseline,,,,7.0,0.93,0.0
241,trivia,overconfidence,baseline,,,,8.0,0.77,1.0
241,trivia,overconfidence,baseline,,,,9.0,0.94,1.0
241,trivia,overconfidence,baseline,,,,10.0,1.0,1.0
241,trivia,overconfidence,baseline,,,,11.0,0.92,1.0
241,trivia,overconfidence,baseline,,,,12.0,0.94,1.0
241,trivia,overconfidence,baseline,,,,13.0,0.66,0.0
241,trivia,overconfidence,baseline,,,,14.0,0.73,0.0
241,trivia,overconfidence,baseline,,,,15.0,0.97,1.0
241,trivia,overconfidence,baseline,,,,16.0,0.9,1.0
241,trivia,overconfidence,baseline,,,,17.0,1.0,1.0
241,trivia,overconfidence,baseline,,,,18.0,1.0,1.0
241,trivia,overconfidence,baseline,,,,19.0,1.0,1.0
242,trivia,overconfidence,baseline,,,,0.0,0.71,1.0
242,trivia,overconfidence,baseline,,,,1.0,0.89,1.0
242,trivia,overconfidence,baseline,,,,2.0,0.56,0.0
242,trivia,overconfidence,baseline,,,,3.0,0.86,0.0
242,trivia,overconfidence,baseline,,,,4.0,0.81,1.0
242,trivia,overconfidence,baseline,,,,5.0,1.0,1.0
242,trivia,overconfidence,baseline,,,,6.0,0.98,1.0
242,trivia,overconfidence,baseline,,,,7.0,0.78,0.0
242,trivia,overconfidence,baseline,,,,8.0,0.77,1.0
242,trivia,overconfidence,baseline,,,,9.0,0.97,1.0
242,trivia,overconfidence,baseline,,,,10.0,1.0,1.0
242,trivia,overconfidence,baseline,,,,11.0,0.82,0.0
242,trivia,overconfidence,baseline,,,,12.0,0.78,1.0
242,trivia,overconfidence,baseline,,,,13.0,0.95,1.0
242,trivia,overconfidence,baseline,,,,14.0,0.71,0.0
242,trivia,overconfidence,baseline,,,,15.0,1.0,0.0
242,trivia,overconfidence,baseline,,,,16.0,0.93,0.0
242,trivia,overconfidence,baseline,,,,17.0,1.0,0.0
242,trivia,overconfidence,baseline,,,,18.0,1.0,1.0
242,trivia,overconfidence,baseline,,,,19.0,1.0,1.0
243,trivia,overconfidence,baseline,,,,0.0,0.77,0.0
243,trivia,overconfidence,baseline,,,,1.0,0.8,0.0
243,trivia,overconfidence,baseline,,,,2.0,0.67,1.0
243,trivia,overconfidence,baseline,,,,3.0,1.0,1.0
243,trivia,overconfidence,baseline,,,,4.0,0.86,1.0
243,trivia,overconfidence,baseline,,,,5.0,1.0,1.0
243,trivia,overconfidence,baseline,,,,6.0,0.91,1.0
243,trivia,overconfidence,baseline,,,,7.0,0.93,0.0
243,trivia,overconfidence,baseline,,,,8.0,0.81,0.0
243,trivia,overconfidence,baseline,,,,9.0,0.88,1.0
243,trivia,overconfidence,baseline,,,,10.0,1.0,0.0
243,trivia,overconfidence,baseline,,,,11.0,0.82,1.0
243,trivia,overconfidence,baseline,,,,12.0,0.88,0.0
243,trivia,overconfidence,baseline,,,,13.0,0.94,1.0
243,trivia,overconfidence,baseline,,,,14.0,0.75,0.0
243,trivia,overconfidence,baseline,,,,15.0,0.89,0.0
243,trivia,overconfidence,baseline,,,,16.0,0.97,0.0
243,trivia,overconfidence,baseline,,,,17.0,1.0,1.0
243,trivia,overconfidence,baseline,,,,18.0,1.0,1.0
243,trivia,overconfidence,baseline,,,,19.0,1.0,1.0
244,trivia,overconfidence,baseline,,,,0.0,0.54,1.0
244,trivia,overconfidence,baseline,,,,1.0,0.63,1.0
244,trivia,overconfidence,baseline,,,,2.0,0.5,0.0
244,trivia,overconfidence,baseline,,,,3.0,0.66,0.0
244,trivia,overconfidence,baseline,,,,4.0,0.61,0.0
244,trivia,overconfidence,baseline,,,,5.0,0.94,1.0
244,trivia,overconfidence,baseline,,,,6.0,0.7,0.0
244,trivia,overconfidence,baseline,,,,7.0,0.66,0.0
244,trivia,overconfidence,baseline,,,,8.0,0.68,1.0
244,trivia,overconfidence,baseline,,,,9.0,0.64,1.0
244,trivia,overconfidence,baseline,,,,10.0,0.85,1.0
244,trivia,overconfidence,baseline,,,,11.0,0.57,0.0
244,trivia,overconfidence,baseline,,,,12.0,0.63,0.0
244,trivia,overconfidence,baseline,,,,13.0,0.5,1.0
244,trivia,overconfidence,baseline,,,,14.0,0.5,1.0
244,trivia,overconfidence,baseline,,,,15.0,0.56,1.0
244,trivia,overconfidence,baseline,,,,16.0,0.74,0.0
244,trivia,overconfidence,baseline,,,,17.0,0.9,1.0
244,trivia,overconfidence,baseline,,,,18.0,0.76,1.0
244,trivia,overconfidence,baseline,,,,19.0,0.96,1.0
245,trivia,overconfidence,baseline,,,,0.0,0.76,0.0
245,trivia,overconfidence,baseline,,,,1.0,0.69,1.0
245,trivia,overconfidence,baseline,,,,2.0,0.63,0.0
245,trivia,overconfidence,baseline,,,,3.0,0.82,1.0
245,trivia,overconfidence,baseline,,,,4.0,0.8,1.0
245,trivia,overconfidence,baseline,,,,5.0,1.0,1.0
245,trivia,overconfidence,baseline,,,,6.0,0.84,0.0
245,trivia,overconfidence,baseline,,,,7.0,0.78,1.0
245,trivia,overconfidence,baseline,,,,8.0,0.85,1.0
245,trivia,overconfidence,baseline,,,,9.0,0.79,1.0
245,trivia,overconfidence,baseline,,,,10.0,1.0,1.0
245,trivia,overconfidence,baseline,,,,11.0,0.91,1.0
245,trivia,overconfidence,baseline,,,,12.0,0.7,1.0
245,trivia,overconfidence,baseline,,,,13.0,0.67,1.0
245,trivia,overconfidence,baseline,,,,14.0,0.77,0.0
245,trivia,overconfidence,baseline,,,,15.0,0.8,1.0
245,trivia,overconfidence,baseline,,,,16.0,0.9,0.0
245,trivia,overconfidence,baseline,,,,17.0,1.0,1.0
245,trivia,overconfidence,baseline,,,,18.0,1.0,1.0
245,trivia,overconfidence,baseline,,,,19.0,1.0,1.0
246,trivia,overconfidence,baseline,,,,0.0,0.52,0.0
246,trivia,overconfidence,baseline,,,,1.0,0.54,1.0
246,trivia,overconfidence,baseline,,,,2.0,0.5,1.0
246,trivia,overconfidence,baseline,,,,3.0,0.74,1.0
246,trivia,overconfidence,baseline,,,,4.0,0.62,0.0
246,trivia,overconfidence,baseline,,,,5.0,0.84,0.0
246,trivia,overconfidence,baseline,,,,6.0,0.78,1.0
246,trivia,overconfidence,baseline,,,,7.0,0.74,1.0
246,trivia,overconfidence,baseline,,,,8.0,0.7,1.0
246,trivia,overconfidence,baseline,,,,9.0,0.72,0.0
246,trivia,overconfidence,baseline,,,,10.0,1.0,1.0
246,trivia,overconfidence,baseline,,,,11.0,0.52,1.0
246,trivia,overconfidence,baseline,,,,12.0,0.66,1.0
246,trivia,overconfidence,baseline,,,,13.0,0.54,0.0
246,trivia,overconfidence,baseline,,,,14.0,0.64,1.0
246,trivia,overconfidence,baseline,,,,15.0,0.88,1.0
246,trivia,overconfidence,baseline,,,,16.0,0.73,1.0
246,trivia,overconfidence,baseline,,,,17.0,0.92,1.0
246,trivia,overconfidence,baseline,,,,18.0,0.83,1.0
246,trivia,overconfidence,baseline,,,,19.0,1.0,1.0
247,trivia,overconfidence,baseline,,,,0.0,0.81,1.0
247,trivia,overconfidence,baseline,,,,1.0,0.82,1.0
247,trivia,overconfidence,baseline,,,,2.0,0.58,1.0
247,trivia,overconfidence,baseline,,,,3.0,0.83,1.0
247,trivia,overconfidence,baseline,,,,4.0,0.93,0.0
247,trivia,overconfidence,baseline,,,,5.0,1.0,1.0
247,trivia,overconfidence,baseline,,,,6.0,0.93,1.0
247,trivia,overconfidence,baseline,,,,7.0,0.86,0.0
247,trivia,overconfidence,baseline,,,,8.0,0.65,1.0
247,trivia,overconfidence,baseline,,,,9.0,0.84,0.0
247,trivia,overconfidence,baseline,,,,10.0,1.0,1.0
247,trivia,overconfidence,baseline,,,,11.0,0.9,1.0
247,trivia,overconfidence,baseline,,,,12.0,0.74,1.0
247,trivia,overconfidence,baseline,,,,13.0,0.77,0.0
247,trivia,overconfidence,baseline,,,,14.0,0.63,0.0
247,trivia,overconfidence,baseline,,,,15.0,1.0,1.0
247,trivia,overconfidence,baseline,,,,16.0,0.94,1.0
247,trivia,overconfidence,baseline,,,,17.0,1.0,1.0
247,trivia,overconfidence,baseline,,,,18.0,0.89,0.0
247,trivia,overconfidence,baseline,,,,19.0,1.0,1.0
248,trivia,overconfidence,baseline,,,,0.0,0.64,1.0
248,trivia,overconfidence,baseline,,,,1.0,0.55,0.0
248,trivia,overconfidence,baseline,,,,2.0,0.5,1.0
248,trivia,overconfidence,baseline,,,,3.0,0.82,1.0
248,trivia,overconfidence,baseline,,,,4.0,0.71,1.0
248,trivia,overconfidence,baseline,,,,5.0,0.88,1.0
248,trivia,overconfidence,baseline,,,,6.0,0.75,0.0
248,trivia,overconfidence,baseline,,,,7.0,0.52,1.0
248,trivia,overconfidence,baseline,,,,8.0,0.65,1.0
248,trivia,overconfidence,baseline,,,,9.0,0.74,1.0
248,trivia,overconfidence,baseline,,,,10.0,0.87,1.0
248,trivia,overconfidence,baseline,,,,11.0,0.66,1.0
248,trivia,overconfidence,baseline,,,,12.0,0.63,0.0
248,trivia,overconfidence,baseline,,,,13.0,0.5,0.0
248,trivia,overconfidence,baseline,,,,14.0,0.5,0.0
248,trivia,overconfidence,baseline,,,,15.0,0.66,0.0
248,trivia,overconfidence,baseline,,,,16.0,0.74,1.0
248,trivia,overconfidence,baseline,,,,17.0,1.0,0.0
248,trivia,overconfidence,baseline,,,,18.0,0.82,1.0
248,trivia,overconfidence,baseline,,,,19.0,1.0,1.0
249,trivia,overconfidence,baseline,,,,0.0,0.5,1.0
249,trivia,overconfidence,baseline,,,,1.0,0.56,0.0
249,trivia,overconfidence,baseline,,,,2.0,0.5,1.0
249,trivia,overconfidence,baseline,,,,3.0,0.62,0.0
249,trivia,overconfidence,baseline,,,,4.0,0.56,0.0
249,trivia,overconfidence,baseline,,,,5.0,0.71,1.0
249,trivia,overconfidence,baseline,,,,6.0,0.65,1.0
249,trivia,overconfidence,baseline,,,,7.0,0.59,0.0
249,trivia,overconfidence,baseline,,,,8.0,0.56,1.0
249,trivia,overconfidence,baseline,,,,9.0,0.5,0.0
249,trivia,overconfidence,baseline,,,,10.0,0.82,1.0
249,trivia,overconfidence,baseline,,,,11.0,0.5,0.0
249,trivia,overconfidence,baseline,,,,12.0,0.5,1.0
249,trivia,overconfidence,baseline,,,,13.0,0.52,1.0
249,trivia,overconfidence,baseline,,,,14.0,0.5,0.0
249,trivia,overconfidence,baseline,,,,15.0,0.69,1.0
249,trivia,overconfidence,baseline,,,,16.0,0.78,1.0
249,trivia,overconfidence,baseline,,,,17.0,0.91,1.0
249,trivia,overconfidence,baseline,,,,18.0,0.73,1.0
249,trivia,overconfidence,baseline,,,,19.0,0.96,1.0
250,trivia,overconfidence,baseline,,,,0.0,0.51,1.0
250,trivia,overconfidence,baseline,,,,1.0,0.84,1.0
250,trivia,overconfidence,baseline,,,,2.0,0.5,1.0
250,trivia,overconfidence,baseline,,,,3.0,0.82,1.0
250,trivia,overconfidence,baseline,,,,4.0,0.76,1.0
250,trivia,overconfidence,baseline,,,,5.0,1.0,0.0
250,trivia,overconfidence,baseline,,,,6.0,0.94,1.0
250,trivia,overconfidence,baseline,,,,7.0,0.73,1.0
250,trivia,overconfidence,baseline,,,,8.0,0.84,0.0
250,trivia,overconfidence,baseline,,,,9.0,0.92,1.0
250,trivia,overconfidence,baseline,,,,10.0,0.89,1.0
250,trivia,overconfidence,baseline,,,,11.0,0.68,1.0
250,trivia,overconfidence,baseline,,,,12.0,0.88,1.0
250,trivia,overconfidence,baseline,,,,13.0,0.86,1.0
250,trivia,overconfidence,baseline,,,,14.0,0.57,0.0
250,trivia,overconfidence,baseline,,,,15.0,0.97,1.0
250,trivia,overconfidence,baseline,,,,16.0,0.82,1.0
250,trivia,overconfidence,baseline,,,,17.0,0.96,0.0
250,trivia,overconfidence,baseline,,,,18.0,1.0,1.0
250,trivia,overconfidence,baseline,,,,19.0,1.0,1.0
251,trivia,overconfidence,baseline,,,,0.0,0.55,1.0
251,trivia,overconfidence,baseline,,,,1.0,0.72,0.0
251,trivia,overconfidence,baseline,,,,2.0,0.5,0.0
251,trivia,overconfidence,baseline,,,,3.0,0.63,1.0
251,trivia,overconfidence,baseline,,,,4.0,0.59,1.0
251,trivia,overconfidence,baseline,,,,5.0,0.81,1.0
251,trivia,overconfidence,baseline,,,,6.0,0.77,1.0
251,trivia,overconfidence,baseline,,,,7.0,0.59,1.0
251,trivia,overconfidence,baseline,,,,8.0,0.65,1.0
251,trivia,overconfidence,baseline,,,,9.0,0.64,0.0
251,trivia,overconfidence,baseline,,,,10.0,0.84,1.0
251,trivia,overconfidence,baseline,,,,11.0,0.74,1.0
251,trivia,overconfidence,baseline,,,,12.0,0.55,1.0
251,trivia,overconfidence,baseline,,,,13.0,0.5,0.0
251,trivia,overconfidence,baseline,,,,14.0,0.54,1.0
251,trivia,overconfidence,baseline,,,,15.0,0.67,1.0
251,trivia,overconfidence,baseline,,,,16.0,0.79,1.0
251,trivia,overconfidence,baseline,,,,17.0,0.85,0.0
251,trivia,overconfidence,baseline,,,,18.0,1.0,1.0
251,trivia,overconfidence,baseline,,,,19.0,1.0,1.0
252,trivia,overconfidence,baseline,,,,0.0,0.59,1.0
252,trivia,overconfidence,baseline,,,,1.0,0.72,0.0
252,trivia,overconfidence,baseline,,,,2.0,0.5,0.0
252,trivia,overconfidence,baseline,,,,3.0,0.65,1.0
252,trivia,overconfidence,baseline,,,,4.0,0.72,0.0
252,trivia,overconfidence,baseline,,,,5.0,0.87,0.0
252,trivia,overconfidence,baseline,,,,6.0,0.82,1.0
252,trivia,overconfidence,baseline,,,,7.0,0.68,0.0
252,trivia,overconfidence,baseline,,,,8.0,0.67,0.0
252,trivia,overconfidence,baseline,,,,9.0,0.64,1.0
252,trivia,overconfidence,baseline,,,,10.0,1.0,1.0
252,trivia,overconfidence,baseline,,,,11.0,0.68,0.0
252,trivia,overconfidence,baseline,,,,12.0,0.7,0.0
252,trivia,overconfidence,baseline,,,,13.0,0.64,0.0
252,trivia,overconfidence,baseline,,,,14.0,0.55,0.0
252,trivia,overconfidence,baseline,,,,15.0,0.66,1.0
252,trivia,overconfidence,baseline,,,,16.0,0.95,1.0
252,trivia,overconfidence,baseline,,,,17.0,1.0,1.0
252,trivia,overconfidence,baseline,,,,18.0,0.87,1.0
252,trivia,overconfidence,baseline,,,,19.0,1.0,1.0
253,trivia,overconfidence,baseline,,,,0.0,0.53,1.0
253,trivia,overconfidence,baseline,,,,1.0,0.74,1.0
253,trivia,overconfidence,baseline,,,,2.0,0.5,0.0
253,trivia,overconfidence,baseline,,,,3.0,0.64,0.0
253,trivia,overconfidence,baseline,,,,4.0,0.6,1.0
253,trivia,overconfidence,baseline,,,,5.0,0.91,1.0
253,trivia,overconfidence,baseline,,,,6.0,0.87,1.0
253,trivia,overconfidence,baseline,,,,7.0,0.58,0.0
253,trivia,overconfidence,baseline,,,,8.0,0.67,1.0
253,trivia,overconfidence,baseline,,,,9.0,0.75,0.0
253,trivia,overconfidence,baseline,,,,10.0,0.94,1.0
253,trivia,overconfidence,baseline,,,,11.0,0.79,0.0
253,trivia,overconfidence,baseline,,,,12.0,0.69,1.0
253,trivia,overconfidence,baseline,,,,13.0,0.58,1.0
253,trivia,overconfidence,baseline,,,,14.0,0.62,0.0
253,trivia,overconfidence,baseline,,,,15.0,0.85,0.0
253,trivia,overconfidence,baseline,,,,16.0,0.82,1.0
253,trivia,overconfidence,baseline,,,,17.0,0.99,1.0
253,trivia,overconfidence,baseline,,,,18.0,0.98,1.0
253,trivia,overconfidence,baseline,,,,19.0,1.0,1.0
254,trivia,overconfidence,baseline,,,,0.0,0.54,0.0
254,trivia,overconfidence,baseline,,,,1.0,0.85,1.0
254,trivia,overconfidence,baseline,,,,2.0,0.53,0.0
254,trivia,overconfidence,baseline,,,,3.0,0.75,1.0
254,trivia,overconfidence,baseline,,,,4.0,0.68,1.0
254,trivia,overconfidence,baseline,,,,5.0,0.86,1.0
254,trivia,overconfidence,baseline,,,,6.0,0.9,0.0
254,trivia,overconfidence,baseline,,,,7.0,0.72,0.0
254,trivia,overconfidence,baseline,,,,8.0,0.84,0.0
254,trivia,overconfidence,baseline,,,,9.0,0.83,0.0
254,trivia,overconfidence,baseline,,,,10.0,1.0,1.0
254,trivia,overconfidence,baseline,,,,11.0,0.78,0.0
254,trivia,overconfidence,baseline,,,,12.0,0.73,1.0
254,trivia,overconfidence,baseline,,,,13.0,0.78,1.0
254,trivia,overconfidence,baseline,,,,14.0,0.55,1.0
254,trivia,overconfidence,baseline,,,,15.0,0.95,0.0
254,trivia,overconfidence,baseline,,,,16.0,0.71,0.0
254,trivia,overconfidence,baseline,,,,17.0,0.87,1.0
254,trivia,overconfidence,baseline,,,,18.0,0.89,1.0
254,trivia,overconfidence,baseline,,,,19.0,1.0,1.0
255,trivia,overconfidence,baseline,,,,0.0,0.57,1.0
255,trivia,overconfidence,baseline,,,,1.0,0.78,1.0
255,trivia,overconfidence,baseline,,,,2.0,0.53,1.0
255,trivia,overconfidence,baseline,,,,3.0,0.99,0.0
255,trivia,overconfidence,baseline,,,,4.0,0.67,1.0
255,trivia,overconfidence,baseline,,,,5.0,0.99,0.0
255,trivia,overconfidence,baseline,,,,6.0,0.97,1.0
255,trivia,overconfidence,baseline,,,,7.0,0.61,0.0
255,trivia,overconfidence,baseline,,,,8.0,0.91,0.0
255,trivia,overconfidence,baseline,,,,9.0,0.88,0.0
255,trivia,overconfidence,baseline,,,,10.0,1.0,1.0
255,trivia,overconfidence,baseline,,,,11.0,0.76,1.0
255,trivia,overconfidence,baseline,,,,12.0,0.69,1.0
255,trivia,overconfidence,baseline,,,,13.0,0.57,1.0
255,trivia,overconfidence,baseline,,,,14.0,0.5,0.0
255,trivia,overconfidence,baseline,,,,15.0,0.97,0.0
255,trivia,overconfidence,baseline,,,,16.0,0.85,1.0
255,trivia,overconfidence,baseline,,,,17.0,0.89,0.0
255,trivia,overconfidence,baseline,,,,18.0,0.99,1.0
255,trivia,overconfidence,baseline,,,,19.0,1.0,1.0
256,trivia,overconfidence,baseline,,,,0.0,0.81,0.0
256,trivia,overconfidence,baseline,,,,1.0,0.75,0.0
256,trivia,overconfidence,baseline,,,,2.0,0.53,1.0
256,trivia,overconfidence,baseline,,,,3.0,0.8,1.0
256,trivia,overconfidence,baseline,,,,4.0,0.84,0.0
256,trivia,overconfidence,baseline,,,,5.0,0.9,1.0
256,trivia,overconfidence,baseline,,,,6.0,0.93,1.0
256,trivia,overconfidence,baseline,,,,7.0,0.69,0.0
256,trivia,overconfidence,baseline,,,,8.0,0.87,1.0
256,trivia,overconfidence,baseline,,,,9.0,0.93,1.0
256,trivia,overconfidence,baseline,,,,10.0,1.0,1.0
256,trivia,overconfidence,baseline,,,,11.0,0.74,1.0
256,trivia,overconfidence,baseline,,,,12.0,0.71,0.0
256,trivia,overconfidence,baseline,,,,13.0,0.52,1.0
256,trivia,overconfidence,baseline,,,,14.0,0.61,1.0
256,trivia,overconfidence,baseline,,,,15.0,0.88,0.0
256,trivia,overconfidence,baseline,,,,16.0,0.84,0.0
256,trivia,overconfidence,baseline,,,,17.0,1.0,0.0
256,trivia,overconfidence,baseline,,,,18.0,1.0,1.0
256,trivia,overconfidence,baseline,,,,19.0,1.0,1.0
257,trivia,overconfidence,baseline,,,,0.0,0.65,1.0
257,trivia,overconfidence,baseline,,,,1.0,0.86,0.0
257,trivia,overconfidence,baseline,,,,2.0,0.5,0.0
257,trivia,overconfidence,baseline,,,,3.0,0.72,0.0
257,trivia,overconfidence,baseline,,,,4.0,0.8,1.0
257,trivia,overconfidence,baseline,,,,5.0,0.82,1.0
257,trivia,overconfidence,baseline,,,,6.0,0.74,0.0
257,trivia,overconfidence,baseline,,,,7.0,0.54,0.0
257,trivia,overconfidence,baseline,,,,8.0,0.68,1.0
257,trivia,overconfidence,baseline,,,,9.0,0.77,1.0
257,trivia,overconfidence,baseline,,,,10.0,0.99,1.0
257,trivia,overconfidence,baseline,,,,11.0,0.7,0.0
257,trivia,overconfidence,baseline,,,,12.0,0.55,1.0
257,trivia,overconfidence,baseline,,,,13.0,0.57,1.0
257,trivia,overconfidence,baseline,,,,14.0,0.64,0.0
257,trivia,overconfidence,baseline,,,,15.0,0.89,1.0
257,trivia,overconfidence,baseline,,,,16.0,0.79,1.0
257,trivia,overconfidence,baseline,,,,17.0,1.0,0.0
257,trivia,overconfidence,baseline,,,,18.0,0.96,1.0
257,trivia,overconfidence,baseline,,,,19.0,1.0,1.0
258,trivia,overconfidence,baseline,,,,0.0,0.74,0.0
258,trivia,overconfidence,baseline,,,,1.0,0.93,0.0
258,trivia,overconfidence,baseline,,,,2.0,0.69,1.0
258,trivia,overconfidence,baseline,,,,3.0,0.69,1.0
258,trivia,overconfidence,baseline,,,,4.0,0.76,0.0
258,trivia,overconfidence,baseline,,,,5.0,0.88,0.0
258,trivia,overconfidence,baseline,,,,6.0,0.95,1.0
258,trivia,overconfidence,baseline,,,,7.0,0.73,1.0
258,trivia,overconfidence,baseline,,,,8.0,0.87,1.0
258,trivia,overconfidence,baseline,,,,9.0,0.82,0.0
258,trivia,overconfidence,baseline,,,,10.0,1.0,1.0
258,trivia,overconfidence,baseline,,,,11.0,0.87,0.0
258,trivia,overconfidence,baseline,,,,12.0,0.86,1.0
258,trivia,overconfidence,baseline,,,,13.0,0.51,1.0
258,trivia,overconfidence,baseline,,,,14.0,0.65,1.0
258,trivia,overconfidence,baseline,,,,15.0,0.87,1.0
258,trivia,overconfidence,baseline,,,,16.0,0.87,1.0
258,trivia,overconfidence,baseline,,,,17.0,1.0,1.0
258,trivia,overconfidence,baseline,,,,18.0,0.99,1.0
258,trivia,overconfidence,baseline,,,,19.0,1.0,1.0
259,trivia,overconfidence,baseline,,,,0.0,0.67,1.0
259,trivia,overconfidence,baseline,,,,1.0,0.59,0.0
259,trivia,overconfidence,baseline,,,,2.0,0.5,0.0
259,trivia,overconfidence,baseline,,,,3.0,0.86,1.0
259,trivia,overconfidence,baseline,,,,4.0,0.56,1.0
259,trivia,overconfidence,baseline,,,,5.0,0.97,1.0
259,trivia,overconfidence,baseline,,,,6.0,0.8,1.0
259,trivia,overconfidence,baseline,,,,7.0,0.67,1.0
259,trivia,overconfidence,baseline,,,,8.0,0.79,1.0
259,trivia,overconfidence,baseline,,,,9.0,0.68,0.0
259,trivia,overconfidence,baseline,,,,10.0,1.0,1.0
259,trivia,overconfidence,baseline,,,,11.0,0.55,1.0
259,trivia,overconfidence,baseline,,,,12.0,0.73,0.0
259,trivia,overconfidence,baseline,,,,13.0,0.57,1.0
259,trivia,overconfidence,baseline,,,,14.0,0.5,0.0
259,trivia,overconfidence,baseline,,,,15.0,0.85,1.0
259,trivia,overconfidence,baseline,,,,16.0,0.7,0.0
259,trivia,overconfidence,baseline,,,,17.0,0.96,1.0
259,trivia,overconfidence,baseline,,,,18.0,0.89,1.0
259,trivia,overconfidence,baseline,,,,19.0,1.0,1.0
260,trivia,overconfidence,baseline,,,,0.0,0.54,0.0
260,trivia,overconfidence,baseline,,,,1.0,0.54,1.0
260,trivia,overconfidence,baseline,,,,2.0,0.5,1.0
260,trivia,overconfidence,baseline,,,,3.0,0.71,0.0
260,trivia,overconfidence,baseline,,,,4.0,0.51,1.0
260,trivia,overconfidence,baseline,,,,5.0,0.97,0.0
260,trivia,overconfidence,baseline,,,,6.0,0.78,1.0
260,trivia,overconfidence,baseline,,,,7.0,0.58,1.0
260,trivia,overconfidence,baseline,,,,8.0,0.62,1.0
260,trivia,overconfidence,baseline,,,,9.0,0.53,0.0
260,trivia,overconfidence,baseline,,,,10.0,0.98,1.0
260,trivia,overconfidence,baseline,,,,11.0,0.5,0.0
260,trivia,overconfidence,baseline,,,,12.0,0.58,1.0
260,trivia,overconfidence,baseline,,,,13.0,0.58,0.0
260,trivia,overconfidence,baseline,,,,14.0,0.5,1.0
260,trivia,overconfidence,baseline,,,,15.0,0.77,1.0
260,trivia,overconfidence,baseline,,,,16.0,0.7,1.0
260,trivia,overconfidence,baseline,,,,17.0,0.92,1.0
260,trivia,overconfidence,baseline,,,,18.0,0.9,1.0
260,trivia,overconfidence,baseline,,,,19.0,1.0,1.0
261,trivia,overconfidence,baseline,,,,0.0,0.96,1.0
261,trivia,overconfidence,baseline,,,,1.0,0.79,1.0
261,trivia,overconfidence,baseline,,,,2.0,0.62,1.0
261,trivia,overconfidence,baseline,,,,3.0,1.0,0.0
261,trivia,overconfidence,baseline,,,,4.0,1.0,0.0
261,trivia,overconfidence,baseline,,,,5.0,1.0,1.0
261,trivia,overconfidence,baseline,,,,6.0,1.0,0.0
261,trivia,overconfidence,baseline,,,,7.0,1.0,1.0
261,trivia,overconfidence,baseline,,,,8.0,1.0,1.0
261,trivia,overconfidence,baseline,,,,9.0,1.0,1.0
261,trivia,overconfidence,baseline,,,,10.0,1.0,1.0
261,trivia,overconfidence,baseline,,,,11.0,0.86,0.0
261,trivia,overconfidence,baseline,,,,12.0,1.0,1.0
261,trivia,overconfidence,baseline,,,,13.0,0.57,0.0
261,trivia,overconfidence,baseline,,,,14.0,0.73,1.0
261,trivia,overconfidence,baseline,,,,15.0,0.96,0.0
261,trivia,overconfidence,baseline,,,,16.0,0.91,1.0
261,trivia,overconfidence,baseline,,,,17.0,1.0,1.0
261,trivia,overconfidence,baseline,,,,18.0,1.0,1.0
261,trivia,overconfidence,baseline,,,,19.0,1.0,1.0
262,trivia,overconfidence,baseline,,,,0.0,0.61,0.0
262,trivia,overconfidence,baseline,,,,1.0,0.71,1.0
262,trivia,overconfidence,baseline,,,,2.0,0.5,1.0
262,trivia,overconfidence,baseline,,,,3.0,0.72,0.0
262,trivia,overconfidence,baseline,,,,4.0,0.61,0.0
262,trivia,overconfidence,baseline,,,,5.0,0.87,1.0
262,trivia,overconfidence,baseline,,,,6.0,0.88,0.0
262,trivia,overconfidence,baseline,,,,7.0,0.68,0.0
262,trivia,overconfidence,baseline,,,,8.0,0.78,1.0
262,trivia,overconfidence,baseline,,,,9.0,0.63,1.0
262,trivia,overconfidence,baseline,,,,10.0,0.87,1.0
262,trivia,overconfidence,baseline,,,,11.0,0.62,1.0
262,trivia,overconfidence,baseline,,,,12.0,0.56,1.0
262,trivia,overconfidence,baseline,,,,13.0,0.59,0.0
262,trivia,overconfidence,baseline,,,,14.0,0.5,0.0
262,trivia,overconfidence,baseline,,,,15.0,0.68,0.0
262,trivia,overconfidence,baseline,,,,16.0,0.78,0.0
262,trivia,overconfidence,baseline,,,,17.0,0.83,1.0
262,trivia,overconfidence,baseline,,,,18.0,0.98,0.0
262,trivia,overconfidence,baseline,,,,19.0,1.0,1.0
263,trivia,overconfidence,baseline,,,,0.0,0.58,1.0
263,trivia,overconfidence,baseline,,,,1.0,0.73,1.0
263,trivia,overconfidence,baseline,,,,2.0,0.51,0.0
263,trivia,overconfidence,baseline,,,,3.0,0.7,1.0
263,trivia,overconfidence,baseline,,,,4.0,0.65,0.0
263,trivia,overconfidence,baseline,,,,5.0,0.76,0.0
263,trivia,overconfidence,baseline,,,,6.0,0.91,1.0
263,trivia,overconfidence,baseline,,,,7.0,0.79,1.0
263,trivia,overconfidence,baseline,,,,8.0,0.8,1.0
263,trivia,overconfidence,baseline,,,,9.0,0.68,0.0
263,trivia,overconfidence,baseline,,,,10.0,1.0,1.0
263,trivia,overconfidence,baseline,,,,11.0,0.68,0.0
263,trivia,overconfidence,baseline,,,,12.0,0.55,0.0
263,trivia,overconfidence,baseline,,,,13.0,0.56,1.0
263,trivia,overconfidence,baseline,,,,14.0,0.59,0.0
263,trivia,overconfidence,baseline,,,,15.0,0.66,1.0
263,trivia,overconfidence,baseline,,,,16.0,0.72,0.0
263,trivia,overconfidence,baseline,,,,17.0,1.0,1.0
263,trivia,overconfidence,baseline,,,,18.0,0.87,0.0
263,trivia,overconfidence,baseline,,,,19.0,0.99,1.0
264,trivia,overconfidence,baseline,,,,0.0,0.82,0.0
264,trivia,overconfidence,baseline,,,,1.0,0.75,0.0
264,trivia,overconfidence,baseline,,,,2.0,0.64,1.0
264,trivia,overconfidence,baseline,,,,3.0,0.99,1.0
264,trivia,overconfidence,baseline,,,,4.0,0.71,1.0
264,trivia,overconfidence,baseline,,,,5.0,0.99,0.0
264,trivia,overconfidence,baseline,,,,6.0,0.96,0.0
264,trivia,overconfidence,baseline,,,,7.0,0.85,1.0
264,trivia,overconfidence,baseline,,,,8.0,0.77,1.0
264,trivia,overconfidence,baseline,,,,9.0,0.64,1.0
264,trivia,overconfidence,baseline,,,,10.0,1.0,1.0
264,trivia,overconfidence,baseline,,,,11.0,0.73,1.0
264,trivia,overconfidence,baseline,,,,12.0,0.83,1.0
264,trivia,overconfidence,baseline,,,,13.0,0.7,1.0
264,trivia,overconfidence,baseline,,,,14.0,0.71,0.0
264,trivia,overconfidence,baseline,,,,15.0,0.89,1.0
264,trivia,overconfidence,baseline,,,,16.0,0.92,1.0
264,trivia,overconfidence,baseline,,,,17.0,1.0,1.0
264,trivia,overconfidence,baseline,,,,18.0,1.0,1.0
264,trivia,overconfidence,baseline,,,,19.0,1.0,1.0
265,trivia,overconfidence,baseline,,,,0.0,0.73,0.0
265,trivia,overconfidence,baseline,,,,1.0,0.64,0.0
265,trivia,overconfidence,baseline,,,,2.0,0.59,0.0
265,trivia,overconfidence,baseline,,,,3.0,0.66,1.0
265,trivia,overconfidence,baseline,,,,4.0,0.82,1.0
265,trivia,overconfidence,baseline,,,,5.0,0.98,1.0
265,trivia,overconfidence,baseline,,,,6.0,1.0,1.0
265,trivia,overconfidence,baseline,,,,7.0,0.71,0.0
265,trivia,overconfidence,baseline,,,,8.0,0.79,1.0
265,trivia,overconfidence,baseline,,,,9.0,0.85,0.0
265,trivia,overconfidence,baseline,,,,10.0,0.88,1.0
265,trivia,overconfidence,baseline,,,,11.0,0.76,1.0
265,trivia,overconfidence,baseline,,,,12.0,0.56,1.0
265,trivia,overconfidence,baseline,,,,13.0,0.62,0.0
265,trivia,overconfidence,baseline,,,,14.0,0.65,0.0
265,trivia,overconfidence,baseline,,,,15.0,0.73,0.0
265,trivia,overconfidence,baseline,,,,16.0,0.93,0.0
265,trivia,overconfidence,baseline,,,,17.0,1.0,0.0
265,trivia,overconfidence,baseline,,,,18.0,1.0,1.0
265,trivia,overconfidence,baseline,,,,19.0,1.0,1.0
266,trivia,overconfidence,baseline,,,,0.0,0.86,1.0
266,trivia,overconfidence,baseline,,,,1.0,0.67,0.0
266,trivia,overconfidence,baseline,,,,2.0,0.55,1.0
266,trivia,overconfidence,baseline,,,,3.0,0.78,0.0
266,trivia,overconfidence,baseline,,,,4.0,0.75,0.0
266,trivia,overconfidence,baseline,,,,5.0,1.0,0.0
266,trivia,overconfidence,baseline,,,,6.0,0.81,1.0
266,trivia,overconfidence,baseline,,,,7.0,0.86,0.0
266,trivia,overconfidence,baseline,,,,8.0,0.84,0.0
266,trivia,overconfidence,baseline,,,,9.0,0.8,0.0
266,trivia,overconfidence,baseline,,,,10.0,1.0,1.0
266,trivia,overconfidence,baseline,,,,11.0,0.76,0.0
266,trivia,overconfidence,baseline,,,,12.0,0.7,1.0
266,trivia,overconfidence,baseline,,,,13.0,0.65,1.0
266,trivia,overconfidence,baseline,,,,14.0,0.63,1.0
266,trivia,overconfidence,baseline,,,,15.0,1.0,1.0
266,trivia,overconfidence,baseline,,,,16.0,0.86,0.0
266,trivia,overconfidence,baseline,,,,17.0,0.89,1.0
266,trivia,overconfidence,baseline,,,,18.0,1.0,1.0
266,trivia,overconfidence,baseline,,,,19.0,1.0,1.0
267,trivia,overconfidence,baseline,,,,0.0,0.68,1.0
267,trivia,overconfidence,baseline,,,,1.0,0.83,0.0
267,trivia,overconfidence,baseline,,,,2.0,0.52,1.0
267,trivia,overconfidence,baseline,,,,3.0,0.82,1.0
267,trivia,overconfidence,baseline,,,,4.0,0.81,0.0
267,trivia,overconfidence,baseline,,,,5.0,1.0,1.0
267,trivia,overconfidence,baseline,,,,6.0,0.97,1.0
267,trivia,overconfidence,baseline,,,,7.0,0.81,0.0
267,trivia,overconfidence,baseline,,,,8.0,0.81,1.0
267,trivia,overconfidence,baseline,,,,9.0,0.71,1.0
267,trivia,overconfidence,baseline,,,,10.0,1.0,1.0
267,trivia,overconfidence,baseline,,,,11.0,0.83,0.0
267,trivia,overconfidence,baseline,,,,12.0,0.62,0.0
267,trivia,overconfidence,baseline,,,,13.0,0.57,0.0
267,trivia,overconfidence,baseline,,,,14.0,0.58,0.0
267,trivia,overconfidence,baseline,,,,15.0,0.99,1.0
267,trivia,overconfidence,baseline,,,,16.0,0.83,1.0
267,trivia,overconfidence,baseline,,,,17.0,1.0,1.0
267,trivia,overconfidence,baseline,,,,18.0,1.0,1.0
267,trivia,overconfidence,baseline,,,,19.0,1.0,1.0
268,trivia,overconfidence,baseline,,,,0.0,1.0,0.0
268,trivia,overconfidence,baseline,,,,1.0,0.75,1.0
268,trivia,overconfidence,baseline,,,,2.0,0.61,1.0
268,trivia,overconfidence,baseline,,,,3.0,0.8,1.0
268,trivia,overconfidence,baseline,,,,4.0,0.86,1.0
268,trivia,overconfidence,baseline,,,,5.0,0.96,1.0
268,trivia,overconfidence,baseline,,,,6.0,0.94,1.0
268,trivia,overconfidence,baseline,,,,7.0,0.75,0.0
268,trivia,overconfidence,baseline,,,,8.0,0.82,1.0
268,trivia,overconfidence,baseline,,,,9.0,0.96,1.0
268,trivia,overconfidence,baseline,,,,10.0,1.0,1.0
268,trivia,overconfidence,baseline,,,,11.0,0.72,0.0
268,trivia,overconfidence,baseline,,,,12.0,0.77,1.0
268,trivia,overconfidence,baseline,,,,13.0,0.72,1.0
268,trivia,overconfidence,baseline,,,,14.0,0.8,1.0
268,trivia,overconfidence,baseline,,,,15.0,0.9,1.0
268,trivia,overconfidence,baseline,,,,16.0,1.0,1.0
268,trivia,overconfidence,baseline,,,,17.0,1.0,1.0
268,trivia,overconfidence,baseline,,,,18.0,1.0,1.0
268,trivia,overconfidence,baseline,,,,19.0,1.0,1.0
269,trivia,overconfidence,baseline,,,,0.0,0.71,1.0
269,trivia,overconfidence,baseline,,,,1.0,0.75,1.0
269,trivia,overconfidence,baseline,,,,2.0,0.5,0.0
269,trivia,overconfidence,baseline,,,,3.0,0.85,0.0
269,trivia,overconfidence,baseline,,,,4.0,0.62,0.0
269,trivia,overconfidence,baseline,,,,5.0,0.85,1.0
269,trivia,overconfidence,baseline,,,,6.0,0.86,1.0
269,trivia,overconfidence,baseline,,,,7.0,0.77,1.0
269,trivia,overconfidence,baseline,,,,8.0,0.7,1.0
269,trivia,overconfidence,baseline,,,,9.0,0.69,1.0
269,trivia,overconfidence,baseline,,,,10.0,0.94,1.0
269,trivia,overconfidence,baseline,,,,11.0,0.6,0.0
269,trivia,overconfidence,baseline,,,,12.0,0.83,1.0
269,trivia,overconfidence,baseline,,,,13.0,0.61,1.0
269,trivia,overconfidence,baseline,,,,14.0,0.54,0.0
269,trivia,overconfidence,baseline,,,,15.0,0.86,1.0
269,trivia,overconfidence,baseline,,,,16.0,0.76,1.0
269,trivia,overconfidence,baseline,,,,17.0,1.0,1.0
269,trivia,overconfidence,baseline,,,,18.0,0.95,0.0
269,trivia,overconfidence,baseline,,,,19.0,1.0,1.0
270,trivia,overconfidence,baseline,,,,0.0,0.57,1.0
270,trivia,overconfidence,baseline,,,,1.0,0.55,1.0
270,trivia,overconfidence,baseline,,,,2.0,0.53,1.0
270,trivia,overconfidence,baseline,,,,3.0,0.5,1.0
270,trivia,overconfidence,baseline,,,,4.0,0.56,0.0
270,trivia,overconfidence,baseline,,,,5.0,0.99,1.0
270,trivia,overconfidence,baseline,,,,6.0,0.75,1.0
270,trivia,overconfidence,baseline,,,,7.0,0.59,1.0
270,trivia,overconfidence,baseline,,,,8.0,0.84,0.0
270,trivia,overconfidence,baseline,,,,9.0,0.79,0.0
270,trivia,overconfidence,baseline,,,,10.0,0.99,1.0
270,trivia,overconfidence,baseline,,,,11.0,0.78,1.0
270,trivia,overconfidence,baseline,,,,12.0,0.64,1.0
270,trivia,overconfidence,baseline,,,,13.0,0.55,0.0
270,trivia,overconfidence,baseline,,,,14.0,0.55,1.0
270,trivia,overconfidence,baseline,,,,15.0,0.88,1.0
270,trivia,overconfidence,baseline,,,,16.0,0.69,0.0
270,trivia,overconfidence,baseline,,,,17.0,0.89,1.0
270,trivia,overconfidence,baseline,,,,18.0,0.83,1.0
270,trivia,overconfidence,baseline,,,,19.0,0.99,1.0
271,trivia,overconfidence,baseline,,,,0.0,0.75,1.0
271,trivia,overconfidence,baseline,,,,1.0,0.75,1.0
271,trivia,overconfidence,baseline,,,,2.0,0.5,1.0
271,trivia,overconfidence,baseline,,,,3.0,0.81,1.0
271,trivia,overconfidence,baseline,,,,4.0,0.76,0.0
271,trivia,overconfidence,baseline,,,,5.0,1.0,0.0
271,trivia,overconfidence,baseline,,,,6.0,1.0,0.0
271,trivia,overconfidence,baseline,,,,7.0,0.75,1.0
271,trivia,overconfidence,baseline,,,,8.0,0.64,0.0
271,trivia,overconfidence,baseline,,,,9.0,0.81,0.0
271,trivia,overconfidence,baseline,,,,10.0,1.0,0.0
271,trivia,overconfidence,baseline,,,,11.0,0.86,1.0
271,trivia,overconfidence,baseline,,,,12.0,0.83,1.0
271,trivia,overconfidence,baseline,,,,13.0,0.71,0.0
271,trivia,overconfidence,baseline,,,,14.0,0.76,0.0
271,trivia,overconfidence,baseline,,,,15.0,0.87,1.0
271,trivia,overconfidence,baseline,,,,16.0,1.0,1.0
271,trivia,overconfidence,baseline,,,,17.0,1.0,1.0
271,trivia,overconfidence,baseline,,,,18.0,1.0,0.0
271,trivia,overconfidence,baseline,,,,19.0,1.0,1.0
272,trivia,overconfidence,baseline,,,,0.0,0.57,0.0
272,trivia,overconfidence,baseline,,,,1.0,0.67,1.0
272,trivia,overconfidence,baseline,,,,2.0,0.57,1.0
272,trivia,overconfidence,baseline,,,,3.0,0.82,1.0
272,trivia,overconfidence,baseline,,,,4.0,0.7,0.0
272,trivia,overconfidence,baseline,,,,5.0,0.89,1.0
272,trivia,overconfidence,baseline,,,,6.0,0.98,1.0
272,trivia,overconfidence,baseline,,,,7.0,0.71,0.0
272,trivia,overconfidence,baseline,,,,8.0,0.68,0.0
272,trivia,overconfidence,baseline,,,,9.0,0.9,1.0
272,trivia,overconfidence,baseline,,,,10.0,1.0,0.0
272,trivia,overconfidence,baseline,,,,11.0,0.7,0.0
272,trivia,overconfidence,baseline,,,,12.0,0.73,0.0
272,trivia,overconfidence,baseline,,,,13.0,0.72,0.0
272,trivia,overconfidence,baseline,,,,14.0,0.65,0.0
272,trivia,overconfidence,baseline,,,,15.0,0.75,1.0
272,trivia,overconfidence,baseline,,,,16.0,0.97,1.0
272,trivia,overconfidence,baseline,,,,17.0,0.89,1.0
272,trivia,overconfidence,baseline,,,,18.0,1.0,1.0
272,trivia,overconfidence,baseline,,,,19.0,1.0,1.0
273,trivia,overconfidence,baseline,,,,0.0,0.71,1.0
273,trivia,overconfidence,baseline,,,,1.0,0.67,1.0
273,trivia,overconfidence,baseline,,,,2.0,0.5,0.0
273,trivia,overconfidence,baseline,,,,3.0,0.83,0.0
273,trivia,overconfidence,baseline,,,,4.0,0.62,0.0
273,trivia,overconfidence,baseline,,,,5.0,0.87,0.0
273,trivia,overconfidence,baseline,,,,6.0,0.76,1.0
273,trivia,overconfidence,baseline,,,,7.0,0.7,0.0
273,trivia,overconfidence,baseline,,,,8.0,0.92,1.0
273,trivia,overconfidence,baseline,,,,9.0,0.67,0.0
273,trivia,overconfidence,baseline,,,,10.0,1.0,1.0
273,trivia,overconfidence,baseline,,,,11.0,0.78,0.0
273,trivia,overconfidence,baseline,,,,12.0,0.53,1.0
273,trivia,overconfidence,baseline,,,,13.0,0.57,1.0
273,trivia,overconfidence,baseline,,,,14.0,0.5,0.0
273,trivia,overconfidence,baseline,,,,15.0,0.73,1.0
273,trivia,overconfidence,baseline,,,,16.0,0.85,1.0
273,trivia,overconfidence,baseline,,,,17.0,1.0,1.0
273,trivia,overconfidence,baseline,,,,18.0,1.0,1.0
273,trivia,overconfidence,baseline,,,,19.0,1.0,1.0
274,trivia,overconfidence,baseline,,,,0.0,0.66,1.0
274,trivia,overconfidence,baseline,,,,1.0,0.76,1.0
274,trivia,overconfidence,baseline,,,,2.0,0.5,0.0
274,trivia,overconfidence,baseline,,,,3.0,0.79,1.0
274,trivia,overconfidence,baseline,,,,4.0,0.6,1.0
274,trivia,overconfidence,baseline,,,,5.0,0.9,1.0
274,trivia,overconfidence,baseline,,,,6.0,0.9,1.0
274,trivia,overconfidence,baseline,,,,7.0,0.68,0.0
274,trivia,overconfidence,baseline,,,,8.0,0.68,1.0
274,trivia,overconfidence,baseline,,,,9.0,0.77,1.0
274,trivia,overconfidence,baseline,,,,10.0,0.96,1.0
274,trivia,overconfidence,baseline,,,,11.0,0.65,1.0
274,trivia,overconfidence,baseline,,,,12.0,0.76,1.0
274,trivia,overconfidence,baseline,,,,13.0,0.7,1.0
274,trivia,overconfidence,baseline,,,,14.0,0.59,0.0
274,trivia,overconfidence,baseline,,,,15.0,0.76,0.0
274,trivia,overconfidence,baseline,,,,16.0,0.8,1.0
274,trivia,overconfidence,baseline,,,,17.0,1.0,1.0
274,trivia,overconfidence,baseline,,,,18.0,0.9,1.0
274,trivia,overconfidence,baseline,,,,19.0,1.0,1.0
275,trivia,overconfidence,baseline,,,,0.0,0.65,1.0
275,trivia,overconfidence,baseline,,,,1.0,0.78,0.0
275,trivia,overconfidence,baseline,,,,2.0,0.5,1.0
275,trivia,overconfidence,baseline,,,,3.0,0.89,0.0
275,trivia,overconfidence,baseline,,,,4.0,0.89,0.0
275,trivia,overconfidence,baseline,,,,5.0,0.88,1.0
275,trivia,overconfidence,baseline,,,,6.0,0.78,1.0
275,trivia,overconfidence,baseline,,,,7.0,0.75,0.0
275,trivia,overconfidence,baseline,,,,8.0,0.93,1.0
275,trivia,overconfidence,baseline,,,,9.0,0.7,1.0
275,trivia,overconfidence,baseline,,,,10.0,1.0,1.0
275,trivia,overconfidence,baseline,,,,11.0,0.74,0.0
275,trivia,overconfidence,baseline,,,,12.0,0.74,0.0
275,trivia,overconfidence,baseline,,,,13.0,0.71,0.0
275,trivia,overconfidence,baseline,,,,14.0,0.73,1.0
275,trivia,overconfidence,baseline,,,,15.0,0.97,1.0
275,trivia,overconfidence,baseline,,,,16.0,0.85,1.0
275,trivia,overconfidence,baseline,,,,17.0,0.92,1.0
275,trivia,overconfidence,baseline,,,,18.0,1.0,1.0
275,trivia,overconfidence,baseline,,,,19.0,1.0,1.0
276,trivia,overconfidence,baseline,,,,0.0,0.56,0.0
276,trivia,overconfidence,baseline,,,,1.0,0.7,1.0
276,trivia,overconfidence,baseline,,,,2.0,0.5,0.0
276,trivia,overconfidence,baseline,,,,3.0,0.72,1.0
276,trivia,overconfidence,baseline,,,,4.0,0.75,1.0
276,trivia,overconfidence,baseline,,,,5.0,0.59,1.0
276,trivia,overconfidence,baseline,,,,6.0,0.75,0.0
276,trivia,overconfidence,baseline,,,,7.0,0.54,1.0
276,trivia,overconfidence,baseline,,,,8.0,0.55,0.0
276,trivia,overconfidence,baseline,,,,9.0,0.61,1.0
276,trivia,overconfidence,baseline,,,,10.0,0.87,1.0
276,trivia,overconfidence,baseline,,,,11.0,0.59,1.0
276,trivia,overconfidence,baseline,,,,12.0,0.63,0.0
276,trivia,overconfidence,baseline,,,,13.0,0.5,0.0
276,trivia,overconfidence,baseline,,,,14.0,0.54,0.0
276,trivia,overconfidence,baseline,,,,15.0,0.82,0.0
276,trivia,overconfidence,baseline,,,,16.0,0.53,1.0
276,trivia,overconfidence,baseline,,,,17.0,0.93,1.0
276,trivia,overconfidence,baseline,,,,18.0,0.81,1.0
276,trivia,overconfidence,baseline,,,,19.0,1.0,1.0
277,trivia,overconfidence,baseline,,,,0.0,0.86,0.0
277,trivia,overconfidence,baseline,,,,1.0,0.87,0.0
277,trivia,overconfidence,baseline,,,,2.0,0.61,0.0
277,trivia,overconfidence,baseline,,,,3.0,0.98,1.0
277,trivia,overconfidence,baseline,,,,4.0,0.89,1.0
277,trivia,overconfidence,baseline,,,,5.0,1.0,1.0
277,trivia,overconfidence,baseline,,,,6.0,0.94,1.0
277,trivia,overconfidence,baseline,,,,7.0,0.92,1.0
277,trivia,overconfidence,baseline,,,,8.0,0.81,1.0
277,trivia,overconfidence,baseline,,,,9.0,0.78,1.0
277,trivia,overconfidence,baseline,,,,10.0,1.0,1.0
277,trivia,overconfidence,baseline,,,,11.0,0.8,0.0
277,trivia,overconfidence,baseline,,,,12.0,0.93,1.0
277,trivia,overconfidence,baseline,,,,13.0,0.84,1.0
277,trivia,overconfidence,baseline,,,,14.0,0.72,0.0
277,trivia,overconfidence,baseline,,,,15.0,1.0,1.0
277,trivia,overconfidence,baseline,,,,16.0,1.0,1.0
277,trivia,overconfidence,baseline,,,,17.0,1.0,1.0
277,trivia,overconfidence,baseline,,,,18.0,1.0,1.0
277,trivia,overconfidence,baseline,,,,19.0,1.0,1.0
278,trivia,overconfidence,baseline,,,,0.0,0.75,1.0
278,trivia,overconfidence,baseline,,,,1.0,0.77,0.0
278,trivia,overconfidence,baseline,,,,2.0,0.53,1.0
278,trivia,overconfidence,baseline,,,,3.0,0.85,1.0
278,trivia,overconfidence,baseline,,,,4.0,0.75,1.0
278,trivia,overconfidence,baseline,,,,5.0,0.89,1.0
278,trivia,overconfidence,baseline,,,,6.0,0.79,1.0
278,trivia,overconfidence,baseline,,,,7.0,0.72,1.0
278,trivia,overconfidence,baseline,,,,8.0,0.65,1.0
278,trivia,overconfidence,baseline,,,,9.0,0.86,0.0
278,trivia,overconfidence,baseline,,,,10.0,1.0,1.0
278,trivia,overconfidence,baseline,,,,11.0,0.78,1.0
278,trivia,overconfidence,baseline,,,,12.0,0.74,1.0
278,trivia,overconfidence,baseline,,,,13.0,0.7,0.0
278,trivia,overconfidence,baseline,,,,14.0,0.56,0.0
278,trivia,overconfidence,baseline,,,,15.0,0.87,1.0
278,trivia,overconfidence,baseline,,,,16.0,0.88,1.0
278,trivia,overconfidence,baseline,,,,17.0,1.0,1.0
278,trivia,overconfidence,baseline,,,,18.0,0.99,1.0
278,trivia,overconfidence,baseline,,,,19.0,1.0,1.0
279,trivia,overconfidence,baseline,,,,0.0,0.5,1.0
279,trivia,overconfidence,baseline,,,,1.0,0.6,1.0
279,trivia,overconfidence,baseline,,,,2.0,0.5,0.0
279,trivia,overconfidence,baseline,,,,3.0,0.58,1.0
279,trivia,overconfidence,baseline,,,,4.0,0.7,0.0
279,trivia,overconfidence,baseline,,,,5.0,0.84,1.0
279,trivia,overconfidence,baseline,,,,6.0,0.75,1.0
279,trivia,overconfidence,baseline,,,,7.0,0.62,1.0
279,trivia,overconfidence,baseline,,,,8.0,0.53,0.0
279,trivia,overconfidence,baseline,,,,9.0,0.7,0.0
279,trivia,overconfidence,baseline,,,,10.0,0.87,1.0
279,trivia,overconfidence,baseline,,,,11.0,0.72,1.0
279,trivia,overconfidence,baseline,,,,12.0,0.68,0.0
279,trivia,overconfidence,baseline,,,,13.0,0.62,1.0
279,trivia,overconfidence,baseline,,,,14.0,0.53,1.0
279,trivia,overconfidence,baseline,,,,15.0,0.85,1.0
279,trivia,overconfidence,baseline,,,,16.0,0.77,1.0
279,trivia,overconfidence,baseline,,,,17.0,0.88,1.0
279,trivia,overconfidence,baseline,,,,18.0,0.94,1.0
279,trivia,overconfidence,baseline,,,,19.0,1.0,1.0
280,trivia,overconfidence,baseline,,,,0.0,0.56,1.0
280,trivia,overconfidence,baseline,,,,1.0,0.59,1.0
280,trivia,overconfidence,baseline,,,,2.0,0.62,1.0
280,trivia,overconfidence,baseline,,,,3.0,0.85,1.0
280,trivia,overconfidence,baseline,,,,4.0,0.7,1.0
280,trivia,overconfidence,baseline,,,,5.0,0.72,1.0
280,trivia,overconfidence,baseline,,,,6.0,0.86,1.0
280,trivia,overconfidence,baseline,,,,7.0,0.87,1.0
280,trivia,overconfidence,baseline,,,,8.0,0.76,1.0
280,trivia,overconfidence,baseline,,,,9.0,0.78,0.0
280,trivia,overconfidence,baseline,,,,10.0,0.99,1.0
280,trivia,overconfidence,baseline,,,,11.0,0.69,1.0
280,trivia,overconfidence,baseline,,,,12.0,0.72,1.0
280,trivia,overconfidence,baseline,,,,13.0,0.62,0.0
280,trivia,overconfidence,baseline,,,,14.0,0.53,0.0
280,trivia,overconfidence,baseline,,,,15.0,0.83,1.0
280,trivia,overconfidence,baseline,,,,16.0,0.81,1.0
280,trivia,overconfidence,baseline,,,,17.0,0.81,1.0
280,trivia,overconfidence,baseline,,,,18.0,1.0,1.0
280,trivia,overconfidence,baseline,,,,19.0,1.0,1.0
281,trivia,overconfidence,baseline,,,,0.0,0.65,0.0
281,trivia,overconfidence,baseline,,,,1.0,0.65,1.0
281,trivia,overconfidence,baseline,,,,2.0,0.5,0.0
281,trivia,overconfidence,baseline,,,,3.0,0.73,0.0
281,trivia,overconfidence,baseline,,,,4.0,0.5,0.0
281,trivia,overconfidence,baseline,,,,5.0,0.86,1.0
281,trivia,overconfidence,baseline,,,,6.0,0.83,1.0
281,trivia,overconfidence,baseline,,,,7.0,0.58,0.0
281,trivia,overconfidence,baseline,,,,8.0,0.66,0.0
281,trivia,overconfidence,baseline,,,,9.0,0.5,0.0
281,trivia,overconfidence,baseline,,,,10.0,0.96,1.0
281,trivia,overconfidence,baseline,,,,11.0,0.54,0.0
281,trivia,overconfidence,baseline,,,,12.0,0.62,0.0
281,trivia,overconfidence,baseline,,,,13.0,0.52,1.0
281,trivia,overconfidence,baseline,,,,14.0,0.5,0.0
281,trivia,overconfidence,baseline,,,,15.0,0.78,1.0
281,trivia,overconfidence,baseline,,,,16.0,0.7,0.0
281,trivia,overconfidence,baseline,,,,17.0,0.88,1.0
281,trivia,overconfidence,baseline,,,,18.0,1.0,1.0
281,trivia,overconfidence,baseline,,,,19.0,1.0,1.0
282,trivia,overconfidence,baseline,,,,0.0,0.7,1.0
282,trivia,overconfidence,baseline,,,,1.0,0.79,0.0
282,trivia,overconfidence,baseline,,,,2.0,0.51,1.0
282,trivia,overconfidence,baseline,,,,3.0,0.8,1.0
282,trivia,overconfidence,baseline,,,,4.0,0.76,1.0
282,trivia,overconfidence,baseline,,,,5.0,0.99,0.0
282,trivia,overconfidence,baseline,,,,6.0,0.77,0.0
282,trivia,overconfidence,baseline,,,,7.0,0.72,1.0
282,trivia,overconfidence,baseline,,,,8.0,0.75,0.0
282,trivia,overconfidence,baseline,,,,9.0,0.94,1.0
282,trivia,overconfidence,baseline,,,,10.0,1.0,1.0
282,trivia,overconfidence,baseline,,,,11.0,0.76,0.0
282,trivia,overconfidence,baseline,,,,12.0,0.72,0.0
282,trivia,overconfidence,baseline,,,,13.0,0.69,1.0
282,trivia,overconfidence,baseline,,,,14.0,0.61,0.0
282,trivia,overconfidence,baseline,,,,15.0,0.92,0.0
282,trivia,overconfidence,baseline,,,,16.0,0.93,1.0
282,trivia,overconfidence,baseline,,,,17.0,0.95,1.0
282,trivia,overconfidence,baseline,,,,18.0,1.0,1.0
282,trivia,overconfidence,baseline,,,,19.0,1.0,1.0
283,trivia,overconfidence,baseline,,,,0.0,0.8,1.0
283,trivia,overconfidence,baseline,,,,1.0,0.73,1.0
283,trivia,overconfidence,baseline,,,,2.0,0.5,0.0
283,trivia,overconfidence,baseline,,,,3.0,0.77,0.0
283,trivia,overconfidence,baseline,,,,4.0,0.71,0.0
283,trivia,overconfidence,baseline,,,,5.0,0.85,0.0
283,trivia,overconfidence,baseline,,,,6.0,0.87,0.0
283,trivia,overconfidence,baseline,,,,7.0,0.69,0.0
283,trivia,overconfidence,baseline,,,,8.0,0.65,1.0
283,trivia,overconfidence,baseline,,,,9.0,0.65,1.0
283,trivia,overconfidence,baseline,,,,10.0,1.0,1.0
283,trivia,overconfidence,baseline,,,,11.0,0.63,1.0
283,trivia,overconfidence,baseline,,,,12.0,0.66,0.0
283,trivia,overconfidence,baseline,,,,13.0,0.63,1.0
283,trivia,overconfidence,baseline,,,,14.0,0.51,0.0
283,trivia,overconfidence,baseline,,,,15.0,0.86,1.0
283,trivia,overconfidence,baseline,,,,16.0,0.81,1.0
283,trivia,overconfidence,baseline,,,,17.0,0.98,1.0
283,trivia,overconfidence,baseline,,,,18.0,1.0,1.0
283,trivia,overconfidence,baseline,,,,19.0,1.0,1.0
284,trivia,overconfidence,baseline,,,,0.0,0.55,1.0
284,trivia,overconfidence,baseline,,,,1.0,0.57,1.0
284,trivia,overconfidence,baseline,,,,2.0,0.5,0.0
284,trivia,overconfidence,baseline,,,,3.0,0.74,0.0
284,trivia,overconfidence,baseline,,,,4.0,0.62,1.0
284,trivia,overconfidence,baseline,,,,5.0,0.9,1.0
284,trivia,overconfidence,baseline,,,,6.0,0.8,1.0
284,trivia,overconfidence,baseline,,,,7.0,0.61,1.0
284,trivia,overconfidence,baseline,,,,8.0,0.67,1.0
284,trivia,overconfidence,baseline,,,,9.0,0.58,1.0
284,trivia,overconfidence,baseline,,,,10.0,0.9,1.0
284,trivia,overconfidence,baseline,,,,11.0,0.56,0.0
284,trivia,overconfidence,baseline,,,,12.0,0.59,1.0
284,trivia,overconfidence,baseline,,,,13.0,0.68,1.0
284,trivia,overconfidence,baseline,,,,14.0,0.5,0.0
284,trivia,overconfidence,baseline,,,,15.0,0.65,0.0
284,trivia,overconfidence,baseline,,,,16.0,0.69,1.0
284,trivia,overconfidence,baseline,,,,17.0,0.9,0.0
284,trivia,overconfidence,baseline,,,,18.0,0.88,0.0
284,trivia,overconfidence,baseline,,,,19.0,0.84,1.0
285,trivia,overconfidence,baseline,,,,0.0,0.74,1.0
285,trivia,overconfidence,baseline,,,,1.0,0.82,1.0
285,trivia,overconfidence,baseline,,,,2.0,0.5,0.0
285,trivia,overconfidence,baseline,,,,3.0,0.88,0.0
285,trivia,overconfidence,baseline,,,,4.0,0.75,1.0
285,trivia,overconfidence,baseline,,,,5.0,0.89,0.0
285,trivia,overconfidence,baseline,,,,6.0,0.82,1.0
285,trivia,overconfidence,baseline,,,,7.0,0.77,1.0
285,trivia,overconfidence,baseline,,,,8.0,0.73,0.0
285,trivia,overconfidence,baseline,,,,9.0,0.83,0.0
285,trivia,overconfidence,baseline,,,,10.0,0.98,1.0
285,trivia,overconfidence,baseline,,,,11.0,0.7,1.0
285,trivia,overconfidence,baseline,,,,12.0,0.77,0.0
285,trivia,overconfidence,baseline,,,,13.0,0.76,1.0
285,trivia,overconfidence,baseline,,,,14.0,0.72,0.0
285,trivia,overconfidence,baseline,,,,15.0,0.98,1.0
285,trivia,overconfidence,baseline,,,,16.0,1.0,1.0
285,trivia,overconfidence,baseline,,,,17.0,1.0,1.0
285,trivia,overconfidence,baseline,,,,18.0,0.91,0.0
285,trivia,overconfidence,baseline,,,,19.0,1.0,1.0
286,trivia,overconfidence,baseline,,,,0.0,0.74,0.0
286,trivia,overconfidence,baseline,,,,1.0,0.66,0.0
286,trivia,overconfidence,baseline,,,,2.0,0.5,1.0
286,trivia,overconfidence,baseline,,,,3.0,0.72,1.0
286,trivia,overconfidence,baseline,,,,4.0,0.77,1.0
286,trivia,overconfidence,baseline,,,,5.0,0.85,0.0
286,trivia,overconfidence,baseline,,,,6.0,0.94,1.0
286,trivia,overconfidence,baseline,,,,7.0,0.82,0.0
286,trivia,overconfidence,baseline,,,,8.0,0.73,0.0
286,trivia,overconfidence,baseline,,,,9.0,0.91,1.0
286,trivia,overconfidence,baseline,,,,10.0,1.0,1.0
286,trivia,overconfidence,baseline,,,,11.0,0.78,0.0
286,trivia,overconfidence,baseline,,,,12.0,0.74,1.0
286,trivia,overconfidence,baseline,,,,13.0,0.64,0.0
286,trivia,overconfidence,baseline,,,,14.0,0.58,0.0
286,trivia,overconfidence,baseline,,,,15.0,0.82,1.0
286,trivia,overconfidence,baseline,,,,16.0,0.86,0.0
286,trivia,overconfidence,baseline,,,,17.0,0.82,1.0
286,trivia,overconfidence,baseline,,,,18.0,1.0,1.0
286,trivia,overconfidence,baseline,,,,19.0,1.0,1.0
287,trivia,overconfidence,baseline,,,,0.0,0.53,0.0
287,trivia,overconfidence,baseline,,,,1.0,0.82,0.0
287,trivia,overconfidence,baseline,,,,2.0,0.64,0.0
287,trivia,overconfidence,baseline,,,,3.0,0.8,1.0
287,trivia,overconfidence,baseline,,,,4.0,0.73,1.0
287,trivia,overconfidence,baseline,,,,5.0,0.91,1.0
287,trivia,overconfidence,baseline,,,,6.0,0.84,1.0
287,trivia,overconfidence,baseline,,,,7.0,0.74,0.0
287,trivia,overconfidence,baseline,,,,8.0,0.85,1.0
287,trivia,overconfidence,baseline,,,,9.0,0.64,1.0
287,trivia,overconfidence,baseline,,,,10.0,0.97,1.0
287,trivia,overconfidence,baseline,,,,11.0,0.65,0.0
287,trivia,overconfidence,baseline,,,,12.0,0.6,1.0
287,trivia,overconfidence,baseline,,,,13.0,0.71,0.0
287,trivia,overconfidence,baseline,,,,14.0,0.64,0.0
287,trivia,overconfidence,baseline,,,,15.0,0.94,1.0
287,trivia,overconfidence,baseline,,,,16.0,0.68,1.0
287,trivia,overconfidence,baseline,,,,17.0,1.0,1.0
287,trivia,overconfidence,baseline,,,,18.0,1.0,0.0
287,trivia,overconfidence,baseline,,,,19.0,1.0,1.0
288,trivia,overconfidence,baseline,,,,0.0,0.69,1.0
288,trivia,overconfidence,baseline,,,,1.0,0.76,1.0
288,trivia,overconfidence,baseline,,,,2.0,0.56,0.0
288,trivia,overconfidence,baseline,,,,3.0,0.82,0.0
288,trivia,overconfidence,baseline,,,,4.0,0.71,0.0
288,trivia,overconfidence,baseline,,,,5.0,0.78,1.0
288,trivia,overconfidence,baseline,,,,6.0,0.86,1.0
288,trivia,overconfidence,baseline,,,,7.0,0.88,0.0
288,trivia,overconfidence,baseline,,,,8.0,0.61,1.0
288,trivia,overconfidence,baseline,,,,9.0,0.81,1.0
288,trivia,overconfidence,baseline,,,,10.0,1.0,0.0
288,trivia,overconfidence,baseline,,,,11.0,0.78,1.0
288,trivia,overconfidence,baseline,,,,12.0,0.81,1.0
288,trivia,overconfidence,baseline,,,,13.0,0.74,0.0
288,trivia,overconfidence,baseline,,,,14.0,0.5,1.0
288,trivia,overconfidence,baseline,,,,15.0,0.99,1.0
288,trivia,overconfidence,baseline,,,,16.0,0.98,0.0
288,trivia,overconfidence,baseline,,,,17.0,0.93,1.0
288,trivia,overconfidence,baseline,,,,18.0,0.95,0.0
288,trivia,overconfidence,baseline,,,,19.0,1.0,1.0
289,trivia,overconfidence,baseline,,,,0.0,0.76,0.0
289,trivia,overconfidence,baseline,,,,1.0,0.81,0.0
289,trivia,overconfidence,baseline,,,,2.0,0.58,0.0
289,trivia,overconfidence,baseline,,,,3.0,0.95,1.0
289,trivia,overconfidence,baseline,,,,4.0,0.94,1.0
289,trivia,overconfidence,baseline,,,,5.0,1.0,1.0
289,trivia,overconfidence,baseline,,,,6.0,1.0,0.0
289,trivia,overconfidence,baseline,,,,7.0,0.79,0.0
289,trivia,overconfidence,baseline,,,,8.0,0.77,1.0
289,trivia,overconfidence,baseline,,,,9.0,0.92,1.0
289,trivia,overconfidence,baseline,,,,10.0,1.0,1.0
289,trivia,overconfidence,baseline,,,,11.0,0.84,0.0
289,trivia,overconfidence,baseline,,,,12.0,0.85,0.0
289,trivia,overconfidence,baseline,,,,13.0,0.78,1.0
289,trivia,overconfidence,baseline,,,,14.0,0.7,1.0
289,trivia,overconfidence,baseline,,,,15.0,1.0,1.0
289,trivia,overconfidence,baseline,,,,16.0,1.0,1.0
289,trivia,overconfidence,baseline,,,,17.0,1.0,1.0
289,trivia,overconfidence,baseline,,,,18.0,1.0,0.0
289,trivia,overconfidence,baseline,,,,19.0,1.0,1.0
290,trivia,overconfidence,baseline,,,,0.0,0.5,1.0
290,trivia,overconfidence,baseline,,,,1.0,0.62,1.0
290,trivia,overconfidence,baseline,,,,2.0,0.5,1.0
290,trivia,overconfidence,baseline,,,,3.0,0.59,0.0
290,trivia,overconfidence,baseline,,,,4.0,0.67,0.0
290,trivia,overconfidence,baseline,,,,5.0,0.83,0.0
290,trivia,overconfidence,baseline,,,,6.0,0.69,1.0
290,trivia,overconfidence,baseline,,,,7.0,0.59,0.0
290,trivia,overconfidence,baseline,,,,8.0,0.63,0.0
290,trivia,overconfidence,baseline,,,,9.0,0.6,0.0
290,trivia,overconfidence,baseline,,,,10.0,0.96,0.0
290,trivia,overconfidence,baseline,,,,11.0,0.64,1.0
290,trivia,overconfidence,baseline,,,,12.0,0.56,1.0
290,trivia,overconfidence,baseline,,,,13.0,0.5,0.0
290,trivia,overconfidence,baseline,,,,14.0,0.55,0.0
290,trivia,overconfidence,baseline,,,,15.0,0.62,1.0
290,trivia,overconfidence,baseline,,,,16.0,0.75,1.0
290,trivia,overconfidence,baseline,,,,17.0,0.82,1.0
290,trivia,overconfidence,baseline,,,,18.0,0.75,0.0
290,trivia,overconfidence,baseline,,,,19.0,0.98,1.0
291,trivia,overconfidence,baseline,,,,0.0,0.59,1.0
291,trivia,overconfidence,baseline,,,,1.0,0.58,1.0
291,trivia,overconfidence,baseline,,,,2.0,0.5,1.0
291,trivia,overconfidence,baseline,,,,3.0,0.55,1.0
291,trivia,overconfidence,baseline,,,,4.0,0.77,1.0
291,trivia,overconfidence,baseline,,,,5.0,0.87,1.0
291,trivia,overconfidence,baseline,,,,6.0,0.72,1.0
291,trivia,overconfidence,baseline,,,,7.0,0.65,0.0
291,trivia,overconfidence,baseline,,,,8.0,0.66,1.0
291,trivia,overconfidence,baseline,,,,9.0,0.75,1.0
291,trivia,overconfidence,baseline,,,,10.0,0.93,1.0
291,trivia,overconfidence,baseline,,,,11.0,0.67,0.0
291,trivia,overconfidence,baseline,,,,12.0,0.56,0.0
291,trivia,overconfidence,baseline,,,,13.0,0.57,1.0
291,trivia,overconfidence,baseline,,,,14.0,0.57,0.0
291,trivia,overconfidence,baseline,,,,15.0,0.79,0.0
291,trivia,overconfidence,baseline,,,,16.0,0.91,1.0
291,trivia,overconfidence,baseline,,,,17.0,0.97,1.0
291,trivia,overconfidence,baseline,,,,18.0,0.91,1.0
291,trivia,overconfidence,baseline,,,,19.0,1.0,1.0
292,trivia,overconfidence,baseline,,,,0.0,0.71,0.0
292,trivia,overconfidence,baseline,,,,1.0,0.86,1.0
292,trivia,overconfidence,baseline,,,,2.0,0.5,1.0
292,trivia,overconfidence,baseline,,,,3.0,0.73,0.0
292,trivia,overconfidence,baseline,,,,4.0,0.72,1.0
292,trivia,overconfidence,baseline,,,,5.0,0.91,1.0
292,trivia,overconfidence,baseline,,,,6.0,0.94,1.0
292,trivia,overconfidence,baseline,,,,7.0,0.87,1.0
292,trivia,overconfidence,baseline,,,,8.0,0.65,0.0
292,trivia,overconfidence,baseline,,,,9.0,0.62,0.0
292,trivia,overconfidence,baseline,,,,10.0,1.0,1.0
292,trivia,overconfidence,baseline,,,,11.0,0.63,0.0
292,trivia,overconfidence,baseline,,,,12.0,0.75,0.0
292,trivia,overconfidence,baseline,,,,13.0,0.7,1.0
292,trivia,overconfidence,baseline,,,,14.0,0.57,0.0
292,trivia,overconfidence,baseline,,,,15.0,0.92,1.0
292,trivia,overconfidence,baseline,,,,16.0,0.81,1.0
292,trivia,overconfidence,baseline,,,,17.0,0.97,1.0
292,trivia,overconfidence,baseline,,,,18.0,0.92,1.0
292,trivia,overconfidence,baseline,,,,19.0,1.0,1.0
293,trivia,overconfidence,baseline,,,,0.0,0.67,0.0
293,trivia,overconfidence,baseline,,,,1.0,0.74,0.0
293,trivia,overconfidence,baseline,,,,2.0,0.53,1.0
293,trivia,overconfidence,baseline,,,,3.0,0.82,1.0
293,trivia,overconfidence,baseline,,,,4.0,0.75,0.0
293,trivia,overconfidence,baseline,,,,5.0,1.0,0.0
293,trivia,overconfidence,baseline,,,,6.0,0.88,0.0
293,trivia,overconfidence,baseline,,,,7.0,0.77,1.0
293,trivia,overconfidence,baseline,,,,8.0,0.62,1.0
293,trivia,overconfidence,baseline,,,,9.0,0.79,1.0
293,trivia,overconfidence,baseline,,,,10.0,1.0,1.0
293,trivia,overconfidence,baseline,,,,11.0,0.67,0.0
293,trivia,overconfidence,baseline,,,,12.0,0.8,1.0
293,trivia,overconfidence,baseline,,,,13.0,0.8,1.0
293,trivia,overconfidence,baseline,,,,14.0,0.63,0.0
293,trivia,overconfidence,baseline,,,,15.0,0.72,1.0
293,trivia,overconfidence,baseline,,,,16.0,0.8,1.0
293,trivia,overconfidence,baseline,,,,17.0,0.89,1.0
293,trivia,overconfidence,baseline,,,,18.0,0.98,1.0
293,trivia,overconfidence,baseline,,,,19.0,1.0,1.0
294,trivia,overconfidence,baseline,,,,0.0,0.5,0.0
294,trivia,overconfidence,baseline,,,,1.0,0.81,1.0
294,trivia,overconfidence,baseline,,,,2.0,0.5,1.0
294,trivia,overconfidence,baseline,,,,3.0,0.75,0.0
294,trivia,overconfidence,baseline,,,,4.0,0.79,0.0
294,trivia,overconfidence,baseline,,,,5.0,0.89,1.0
294,trivia,overconfidence,baseline,,,,6.0,0.76,1.0
294,trivia,overconfidence,baseline,,,,7.0,0.59,1.0
294,trivia,overconfidence,baseline,,,,8.0,0.7,0.0
294,trivia,overconfidence,baseline,,,,9.0,0.79,0.0
294,trivia,overconfidence,baseline,,,,10.0,1.0,1.0
294,trivia,overconfidence,baseline,,,,11.0,0.57,0.0
294,trivia,overconfidence,baseline,,,,12.0,0.64,0.0
294,trivia,overconfidence,baseline,,,,13.0,0.52,1.0
294,trivia,overconfidence,baseline,,,,14.0,0.5,1.0
294,trivia,overconfidence,baseline,,,,15.0,0.73,1.0
294,trivia,overconfidence,baseline,,,,16.0,0.76,0.0
294,trivia,overconfidence,baseline,,,,17.0,0.95,1.0
294,trivia,overconfidence,baseline,,,,18.0,0.69,1.0
294,trivia,overconfidence,baseline,,,,19.0,1.0,0.0
295,trivia,overconfidence,baseline,,,,0.0,0.79,0.0
295,trivia,overconfidence,baseline,,,,1.0,0.78,1.0
295,trivia,overconfidence,baseline,,,,2.0,0.6,0.0
295,trivia,overconfidence,baseline,,,,3.0,0.87,0.0
295,trivia,overconfidence,baseline,,,,4.0,0.91,0.0
295,trivia,overconfidence,baseline,,,,5.0,0.89,0.0
295,trivia,overconfidence,baseline,,,,6.0,0.86,1.0
295,trivia,overconfidence,baseline,,,,7.0,0.84,1.0
295,trivia,overconfidence,baseline,,,,8.0,0.88,0.0
295,trivia,overconfidence,baseline,,,,9.0,0.91,0.0
295,trivia,overconfidence,baseline,,,,10.0,1.0,1.0
295,trivia,overconfidence,baseline,,,,11.0,0.66,0.0
295,trivia,overconfidence,baseline,,,,12.0,0.94,0.0
295,trivia,overconfidence,baseline,,,,13.0,0.81,1.0
295,trivia,overconfidence,baseline,,,,14.0,0.56,1.0
295,trivia,overconfidence,baseline,,,,15.0,0.92,1.0
295,trivia,overconfidence,baseline,,,,16.0,0.9,1.0
295,trivia,overconfidence,baseline,,,,17.0,1.0,1.0
295,trivia,overconfidence,baseline,,,,18.0,1.0,1.0
295,trivia,overconfidence,baseline,,,,19.0,1.0,1.0
296,trivia,overconfidence,baseline,,,,0.0,0.76,1.0
296,trivia,overconfidence,baseline,,,,1.0,0.92,0.0
296,trivia,overconfidence,baseline,,,,2.0,0.55,1.0
296,trivia,overconfidence,baseline,,,,3.0,0.87,1.0
296,trivia,overconfidence,baseline,,,,4.0,0.8,0.0
296,trivia,overconfidence,baseline,,,,5.0,1.0,0.0
296,trivia,overconfidence,baseline,,,,6.0,0.94,1.0
296,trivia,overconfidence,baseline,,,,7.0,0.73,1.0
296,trivia,overconfidence,baseline,,,,8.0,0.78,1.0
296,trivia,overconfidence,baseline,,,,9.0,0.94,1.0
296,trivia,overconfidence,baseline,,,,10.0,1.0,1.0
296,trivia,overconfidence,baseline,,,,11.0,0.76,0.0
296,trivia,overconfidence,baseline,,,,12.0,0.87,1.0
296,trivia,overconfidence,baseline,,,,13.0,0.82,1.0
296,trivia,overconfidence,baseline,,,,14.0,0.5,1.0
296,trivia,overconfidence,baseline,,,,15.0,0.83,0.0
296,trivia,overconfidence,baseline,,,,16.0,0.98,1.0
296,trivia,overconfidence,baseline,,,,17.0,1.0,1.0
296,trivia,overconfidence,baseline,,,,18.0,1.0,1.0
296,trivia,overconfidence,baseline,,,,19.0,1.0,1.0
297,trivia,overconfidence,baseline,,,,0.0,0.64,0.0
297,trivia,overconfidence,baseline,,,,1.0,0.75,1.0
297,trivia,overconfidence,baseline,,,,2.0,0.5,1.0
297,trivia,overconfidence,baseline,,,,3.0,0.79,1.0
297,trivia,overconfidence,baseline,,,,4.0,0.75,1.0
297,trivia,overconfidence,baseline,,,,5.0,0.88,1.0
297,trivia,overconfidence,baseline,,,,6.0,0.82,0.0
297,trivia,overconfidence,baseline,,,,7.0,0.73,1.0
297,trivia,overconfidence,baseline,,,,8.0,0.71,0.0
297,trivia,overconfidence,baseline,,,,9.0,0.77,0.0
297,trivia,overconfidence,baseline,,,,10.0,1.0,1.0
297,trivia,overconfidence,baseline,,,,11.0,0.65,1.0
297,trivia,overconfidence,baseline,,,,12.0,0.65,1.0
297,trivia,overconfidence,baseline,,,,13.0,0.64,1.0
297,trivia,overconfidence,baseline,,,,14.0,0.5,0.0
297,trivia,overconfidence,baseline,,,,15.0,0.69,1.0
297,trivia,overconfidence,baseline,,,,16.0,0.8,0.0
297,trivia,overconfidence,baseline,,,,17.0,1.0,1.0
297,trivia,overconfidence,baseline,,,,18.0,0.94,1.0
297,trivia,overconfidence,baseline,,,,19.0,1.0,1.0
298,trivia,overconfidence,baseline,,,,0.0,0.73,0.0
298,trivia,overconfidence,baseline,,,,1.0,0.8,1.0
298,trivia,overconfidence,baseline,,,,2.0,0.5,0.0
298,trivia,overconfidence,baseline,,,,3.0,0.95,1.0
298,trivia,overconfidence,baseline,,,,4.0,0.78,0.0
298,trivia,overconfidence,baseline,,,,5.0,1.0,1.0
298,trivia,overconfidence,baseline,,,,6.0,0.93,0.0
298,trivia,overconfidence,baseline,,,,7.0,0.73,1.0
298,trivia,overconfidence,baseline,,,,8.0,0.92,1.0
298,trivia,overconfidence,baseline,,,,9.0,0.78,1.0
298,trivia,overconfidence,baseline,,,,10.0,1.0,1.0
298,trivia,overconfidence,baseline,,,,11.0,0.66,1.0
298,trivia,overconfidence,baseline,,,,12.0,0.77,0.0
298,trivia,overconfidence,baseline,,,,13.0,0.81,0.0
298,trivia,overconfidence,baseline,,,,14.0,0.63,0.0
298,trivia,overconfidence,baseline,,,,15.0,0.98,0.0
298,trivia,overconfidence,baseline,,,,16.0,0.88,0.0
298,trivia,overconfidence,baseline,,,,17.0,1.0,1.0
298,trivia,overconfidence,baseline,,,,18.0,1.0,1.0
298,trivia,overconfidence,baseline,,,,19.0,1.0,1.0
299,trivia,overconfidence,baseline,,,,0.0,0.72,0.0
299,trivia,overconfidence,baseline,,,,1.0,0.5,1.0
299,trivia,overconfidence,baseline,,,,2.0,0.5,0.0
299,trivia,overconfidence,baseline,,,,3.0,0.74,0.0
299,trivia,overconfidence,baseline,,,,4.0,0.68,1.0
299,trivia,overconfidence,baseline,,,,5.0,0.9,1.0
299,trivia,overconfidence,baseline,,,,6.0,0.89,1.0
299,trivia,overconfidence,baseline,,,,7.0,0.59,0.0
299,trivia,overconfidence,baseline,,,,8.0,0.7,1.0
299,trivia,overconfidence,baseline,,,,9.0,0.81,1.0
299,trivia,overconfidence,baseline,,,,10.0,0.98,1.0
299,trivia,overconfidence,baseline,,,,11.0,0.68,0.0
299,trivia,overconfidence,baseline,,,,12.0,0.5,1.0
299,trivia,overconfidence,baseline,,,,13.0,0.59,0.0
299,trivia,overconfidence,baseline,,,,14.0,0.5,0.0
299,trivia,overconfidence,baseline,,,,15.0,0.61,0.0
299,trivia,overconfidence,baseline,,,,16.0,0.82,0.0
299,trivia,overconfidence,baseline,,,,17.0,0.96,0.0
299,trivia,overconfidence,baseline,,,,18.0,0.84,1.0
299,trivia,overconfidence,baseline,,,,19.0,0.97,1.0
